text,label
"We proposed a new training data-independent framework, called Deep Contextual Features Learning (DeepCFL), to perform image synthesis and image restoration based on the semantics of the input image. The contextual features are simply the high dimensional vectors representing the semantics of the given image.",0
"We introduce a novel training data-independent framework designated Deep Contextual Features Learning (DeepCFL), conceived for the purpose of image synthesis and restoration grounded in the semantic content of the input image. The contextual features constitute high-dimensional vector representations that encode the semantic information present within the given image.",1
"DeepCFL is a single image GAN framework that learns the distribution of the context vectors from the input image. We show the performance of contextual learning in various challenging scenarios: outpainting, inpainting, and restoration of randomly removed pixels.",0
"DeepCFL operates as a single-image generative adversarial network framework that models the distributional characteristics of context vectors derived from a solitary input image. The efficacy of the contextual learning paradigm is demonstrated across a range of demanding tasks including image outpainting, inpainting of arbitrary masked regions, and the reconstruction of randomly ablated pixels.",1
"One of the major challenges for the deep feature learning methods is the limited contextual understanding in the absence of feature learning from training samples. Contextual learning is mostly studied for image inpainting and image transformation tasks, where many pairs of source and target images are used to learn the image context.",0
"A predominant limitation of deep feature learning methods in training-data-free settings is the constrained capacity for contextual comprehension. Contextual learning has been principally investigated in the context of image inpainting and transformation tasks, wherein large collections of paired source and target images facilitate the acquisition of image context representations.",1
The pixel-to-pixel loss framework and the internal patch distribution learning frameworks do not perform image reconstruction by considering the context of the objects. An image could be considered as a collection of high dimensional context vectors. These high dimensional vectors are the image statistics captured at the intermediate layers of the features extractor such as VGG19 network.,0
"Pixel-wise loss frameworks and internal patch distribution methods are fundamentally limited in their capacity to reconstruct images through contextual object understanding. Conceptualizing an image as an assemblage of high-dimensional context vectors—specifically, the feature statistics extracted at intermediate layers of a pretrained network such as VGG19—enables a richer form of semantic image reconstruction.",1
"CAL performs distribution matching in the adversarial framework to synthesize new context vectors for the corrupted image. CVL computes the direct difference between the context vectors extracted from the corrupted image and the restored image. Therefore, in CFL, CAL generates new context vectors and CVL improvises them.",0
"The contextual adversarial loss facilitates distribution matching within the adversarial framework, enabling the synthesis of novel context vectors for corrupted image regions. The context vector loss directly minimizes the discrepancy between context vectors extracted from the corrupted and restored images respectively. Within the combined contextual features loss, the adversarial component generates candidate context vectors while the direct comparison component refines their quality.",1
The generator maps the source image to the target image. It is a depth-5 encoder-decoder network without skip connections. The encoder-decoder architecture works as the implicit regularizer to stabilize the image feature learning. It exploits the inherent self-similarity present in the source image.,0
"The generator network performs the mapping from source to target image space using a five-level encoder-decoder architecture devoid of skip connections. This design choice is motivated by the implicit regularization properties of the encoder-decoder structure, which contributes to the stability of feature learning by exploiting the intrinsic self-similarity characteristics of natural images.",1
"DeepCFL outperforms the other methods for outpainting. Table 1 shows the quantitative comparison on the standard datasets. It could be observed that DeepCFL leads in terms of SSIM and PSNR metrics for image outpainting of 20% pixels across standard dataset, Set5, and Set14 datasets.",0
"Quantitative evaluation confirms the superiority of DeepCFL over competing methods on the image outpainting task. Across all three benchmark datasets—the standard dataset, Set5, and Set14—DeepCFL achieves leading performance on both SSIM and PSNR metrics for the task of restoring 20% missing peripheral pixels.",1
The contextual learning of DeepCFL minimizes the features spillover between different objects and fills the arbitrary holes considering the semantics of the image. The estimation of the parameters from a single image is highly sensitive to the hyper-parameters such as learning rate.,0
"DeepCFL's contextual learning mechanism mitigates cross-object feature bleed, enabling the filling of irregular image holes with semantically coherent content. A notable practical limitation is the heightened sensitivity of single-image parameter estimation to hyperparameter choices, particularly the learning rate, necessitating careful tuning for optimal results.",1
"Data science has become increasingly essential for the production of official statistics, as it enables the automated collection, processing, and analysis of large amounts of data. With such data science practices in place, it enables more timely, more insightful and more flexible reporting.",0
"Data science has emerged as an increasingly indispensable component of official statistics production, enabling the automated collection, processing, and analysis of large-scale data. The integration of data science methodologies facilitates more timely, more informative, and more adaptable statistical reporting compared to conventional approaches.",1
Changes in data sources are inevitable to occur and pose significant risks that are crucial to address in the context of machine learning for official statistics. The quality and integrity of data-science-driven statistics rely on the accuracy and reliability of the data sources and the machine learning techniques that support them.,0
Data source changes are an unavoidable occurrence that introduces substantial risks requiring careful consideration within the machine learning pipeline supporting official statistics production. The quality and integrity of data-science-driven statistical products are fundamentally contingent upon the accuracy and reliability of both the underlying data sources and the machine learning methodologies applied to them.,1
"As the popular saying goes: with great power comes great responsibility. Having control and power over your data is essential to fulfilling your responsibilities as a statistics agency. However, in the world of data, the opposite is often true: with great amounts of external data comes great powerlessness.",0
"While data abundance presents considerable analytical opportunities, it paradoxically diminishes the degree of control that statistical agencies can exercise over their data pipelines. Whereas traditional survey-based and administrative data sources are wholly under agency control, the exploitation of external data introduces a fundamental powerlessness that must be explicitly acknowledged and managed.",1
"Concept drift is related to changes in the data distribution between train and test time, which can have multiple causes. A particular pervasive issue is the calculation of derived data fields, especially when those calculations are not transparent or proprietary. You should always assume that derived data fields can be the result of a model prediction.",0
"Concept drift denotes the phenomenon of distributional divergence between training and inference data, arising from diverse sources of temporal change. A particularly insidious manifestation concerns derived data fields whose computational origin is opaque or proprietary—such fields may themselves be produced by upstream machine learning models, meaning that unannounced model updates silently alter the data distribution seen by dependent models.",1
"A change in data frequency refers to modifications made to the rate at which data is collected or updated, which can happen deliberately or randomly. Deliberate changes may arise due to shifts in business requirements or technological choices. Random shifts are most often attributed to noisy factors such as network issues, component failures, downtime, or human errors.",0
"Data collection frequency may be subject to both deliberate and inadvertent modification. Intentional frequency changes typically reflect evolving business requirements or technological transitions, whereas unplanned variations commonly result from infrastructure instability including network disruptions, hardware failures, system downtime, or human operational errors. Either form of frequency change can substantially alter the statistical properties of the data on which machine learning models were trained.",1
"Worse than interruptions is downright discontinuation of the data source, which has immediate consequences on the future existence of the statistic. Also, a change of ownership of the data source is not a fictional scenario, and it can trigger any of the risks that are discussed. Building redundancy by diversifying data sources is a useful mitigating strategy.",0
"Complete discontinuation of a data source represents a more severe outcome than mere interruption, immediately imperiling the future viability of statistics that depend upon it. Ownership transfers—for example, acquisition of a data provider by another organization—constitute a realistic risk scenario capable of triggering any of the aforementioned adverse effects. Diversification across multiple data sources provides a valuable hedge against single-source failure.",1
"Monitoring everything that is relevant is another crucial step in mitigating the impact of changing data sources. It involves tracking various aspects of the data sources, the machine learning models, and their outputs to detect and respond to changes promptly. Supervised models can be tested against a reference test set; if the accuracy, precision or recall starts to deviate significantly, it should be flagged.",0
"Comprehensive monitoring of data sources, model behaviour, and statistical outputs constitutes an essential safeguard against the deleterious effects of data source changes. By continuously tracking performance metrics against reference benchmarks, practitioners can promptly detect distributional shifts and model degradation. For supervised models specifically, statistically significant deviations in accuracy, precision, or recall from reference values should trigger investigation.",1
"We propose an approach to Multitask Learning to make deep learning models faster and lighter for applications in which multiple tasks need to be solved simultaneously, which is particularly useful in embedded, real-time systems. Our multitask network is 1.6x faster, lighter and uses less memory than deploying the single-task models in parallel.",0
We present a Multitask Learning approach that simultaneously reduces inference latency and model size for applications requiring concurrent resolution of multiple tasks—a setting of particular relevance to resource-constrained embedded systems with real-time processing requirements. The proposed multitask network achieves a 1.6-fold speedup over parallel single-task deployment while correspondingly reducing memory consumption and model storage requirements.,1
"Multitask Learning learns to solve tasks in parallel using a shared representation of a common input, improving the generalization capabilities of the models. Multitask networks share a base trunk and a number of task-specific branches emerging from it. Only the task-specific layers are computed separately.",0
"Multitask Learning exploits a shared input representation to simultaneously optimize for multiple tasks, yielding improved generalization through the inductive transfer of complementary task-specific signals. The architectural paradigm consists of a shared backbone network from which multiple task-specific branches diverge, with computational overhead incurred only for the branch-specific components.",1
"The compromises made due to the particularities of MTL and especially the lack of a strong data augmentation caused the final accuracy of our multitask model to lag behind that of the single-task ones trained without these limitations, although they improved in terms of speed and usage of resources, being 1.6x faster, lighter and consuming less memory.",0
"The accuracy gap between the multitask model and unrestricted single-task baselines is primarily attributable to the inherent training constraints of the multitask setting and the limited data augmentation regime. Despite this accuracy trade-off, the multitask model realizes substantial computational benefits, operating at 1.6 times the throughput of naively combined single-task models while simultaneously reducing memory footprint and parameter storage requirements.",1
"For acute ischemic stroke patients with large vessel occlusions, clinicians must decide if the benefit of mechanical thrombectomy outweighs the risks and potential complications following an invasive procedure. Pre-treatment computed tomography and angiography are widely used to characterize occlusions in the brain vasculature.",0
Clinicians treating acute ischemic stroke patients presenting with large vessel occlusions must weigh the prospective therapeutic benefit of mechanical thrombectomy against the procedural risks associated with this invasive intervention. Computed tomography and CT angiography obtained prior to treatment serve as the primary imaging modalities for characterizing the nature and extent of cerebrovascular occlusions.,1
A modified treatment in cerebral ischemia score will be used to grade how well blood flow is reestablished throughout and following the mechanical thrombectomy procedure. An estimation of the likelihood of successful recanalization can support treatment decision-making.,0
"The modified treatment in cerebral ischemia score provides a standardized grading system for quantifying the degree of blood flow restoration achieved by the thrombectomy procedure. Reliable pre-procedural estimation of recanalization likelihood would constitute a valuable clinical decision-support instrument, enabling more informed treatment planning.",1
We designed a spatial cross attention network that utilizes vision transformers to localize to pertinent slices and brain regions. Our top model achieved an average cross-validated ROC-AUC of 77.33 percent. This is a promising result that supports future applications of deep learning on CT and CTA for the identification of eligible acute ischemic stroke patients.,0
"The proposed spatial cross attention network employs vision transformer modules to achieve automatic localization of diagnostically relevant image slices and cerebrovascular regions. The top-performing model configuration attained a cross-validated ROC-AUC of 77.33 percent, representing a promising result that validates the potential of transformer-based deep learning for automated patient selection for thrombectomy.",1
"A spatial attention transformer utilized multi-head attention on each slice to focus on salient regions. Within each neighborhood branch, a cross attention transformer identified important slices. Finally, the branch outputs were subjected to a weighted softmax layer to ultimately generate binary predictions.",0
"Multi-head self-attention within the spatial attention transformer module directs the model's focus toward diagnostically informative regions within each individual imaging slice. Complementing this, the cross attention transformer operating within each neighborhood branch facilitates identification of the most informative slices along the axial dimension. A weighted softmax aggregation layer synthesizes the branch-level representations into a final binary prediction.",1
"The ability to explain decisions made by machine learning models remains one of the most significant hurdles towards widespread adoption of AI in highly sensitive areas such as medicine, cybersecurity or autonomous driving. Great interest exists in understanding which features of the input data prompt model decision making.",0
"The interpretability of machine learning model decisions constitutes one of the most formidable barriers to the pervasive deployment of artificial intelligence in high-stakes domains, including medical diagnosis, cybersecurity, and autonomous vehicular navigation. Substantial research interest is directed toward identifying which input data characteristics drive model predictions.",1
"By identifying conserved weights within groups of minima of the loss landscapes, we can identify the drivers of model decision making. Analogues to this idea exist in the molecular sciences, where coordinate invariants or order parameters are employed to identify critical features of a molecule.",0
"The identification of conserved weights shared across groups of loss landscape minima provides a mechanism for attributing model decisions to specific input features. This methodology draws conceptual inspiration from the molecular sciences, where coordinate invariants and order parameters serve the analogous function of identifying the critical structural characteristics that define distinct molecular configurations.",1
"A disconnectivity graph is a low-dimensional representation of a complex function landscape, which reduces the function to key characteristic stationary points, namely minima and transition states. The vertical axis of a disconnectivity graph represents the energy or loss value, and ordering along the horizontal axis is arbitrary.",0
"A disconnectivity graph provides a compact, low-dimensional representation of a high-dimensional loss landscape by retaining only the topologically significant stationary points—specifically the local minima and index-1 saddle points (transition states). The vertical axis encodes the energy or loss value, while the horizontal organization of branches is topologically defined rather than geometrically meaningful.",1
"Randomly permuting the conserved weights strongly decreases model performance, much more so than permuting any other random set of weights of equivalent cardinality. This result indicates that the conserved weights identified through energy landscape analysis are indeed critical to model performance.",0
Stochastic permutation of the identified conserved weights produces a markedly more severe degradation in model performance compared to the equivalent perturbation of a randomly selected weight subset of identical cardinality. This differential sensitivity empirically confirms that the conserved weights isolated through energy landscape methodology are genuinely critical determinants of predictive performance.,1
"Due to smaller zero-evidence region, more expressive gradients, and no issue of learning in high incorrect evidence region, the exponential-based evidential models are expected to be more effective compared to ReLU and SoftPlus based evidential models.",0
"The superiority of exponential-activation evidential models over their ReLU and SoftPlus counterparts is attributable to three complementary advantages: a substantially reduced zero-evidence region, more expressive gradient signals across the evidence space, and the absence of learning pathologies in the high incorrect-evidence regime—limitations that both ReLU and SoftPlus exhibit.",1
"Performing a risk analysis before incorporating a new data source is an essential step in mitigating the impact of changes in data sources. The analysis should be comprehensive, considering both technical and non-technical aspects of the data source, and should ideally include potential solutions for the identified risks.",0
"Conducting a thorough risk assessment prior to integrating any new external data source is an indispensable precautionary step. The assessment must be holistic in scope, addressing both technical vulnerabilities and non-technical considerations such as ownership, ethics, and regulatory compliance, and should ideally enumerate potential mitigation strategies for each identified risk.",1
"Building technical robustness is paramount and requires significant engineering efforts. Building an automated, data-driven statistic that is resistant to changing data sources such as errors, outliers, outages, time-dependent variability ensures consistency in the statistical offering.",0
"The construction of technically robust statistical pipelines demands substantial and sustained engineering investment. An automated statistical product designed to withstand data source perturbations—including erroneous records, statistical outliers, service interruptions, and temporal distributional variability—provides a foundation for consistent and reliable official statistics production.",1
"Agreeing on clear legal guidelines is the best mitigation strategy to counter the risk of changing data sources, for example by closing formal data sharing agreements or SLAs with data providers. Such agreements should specify the terms and conditions under which the data can be shared, as well as the legal responsibilities of each party.",0
"Establishing unambiguous legal frameworks constitutes the most robust strategy for managing data source risk. Formal data sharing agreements and service level agreements with data providers should precisely delineate the conditions governing data access and sharing, articulate the legal obligations of all parties, and specify the consequences of non-compliance including remediation procedures.",1
"The use of machine learning for official statistics has the potential to provide more timely, accurate and comprehensive insights into a wide range of societal topics. By leveraging the vast amounts of data that are generated by individuals and entities on a daily basis, statistical agencies can gain a more nuanced understanding of trends and patterns.",0
"The application of machine learning to official statistics production holds considerable promise for delivering more current, precise, and comprehensive societal insights. By harnessing the enormous volumes of data continuously generated by individuals and organizations, statistical agencies can attain a more granular and nuanced characterization of evolving trends and distributional patterns than is achievable through traditional survey methods.",1
"Supervised learning is one of the most common types of machine learning used for official statistics. This method involves training a model on a labeled dataset, where each data point has a known outcome or target variable. The model learns to associate features in the data with the target variable, enabling it to make predictions on new data.",0
"Supervised learning constitutes the predominant machine learning paradigm applied in official statistics contexts. In this framework, a model is trained on labeled data in which each observation is associated with a known target outcome, enabling the model to learn the predictive relationship between input features and the target variable for subsequent application to unlabeled observations.",1
"Changing data sources can also introduce bias or incorrect data, which can impact the neutrality of the statistics produced. Since it is essential that official statistics remain neutral and objective, this will negatively impact the accuracy and validity of these statistics.",0
"Data source changes carry the risk of introducing systematic biases or erroneous data values into the statistical production pipeline, potentially compromising the neutrality that is a fundamental requirement of official statistics. Any such compromise of objectivity necessarily degrades both the accuracy and the inferential validity of the resulting statistical outputs.",1
"Our proposed model outperforms prior fully and semi-automated machine and deep learning models for predicting thrombectomy recanalization. The primary limitation of our study is the small sample size, which precludes more robust validation.",0
"The proposed deep learning architecture demonstrates superior predictive performance relative to all previously reported fully automated and semi-automated approaches for thrombectomy recanalization prediction. The principal constraint on the strength of these conclusions is the limited cohort size, which restricts the statistical power of the cross-validation framework and necessitates future validation on larger, multi-institutional datasets.",1
"In neural networks, the most popular approach to interpretability is to study the outgoing weights and gradients from an individual input node. Larger weights are reasonably assumed to indicate a greater significance of the particular input, and an entire class of interpretability metrics, namely gradient-based methods, are founded on this idea.",0
"The dominant paradigm for neural network interpretability involves examining the magnitude of weights and gradients associated with individual input features. The intuition that larger weight magnitudes correspond to greater feature relevance underpins an entire family of gradient-based attribution methods, which quantify feature importance through various formulations of the input-output derivative.",1
"Well-established methods from computational chemical physics can be employed to enhance our understanding of machine learning systems. We have shown that groups of minima share conserved weights and importantly, that these weights are critical to model performance.",0
"Methodologies originally developed within computational chemical physics offer valuable tools for illuminating the internal behavior of machine learning systems. The central finding of this work is that clusters of loss landscape minima exhibit conserved weight configurations, and that these conserved weights are disproportionately critical to model performance compared to randomly selected weight subsets.",1
"Stroke is the fifth leading cause of death and the leading cause of long-term disability; of the 795,000 new and recurrent strokes each year, acute ischemic stroke accounts for 87% of cases. Mechanical thrombectomy is the leading treatment for patients with clots in large blood vessels.",0
"Stroke ranks as the fifth leading cause of mortality and the primary driver of long-term disability in the United States, with acute ischemic stroke accounting for the substantial majority of the approximately 795,000 new and recurrent stroke events recorded annually. For patients with occlusions in large cerebral blood vessels, mechanical thrombectomy has established itself as the foremost therapeutic intervention.",1
"The goal of the loss function is to maximize the feature learning from source image by comparing it with the generated image. CFL provides new image features to the generated image, which are consistent with the object context of the corrupted image. RL maximizes the likelihood of randomly initialized network weights.",0
"The loss function is designed to maximize information transfer from the source image by comparing its features against those of the generated output. The contextual features loss component synthesizes semantically coherent new features for the generated image by leveraging the object context present in the source, while the reconstruction loss component encourages preservation of image statistics through a pixel-level consistency constraint.",1
"The discrimination between single image GAN frameworks lies in the different approaches to internal feature learning. DeepCFL uses the adversarial framework on VGG features space for image outpainting, in contrast to DCIL which uses the adversarial framework on the image space for denoising-super resolution.",0
"Single-image GAN frameworks are differentiated by the representational domain in which their adversarial learning operates. DeepCFL performs distribution matching within the high-dimensional VGG feature space, enabling semantic understanding for outpainting tasks, whereas DCIL conducts adversarial training directly in the pixel image space, which is suited to the denoising and super-resolution tasks that framework targets.",1
"Diversifying data sources is another important measure, but is easier said than done. One challenge of using multiple data sources is the potential for conflicts or inconsistencies between the sources. Different data sources may have different formats, schemas, and levels of quality, which can create discrepancies and inconsistencies that must be resolved.",0
"Although data source diversification represents a valuable risk mitigation strategy, its practical implementation is considerably more complex than it may initially appear. The integration of heterogeneous data sources introduces challenges stemming from format incompatibilities, schema mismatches, and differential quality levels, all of which must be systematically resolved before the data can be meaningfully combined for model training or inference.",1
"Evidential deep learning, built upon belief theory and subjective logic, offers a principled and computationally efficient way to turn a deterministic neural network uncertainty-aware. The resultant evidential models can quantify fine-grained uncertainty using the learned evidence.",0
"Grounded in the foundational principles of belief theory and subjective logic, evidential deep learning furnishes a rigorous and computationally economical methodology for endowing deterministic neural architectures with uncertainty-aware capabilities. The resulting evidential models possess the capacity to quantify uncertainty in a fine-grained manner through the utilization of learned evidential representations.",1
"Deep Learning models have found great success in many real-world applications such as speech recognition, machine translation, and computer vision. However, these highly expressive models may easily fit the noise in the training data, which leads to overconfident predictions.",0
"Deep learning architectures have demonstrated remarkable efficacy across a wide spectrum of real-world domains, encompassing speech recognition, machine translation, and computer vision. Nevertheless, owing to their substantial expressive capacity, such models are susceptible to overfitting noise present in training data, consequently yielding predictions characterized by excessive and unwarranted confidence.",1
"The challenge is further compounded when learning from limited labeled data, which is common for applications from specialized domains such as medicine, public safety, and military operations where data collection and annotation is highly costly. Accurate uncertainty quantification is essential for successful application of DL models in these domains.",0
"The difficulty of reliable learning is substantially amplified in data-scarce regimes, a condition routinely encountered in specialized application domains including medicine, public safety, and defense, where acquiring and annotating data entails prohibitive costs. In such high-stakes settings, accurate quantification of predictive uncertainty becomes an indispensable prerequisite for responsible deployment of deep learning systems.",1
"The recently developed evidential models bring together evidential theory and deep neural architectures that turn a deterministic neural network uncertainty-aware. By leveraging the learned evidence, evidential models are capable of quantifying fine-grained uncertainty that helps to identify the sources of unknowns. Furthermore, since only lightweight modifications are introduced to existing DL architectures, additional computational costs remain minimum.",0
"Contemporary evidential models achieve a synthesis of evidential theory and deep neural network architectures, endowing otherwise deterministic systems with the capacity for uncertainty-aware inference. Through exploitation of learned evidence representations, these models enable nuanced discrimination between distinct sources of uncertainty and identification of what remains unknown. Importantly, the requisite architectural modifications are minimal, ensuring that computational overhead remains negligible.",1
"Evidential classification models formulate training as an evidence acquisition process and consider a higher-order Dirichlet prior over the predictive Multinomial distribution. Different from a standard Bayesian formulation which optimizes Type II Maximum Likelihood to learn the Dirichlet hyperparameter, evidential models directly predict the Dirichlet parameters using data features.",0
"The training paradigm of evidential classification models is conceptualized as a process of evidence accumulation, wherein a higher-order Dirichlet prior is imposed over the predictive multinomial distribution. In marked contradistinction to conventional Bayesian formulations—which optimize Type II Maximum Likelihood for Dirichlet hyperparameter estimation—evidential models directly regress the Dirichlet parameters as a function of the input data features.",1
"In evidential models, the softmax layer of the standard neural networks is replaced by a non-negative activation function, such that for input x, the neural network model can output evidence for different classes. Dirichlet prior is evaluated as alpha equals evidence plus one to ensure alpha is greater than or equal to one.",0
"Evidential models substitute the conventional softmax output layer with a non-negative activation function, enabling the network to output evidence quantities for each class. The Dirichlet concentration parameters are subsequently derived by incrementing the raw evidence values by unity, thereby guaranteeing that all Dirichlet parameters satisfy the required positivity constraint.",1
"Evidential models assign input sample to that class for which the output evidence is greatest. Moreover, they quantify the confidence in the prediction through vacuity, which is a measure of lack of confidence in the prediction. With evidential training, accurate evidential deep learning models are expected to output high evidence for the correct class, low evidence for all other classes, and output very high vacuity for unseen or out-of-distribution samples.",0
"Classification in evidential models is performed by assigning each input to the category associated with the maximal predicted evidence. Predictive confidence is characterized through the notion of vacuity—a scalar quantity inversely related to the overall evidence mass—which captures the degree of epistemic uncertainty. Well-trained evidential models are expected to exhibit concentrated evidence on the ground truth class, suppressed evidence elsewhere, and maximally elevated vacuity when confronted with out-of-distribution or previously unseen inputs.",1
"A Zero-evidence sample is a data sample for which the model outputs zero evidence for all classes. A region in the evidence space that contains zero-evidence samples is a zero-evidence region. For a reasonable evidential model, novel data samples not yet seen during training, difficult data samples, and out-of-distribution samples should become zero-evidence samples.",0
"A zero-evidence sample is formally defined as any data instance for which the model's output evidence is null across all class labels. The collection of such samples within the evidence space constitutes the zero-evidence region. Under a well-designed evidential model, this region should encompass novel unseen instances, particularly challenging samples, and out-of-distribution inputs, for which maximal uncertainty is the appropriate response.",1
"Given a training sample x and y, if an evidential neural network outputs zero evidence, then the gradients of the evidential loss evaluated on this training sample over the network parameters reduce to zero. For zero-evidence training samples, for any node k, the gradient of the loss with respect to the output is zero. Since the gradient of the loss with respect to all the nodes is zero, there is no update to the model from such samples.",0
"The gradient of the evidential loss with respect to all network parameters reduces identically to zero whenever a training sample elicits zero evidence from the network. This gradient collapse occurs uniformly across all output nodes, meaning that zero-evidence training samples contribute absolutely no update signal to the model parameters, effectively rendering such samples invisible to the learning procedure.",1
"For a zero-evidence sample with ReLU activation, the logits satisfy the relationship that all logits are less than or equal to zero, which implies the gradient of evidence with respect to logits is zero, and consequently the loss gradient is zero. For SoftPlus activation, the logits approach negative infinity for zero-evidence samples, making the sigmoid term approach zero. For exponential activation, alpha approaches one making the gradient term approach zero.",0
"Under ReLU activation, zero-evidence conditions correspond to all pre-activation logits being non-positive, directly causing the activation derivative to vanish and eliminating the loss gradient. With SoftPlus activation, zero evidence implies that logits diverge towards negative infinity, driving the sigmoid derivative arbitrarily close to zero. In the case of exponential activation, zero evidence corresponds to Dirichlet parameters approaching unity, which similarly causes the gradient term to vanish asymptotically.",1
"Incorrect evidence regularization can not help evidential models learn from zero-evidence samples. The regularization updates the model parameters such that the model is likely to map input samples closer to zero-evidence region in the evidence space. Thus, the regularization does not address the failure of evidential models to learn from zero evidence samples.",0
"Existing incorrect evidence regularization schemes are fundamentally incapable of resolving the zero-evidence learning deficiency. Rather than alleviating the problem, such regularization terms actively incentivize the model to map training samples toward the zero-evidence region by penalizing incorrect evidence. Consequently, they exacerbate rather than mitigate the underlying failure mode and provide no mechanism for the model to extract knowledge from zero-evidence instances.",1
We propose a novel vacuity-guided correct evidence regularization term. The regularization term determines the relative importance of the correct evidence regularization compared to the evidential loss and incorrect evidence regularization and is treated as constant during model parameter update.,0
"We introduce a novel vacuity-guided regularization mechanism that specifically targets the correct evidence for the ground truth class. The weighting coefficient of this regularization term governs its proportional influence relative to the primary evidential loss and the incorrect evidence penalty, and is treated as a fixed constant throughout the parameter optimization step.",1
"The gradient value equals the magnitude of the vacuity. The vacuity is bounded in the range zero to one, and for a zero-evidence sample, the vacuity is maximum, leading to the greatest gradient value of negative one. The regularization encourages the model to update the parameters such that the correct evidence increases. As the model evidence increases, the vacuity decreases, and the contribution of the regularization is minimized.",0
"The regularization gradient magnitude is directly proportional to the vacuity, a quantity bounded between zero and unity. At zero-evidence conditions, the vacuity achieves its maximum value, producing the strongest possible regularization signal. This arrangement induces the model to increase the evidence allocated to the ground truth class, with the regularization contribution automatically attenuating as evidence accumulates and vacuity correspondingly diminishes.",1
"The overall loss for the Regularized Evidential model combines the evidential loss, the incorrect evidence regularization, and the proposed correct evidence regularization. The evidential model is trained to maximize the correct evidence, minimize the incorrect evidence, and avoid the zero-evidence region during training.",0
"The training objective of the Regularized Evidential Deep model integrates three complementary components: the core evidential loss, the incorrect evidence penalty, and the proposed correct evidence regularization. This composite objective simultaneously encourages the maximization of evidence assigned to the ground truth class, the suppression of evidence for incorrect classes, and the active avoidance of the zero-evidence region throughout the learning process.",1
"We consider the standard supervised classification problem with MNIST, Cifar10, and Cifar100 datasets, and few-shot classification with mini-ImageNet dataset. We employ the LeNet model for MNIST, ResNet18 model for Cifar10 and Cifar100, and ResNet12 model for mini-ImageNet.",0
"The empirical evaluation encompasses standard supervised classification benchmarks including MNIST, CIFAR-10, and CIFAR-100, in addition to few-shot classification experiments on the mini-ImageNet dataset. The architectural instantiations employed are LeNet for MNIST, ResNet-18 for the CIFAR datasets, and ResNet-12 for the few-shot classification setting.",1
"In the first few iterations, the model learns from the training dataset, and the model's accuracy increases to 50%. Afterward, the evidential model fails to learn as it maps two of the training data samples to the zero-evidence region. Even in such a trivial setting, the evidential model fails to fit the 4 training data points, empirically verifying the learning deficiency described in Theorem 1.",0
"During the initial optimization iterations, the evidential model successfully acquires information from the training data, attaining a classification accuracy of 50%. However, subsequent progress stagnates as the model maps two training instances to the zero-evidence region, from which no further gradient information can be extracted. This learning failure persists even in the elementary four-sample experimental configuration, providing empirical corroboration of the theoretically established learning deficiency.",1
"We visualize the zero-evidence data samples for the toy dataset setting. The evidential model continues to output zero evidence for two of the training examples and fails to learn from them. Such learning deficiency of evidential models limits their extension to challenging settings. In contrast, the standard model easily overfits the 4 training examples and achieves 100% accuracy.",0
"Visualization of the zero-evidence phenomenon within the toy dataset reveals that two training samples persistently receive zero total evidence throughout the training process. The standard softmax-trained model, facing no analogous constraint, readily overfits the minimal training set to attain perfect accuracy. This stark contrast underscores how the learning deficiency of evidential models fundamentally restricts their scalability to more demanding classification settings.",1
"The generalization performance of evidential models is highly sensitive to the regularization strength. When strong regularization is used, the model focuses strongly on minimizing the incorrect evidence. Such regularization causes the model to push many training samples into or close to the zero-evidence regions, which hurts the model's learning capabilities.",0
"Evidential model generalization is highly susceptible to the magnitude of the incorrect evidence regularization coefficient. Excessively strong regularization compels the model to concentrate almost exclusively on suppressing incorrect evidence, inadvertently driving training samples into proximity with the zero-evidence region. This unintended consequence severely compromises the model's learning capacity by removing large portions of the training set from the effective learning distribution.",1
"Exp activation to transform network outputs into evidence leads to superior performance compared to ReLU and Softplus based transformations. Furthermore, our proposed model with correct evidence regularization further improves over the exp-based evidential models as it enables the evidential model to continue learning from zero-evidence samples.",0
Exponential activation consistently yields superior classification performance compared to both ReLU and SoftPlus activation functions for evidence transformation. The RED model's additional correct-evidence regularization achieves further gains beyond the exponential activation baseline by specifically enabling the model to extract knowledge from zero-evidence training instances that would otherwise be entirely disregarded.,1
"The proposed RED model has the lowest number of samples in very low evidence regions. Only 0.06% of total training dataset compared to 58.96% of SoftPlus based, and 100% of ReLU based evidential models have very low evidence. This further confirms the effectiveness of the proposed approach.",0
"The RED model demonstrates dramatically reduced incidence of low-evidence training samples compared to baseline approaches: a mere 0.06 percent of training instances exhibit near-zero evidence, contrasted with approximately 59 percent for SoftPlus-based models and the entirety of training samples for ReLU-based variants. This quantitative analysis compellingly validates the proposed regularization's capacity to maintain informative evidence representations throughout the training dataset.",1
The evidential model shows reasonable uncertainty behavior: the model's test set accuracy increases as the vacuity threshold is decreased. The proposed model leads to highest accuracy of 99.35% compared to all the models on the top 20% most confident predictions over the test set.,0
"The uncertainty calibration of the evidential model is manifested through the systematic increase in test set accuracy as the vacuity threshold is progressively lowered—that is, as consideration is restricted to increasingly confident predictions. Among all evaluated approaches, the proposed RED model achieves the highest accuracy of 99.35% when evaluated on the top quintile of most confident test predictions.",1
"We present the AUROC score for Cifar100 trained models with SVHN dataset test set as the out-of-distribution samples. The exp-based model outperforms all other activation functions, and the proposed model RED can learn from all the training samples that leads to the best performance with AUROC of 0.8833.",0
"AUROC evaluation of out-of-distribution detection capability, using SVHN as the OOD benchmark against CIFAR-100-trained models, reveals that the exponential-activation-based model outperforms all alternative activation function variants. The proposed RED model achieves the highest AUROC of 0.8833, attributable to its comprehensive learning across the full training dataset including previously inaccessible zero-evidence samples.",1
"The generalization performance of evidential model is consistently sub-optimal when trained with evidential MSE loss compared to the two other evidential losses. This is mainly due to the bounded nature of the evidential MSE loss: for all training samples, evidential MSE loss is bounded in the range of zero to two.",0
"Evidential models trained with the MSE-based evidential loss consistently exhibit inferior generalization performance relative to those trained with the cross-entropy or log-likelihood evidential losses. This systematic underperformance is primarily attributable to the bounded character of the MSE loss, which is constrained within the interval zero to two regardless of prediction quality, thereby limiting the magnitude of gradient updates available for model improvement.",1
"In the few-shot classification experiments, the ReLU and SoftPlus based evidential models have suboptimal performance as they avoid many training samples of the zero-evidence region. In contrast, the exp model has a better learning capacity that leads to superior performance. Finally, the proposed model RED can learn from all training samples, which leads to the best generalization performance among all the evidential models.",0
"Few-shot classification experiments reveal that ReLU and SoftPlus evidential models exhibit degraded performance due to their systematic avoidance of zero-evidence training samples. The exponential-activation model demonstrates meaningfully improved learning efficacy as a consequence of its smaller zero-evidence region. Among all evidential variants, the RED model achieves the highest generalization accuracy by virtue of its capacity to learn from all training samples, including those in zero-evidence regions.",1
"ReLU variations such as Exponential Linear Unit, Parametric ReLU, and Leaky ReLU have been developed to address the dead neuron issue. But, these activation functions will not be theoretically sound in the evidential framework as they can lead to negative evidences. In this case, they cannot serve as Dirichlet parameters that are interpreted as pseudo counts.",0
"Although ReLU variants including Exponential Linear Unit, Parametric ReLU, and Leaky ReLU have been developed to mitigate the dead neuron problem in standard neural networks, these alternatives are theoretically incompatible with the evidential framework. Their capacity to produce negative-valued outputs violates the non-negativity requirement of evidential models, disqualifying them as Dirichlet parameters whose interpretation as pseudo-counts requires strictly positive values.",1
"Adversarial robustness and calibration of evidential models have also been well studied. Usually, these models are trained with evidential losses in conjunction with heuristic evidence regularization to guide the uncertainty behavior in addition to reasonable generalization performance.",0
The adversarial robustness properties and calibration behavior of evidential models have received considerable scholarly attention. Standard training protocols combine evidential loss functions with heuristically designed evidence regularization terms that simultaneously guide uncertainty quantification behavior and maintain acceptable generalization performance.,1
"Some evidential models assume access to out-of-distribution data during training and use the OOD data to guide the uncertainty behavior. In this work, we focus on evidential classification models and consider settings where no OOD data is used during model training to make the proposed approach more broadly applicable.",0
"Certain evidential models exploit access to out-of-distribution data during training, using such auxiliary data to shape the model's uncertainty behavior toward OOD inputs. The present work deliberately excludes OOD data from the training procedure, yielding a more broadly applicable approach that functions effectively in the common practical scenario where such data is unavailable.",1
Our theoretical results show that existing evidential models learn suboptimally compared to corresponding softmax counterparts. Such sub-optimal training is mainly attributed to the inherent learning deficiency of evidential models that prevents them from learning across all training samples.,0
"Theoretical analysis reveals that existing evidential models suffer from systematic learning suboptimality relative to their softmax-based counterparts. This performance gap is rooted in a fundamental learning deficiency intrinsic to evidential models, which prevents them from assimilating information from the full training corpus.",1
"The exp activation shows superior performance, as it has smallest zero-evidence region, and does not suffer from many learning issues present in other activation functions. Specifically, for ReLU-based evidential models, if the logit value for class k is negative, then the corresponding evidence for class k is zero and there is no update to the model through that node.",0
"Exponential activation consistently demonstrates superior performance relative to alternative activation functions, attributable to its minimally sized zero-evidence region and its immunity to several learning pathologies that afflict competing approaches. In particular, ReLU-based models suffer a hard information loss for any negative logit value, immediately setting the corresponding class evidence to zero and completely eliminating the gradient contribution from that output node.",1
"For the standard model trained with cross-entropy loss, the gradient signal is bounded in the range minus one to one. The model is updated using gradient descent based optimization objectives. Only when the softmax output equals the ground truth label does the gradient become zero and the model is not updated.",0
"The cross-entropy loss gradient with respect to pre-softmax activations is bounded within the interval negative one to positive one for standard classification models. Gradient-based parameter updates persist for all training samples except those where the softmax output exactly matches the one-hot ground truth vector, at which point the gradient vanishes and the model reaches a local optimum for that sample.",1
"The sensitivity of evidential models to architecture changes is demonstrated through a toy illustrative experiment. With a minor modification to the architecture such as removing dropout, the evidential model completely fails to achieve the same performance. This behavior further confirms that evidential models are not robust to minor architectural perturbations.",0
"The vulnerability of evidential models to minor architectural variations is strikingly demonstrated through targeted toy experiments. The simple removal of dropout from an otherwise identical architecture suffices to cause catastrophic performance degradation in the evidential model, a sensitivity that reveals the fundamental brittleness of such models and their poor architectural robustness.",1
"The zero-evidence trend during model training shows that after a few iterations of training, two samples have zero total evidence. The model never learns from them, and the model only achieves overall 50% training accuracy even after 100 iterations.",0
"Monitoring the total evidence per training sample across optimization iterations reveals that two samples quickly converge to near-zero evidence and remain there throughout training. The model extracts no gradient signal from these samples for the remainder of training, resulting in a persistent 50 percent training accuracy plateau irrespective of the number of additional training iterations performed.",1
"Type II Maximum Likelihood loss and cross-entropy based evidential loss show comparable empirical results and are both superior to the evidential MSE loss. The theoretical analysis reveals that MSE loss is bounded in range zero to two, restricting the model's learning capacity significantly.",0
"Empirical comparison of the Type II Maximum Likelihood loss and the cross-entropy based evidential loss reveals broadly comparable performance, with both substantially outperforming the evidential MSE loss. The theoretical basis for the MSE loss's inferiority lies in its bounded range of zero to two, which constrains the magnitude of gradient updates and limits the model's capacity for learning.",1
"Deep ensemble techniques have been developed for uncertainty quantification. An ensemble of neural networks is constructed and the agreement and disagreement across the ensemble components is used to quantify different uncertainties. Ensemble-based methods significantly increase the number of model parameters, which are computationally expensive at both training and test times.",0
"Deep ensemble approaches construct a collection of independently trained neural networks and leverage the degree of consensus or divergence among their predictions as a proxy for predictive uncertainty. This strategy is computationally demanding, as the simultaneous maintenance of multiple full-capacity models substantially increases memory requirements and inference latency at both training and deployment stages.",1
"Bayesian neural networks have been developed that consider a Bayesian formalism to quantify different uncertainties. For instance, some use Bayes-by-backprop to learn a distribution over neural network parameters, whereas others enable dropout during inference phase to obtain predictive uncertainty. Bayesian methods resort to some form of approximation to address the intractability issue in marginalization of latent variables.",0
"Bayesian neural network approaches situate uncertainty quantification within the formal Bayesian probabilistic framework. Representative methods include variational weight posterior learning via Bayes-by-backprop and Monte Carlo dropout, which approximates a Bayesian posterior by retaining stochastic dropout during inference. All Bayesian approaches necessarily employ approximation strategies to tractably handle the otherwise intractable marginalization over the high-dimensional latent weight space.",1
"In this paper, we theoretically investigate evidential models and identify a fundamental limitation that explains the inferior performance: existing evidential activation functions create zero evidence regions, which prevent the model to learn from training samples falling into such regions.",0
"The present paper conducts a rigorous theoretical investigation into evidential model behavior, identifying a fundamental limitation that systematically explains the observed performance deficits. Specifically, all existing evidential activation functions create zero-evidence regions within the evidence space, and samples that are mapped into these regions contribute no gradient information, precluding the model from learning from them.",1
"The proposed evidential model, similar to existing evidential classification models, requires hyperparameter tuning for the incorrect evidence regularization hyperparameter. In addition, extending evidential models to noisy and incomplete data settings and investigating the benefits of leveraging uncertainty information could be interesting future work.",0
"Like prior evidential classification models, the proposed RED model retains a dependency on hyperparameter selection for the incorrect evidence regularization coefficient. Promising avenues for future investigation include extending evidential frameworks to handle noisy and incomplete data regimes and systematically exploring how uncertainty estimates can be leveraged to improve downstream decision-making in practical applications.",1
"Learning curves are a concept from social sciences that has been adopted in the context of machine learning to assess the performance of a learning algorithm with respect to a certain resource, e.g., the number of training examples or the number of training iterations.",0
"Initially conceived within the social sciences domain, learning curves have been assimilated into machine learning as an evaluative instrument for gauging algorithmic performance relative to a designated resource allocation, whether that resource constitutes the volume of training samples or the cumulative count of iterative training cycles.",1
"Learning curves have important applications in several machine learning contexts, most notably in data acquisition, early stopping of model training, and model selection.",0
"The practical utility of learning curves manifests prominently across several key machine learning scenarios, with their most consequential applications residing in the domains of data procurement, premature termination of model training, and the principled selection among competing model candidates.",1
Data Acquisition determines how many data points should reasonably be acquired to obtain a desired performance. The top right plot visualises a scenario where we have already observed performance up to a certain amount of data.,0
"Quantitative data acquisition is fundamentally concerned with ascertaining the optimal number of observational instances that ought to be procured to attain a stipulated performance threshold. This scenario is typified by a setting wherein partial performance information has already been observed up to a given data volume, from which extrapolative inferences are subsequently drawn.",1
"Early Stopping of training a model. If we are committed to some specific learner, we might want to minimise the training time or avoid over-fitting.",0
"When operating under a commitment to a particular learning algorithm and its hyperparametrization, the practitioner is frequently motivated to curtail the training procedure prematurely, either to economize on computational expenditure or to circumvent the deleterious phenomenon of overfitting to the training corpus.",1
"Early Discarding in model selection. If we want to select from various models, we want to stop the evaluation of a candidate when we are reasonably certain that it is not competitive to the best-known solution.",0
"In the context of model selection involving a plurality of candidate algorithms, early discarding denotes the practice of abandoning the evaluation of a prospective learner at the moment sufficient statistical confidence is attained that it cannot outperform the incumbent best-performing configuration identified thus far.",1
"Various learning curve models have been proposed to use learning curves for decision making. Some of these models answer the binary decision question of whether a given algorithm at a certain budget will outperform a certain reference performance, whereas more complex models predict the entire learning curve of an algorithm.",0
"A diverse taxonomy of learning curve models has been proposed in the literature, spanning a broad complexity continuum. At the simpler end, certain models restrict themselves to resolving binary decisional queries regarding whether a given algorithm operating at a specific budget will surpass a designated reference performance, while more sophisticated counterparts undertake the ambitious task of modeling the complete learning curve trajectory.",1
"We consider learning curves in the context of supervised machine learning. Formally, in the supervised learning context, we assume some instance space X and a label space Y. A dataset is a finite relation between the instance space and the label space.",0
"The theoretical treatment of learning curves herein is circumscribed to the supervised machine learning paradigm, wherein we postulate the foundational existence of an instance space X and a corresponding label space Y. A dataset is formally conceived as a finite relational structure mapping elements of the instance space to their corresponding labels.",1
"The performance of a hypothesis is typically expressed as risk, which is also often called out-of-sample error. The out-of-sample error represents the weighted summed error that hypothesis h makes on all possible instance-label pairs, weighted by their probabilities.",0
"A hypothesis is conventionally evaluated through the lens of statistical risk, a quantity frequently denominated as the out-of-sample error, which aggregates the prediction penalty incurred across the entirety of possible instance-label pairings, each contribution being proportionally weighted according to its probability under the joint data-generating distribution.",1
"The sample-wise curve is the function of the number of training samples for a fixed learner. That is, the sample-wise curve is a sequence of performances, one for each training size.",0
"The sample-wise learning curve is formally constituted as a function mapping training set cardinality to the expected performance of a fixed learner, yielding an ordered sequence of performance values indexed by successively increasing training sample sizes.",1
"Many learning algorithms implement an iterative internal optimisation process, which allows describing the learning progress over time or a number of iterations. For example, neural network training produces a new hypothesis after every batch or epoch.",0
"A substantial proportion of contemporary learning algorithms are architected around an iterative internal optimization mechanism, which renders it feasible to characterize the progression of learning as a function of elapsed processing cycles. Neural networks, for instance, generate a revised hypothesis following the processing of each mini-batch or the completion of each training epoch.",1
"Iteration-wise curves show how much the learner can make out of a constant number of training instances. Instead, sample-wise curves show the performance of the learner as the number of examples grows.",0
"The central epistemic distinction between the two curve modalities lies in what each measures: iteration-wise curves illuminate the extent to which a learner can exploit a fixed corpus through repeated exposure, whereas sample-wise curves chronicle performance improvements attributable to the incremental expansion of the available training set.",1
"Since iterative learners typically automatically stop the learning process as soon as no progress is observed, it often holds that the sample-wise curve value equals the limit of the iteration-wise curve as iterations go to infinity.",0
"Owing to the self-terminating behavior of most iterative algorithms, which cease optimization upon detecting stagnation in progress, the sample-wise performance at a given training size frequently coincides with the asymptotic limit of the corresponding iteration-wise curve as the iteration count tends toward infinity.",1
"To compute learning curves in practice, we rely on empirical estimates of the above quantities. We estimate the out-of-sample error by the internal error, where the dataset used for assessing performance may or may not contain instances used to create the hypothesis.",0
"Owing to the theoretical intractability of computing true learning curve values directly, practitioners must resort to empirical approximations. The unobservable out-of-sample error is consequently substituted with an internally computable surrogate, the internal error, computed over a designated evaluation dataset which may or may not overlap with the training instances.",1
"We consider an empirical learning curve any set of estimates of a true learning curve for different sizes or iterations. We can use various estimation procedures to estimate the performance using a given training size, such as using a regular holdout set or cross-validation.",0
"An empirical learning curve is operationally defined as any collection of performance estimates corresponding to a true learning curve, enumerated across a discrete set of training sizes or iteration counts. Diverse estimation methodologies are available for quantifying performance at each anchor, including simple holdout validation and the more statistically robust cross-validation procedure.",1
The concept of learning curves can be further generalised to a utility curve. The utility usually involves a trade-off between the performance and the computational cost of training a model.,0
"The utility curve represents a conceptual augmentation of the canonical learning curve, wherein the pure performance metric is supplanted by a composite utility measure that holistically encapsulates the inherent trade-off between predictive accuracy and the computational overhead incurred during model induction at each respective budget level.",1
"Assuming there is a linear cost associated with further training the classifier, we can see that the utility curve peaks at a given point, and deteriorates afterwards.",0
"Under the simplifying assumption that the cost of additional training scales linearly with the volume of data processed, the utility curve exhibits a characteristic unimodal profile, attaining its maximum at an interior budget value beyond which the marginal cost of data acquisition and training systematically overwhelms the diminishing marginal performance gains.",1
"In this survey, we adopt the term anchor to refer to a point for which the empirical learning curve carries a performance estimate. There is no established name for such points in literature.",0
"The term anchor is adopted throughout this survey to designate any discrete budget value at which a performance measurement has been obtained and recorded along the empirical learning curve trajectory. Notably, the literature has historically lacked consensus nomenclature for such points, with various authors employing disparate and occasionally confusing terminological choices.",1
"It is generally assumed that learning curves converge to some value. In the case of iterative learning curves, there are sometimes oscillations in the curve, but even in such cases, the curve usually converges to some value eventually.",0
"A foundational assumption pervading the learning curve literature posits that these curves ultimately achieve convergence toward a finite asymptotic value. Although iterative learning curves may exhibit transient oscillatory behavior during their progression, such perturbations are generally regarded as ephemeral, with convergence toward a limiting performance value being the predominant long-run outcome.",1
"The saturation point is the anchor after which the performance convergences. That is, the anchor after which all values are in a distance of less than some pre-defined and typically very small epsilon.",0
"The saturation point is formally defined as the earliest budget value following which all subsequent performance observations remain confined within an epsilon-neighborhood of the asymptotic limit performance, where epsilon constitutes a pre-specified and characteristically diminutive tolerance parameter governing the sensitivity of convergence detection.",1
"Intuitively, the saturation point is the anchor after which the performance convergences. The saturation performance is simply the value of the learning curve at that point.",0
"The saturation performance is operationally defined as the performance value attained by the learning curve precisely at the saturation point, representing the practically achievable asymptotic performance level for the given learner and data configuration within the prescribed epsilon-convergence criterion.",1
"A related concept is the pre-exponential point and, correspondingly, the pre-exponential performance. We call the smallest anchor point for which an increase by a factor of q leads to a performance improvement of less than some delta.",0
"Closely related to the saturation point is the pre-exponential point, defined as the earliest anchor at which a multiplicative budget increase by a factor q yields only a marginal performance improvement falling below the threshold delta, signaling the onset of an exponential diminishing-returns regime wherein only super-proportional resource increments produce meaningful gains.",1
A learning curve model is a characterisation of the true learning curve derived from an empirical learning curve. The empirical learning curve is the result of sampling from a stochastic process that underlies noise stemming from randomness in data splits and the learning algorithm itself.,0
"A learning curve model constitutes a formal mathematical characterization of the latent true learning curve, inferred from the observable empirical learning curve. The empirical counterpart arises as a realization of an underlying stochastic generative process whose noisiness is attributable to aleatory variability in dataset partitioning and the non-deterministic components of the learning algorithm.",1
"During this process of building a learning curve model, one generally needs to cope with two types of uncertainty. First, the aleatoric uncertainty, which is intrinsic and averaged out in the true learning curve. Second, the epistemic uncertainty is the one the learning curve model itself has about the estimate of the mean value.",0
"The construction of a learning curve model necessitates confronting two ontologically distinct categories of uncertainty. Aleatoric uncertainty is irreducible and intrinsic to the stochastic data-generating mechanism, being naturally integrated out in the expectation defining the true learning curve. Epistemic uncertainty, by contrast, pertains to the model's residual ignorance about the true mean performance, a deficiency that can in principle be remedied through the accumulation of additional observations.",1
The simplest type of learning curve model for a learner just estimates the mean curve values for any possible budget and ignores uncertainty aspects. A considerable number of different parametric models have been proposed over time for this task.,0
"At its most rudimentary, a learning curve model merely produces point estimates of the expected performance at arbitrary budget values, entirely eliding any consideration of the uncertainty attending such predictions. A substantial number of distinct parametric model families have been proposed over the decades to serve this estimation function.",1
"The first proposal of such classes was made, apparently independently, by Cortes et al. and John and Langley with the three-parametric inverse power law, where the parameters need to be optimised to fit the learning curve for the given learner.",0
"Priority of invention for parametric learning curve models appears to belong, through apparently independent parallel development, to two research groups, both of whom proposed the three-parameter inverse power law as the model class of choice, wherein the free parameters are determined through empirical fitting to the observed anchor performance values.",1
"It has been recognised that incorporating some notion of uncertainty into the model itself is important. Formally, this amounts to learn a range estimate function such that for each budget value it produces a bounded interval.",0
"The inadequacy of pure point estimation for learning curve modeling has been widely acknowledged, motivating the adoption of range estimate models that supplement point predictions with associated intervals. Formally, this corresponds to learning a function that maps each budget value to a real interval carrying a prescribed probabilistic interpretation with respect to the true curve mean.",1
"In a more ambitious case, we can try to learn a full belief model of the learning curve. As with the previous approaches, one typically uses parametric functions as a basis but specifies distributions over their parameters instead of a single maximum likelihood assignment.",0
"The most epistemically ambitious approach entails constructing a comprehensive probabilistic belief model over the entire learning curve, wherein distributional specifications over the model's parameters — rather than single maximum-likelihood point assignments — propagate through to induce a full probability measure over the space of plausible learning curve realizations.",1
"Clearly, distribution estimates are the most flexible way of modelling uncertainty and allow many interesting operations. In particular, one can quantify the probability that the limit performance of a learning curve will be above or below some threshold, which is very useful for confidence-based early discarding.",0
"Distribution estimates represent the most expressive and analytically versatile form of uncertainty quantification for learning curve modeling. Among the consequential operations they enable is the computation of the probability that the asymptotic limit performance will reside above or below a specified threshold, a capability of direct practical utility in confidence-calibrated early discarding procedures.",1
"Most learning curve methods address the early discarding and model selection decision-making situation. This implies that there is an opportunity for more research on, for example, data acquisition or early stopping.",0
"A conspicuous pattern emerging from the systematic review of the literature is that the preponderance of extant learning curve methodologies are oriented toward the early discarding and model selection scenario, revealing a notable lacuna in the scholarly corpus concerning the application of learning curve techniques to the comparatively underexplored domains of data acquisition and early stopping.",1
"Successive halving considers a set of candidate models, which all receive an initial budget. It iteratively drops 50% of the candidate set while doubling the remaining candidates' budget until a single candidate model remains.",0
"The successive halving algorithm initializes a cohort of candidate models, each provisioned with an identical initial computational budget, and executes a sequence of elimination rounds wherein the least performant moiety of surviving candidates is systematically pruned while the budget allocated to the remaining candidates is simultaneously doubled, continuing until a solitary victorious candidate emerges.",1
"Hyperband is a series of successive halving brackets, where each bracket is initialised with an increased initial budget and a new initial set of candidates.",0
"Hyperband extends the successive halving paradigm by organizing the search into a collection of successive halving subroutines or brackets, each instantiated with a progressively larger initial budget allocation and a correspondingly refreshed candidate pool, thereby providing robustness against the sensitivity of successive halving to the choice of initial budget.",1
"The first approach we are aware of to address the candidate ranking problem was metalearning on data samples presented through the notion of comparing two learners. Given a dataset, it decides which of two algorithms is the better choice on a given dataset.",0
"The earliest approach known to the authors for tackling the candidate ranking problem was the metalearning on data samples methodology, which operationalized the ranking task as a pairwise comparison problem. Given a target dataset, the method produces a binary decision identifying which of two competing algorithms is expected to yield superior performance on that dataset.",1
Freeze-thaw Bayesian optimisation models the behaviour of learning curves through Gaussian processes. An important contribution of that work is a non-stationary kernel for Gaussian processes that supports exponentially decaying learning curve models.,0
"Freeze-thaw Bayesian optimization represents a landmark contribution to the field, formulating the modeling of learning curve behavior through the probabilistic lens of Gaussian processes. A particularly significant technical innovation of this work is the derivation of a non-stationary covariance kernel specifically designed to capture the exponentially decaying trajectory characteristic of learning curves, rectifying the inadequacy of conventional stationary kernels for this task.",1
"Most methods are centred around the middle levels of problem complexity they address, i.e., predicting the actual value of a learner at a certain point and predicting the complete curves of a learner.",0
"The bibliometric analysis reveals a pronounced clustering of methodological contributions around the intermediate tiers of the problem complexity hierarchy, specifically those concerned with point-wise performance prediction at designated budget levels and the modeling of complete learning curve trajectories, with comparatively sparse representation at both the simpler binary and the more complex portfolio-level extremes.",1
"The approaches that do not employ a learning curve model address the questions defined in the lower levels of the framework. In contrast, approaches that employ a learning curve model address questions in the top two levels of the framework.",0
"The methodological landscape is partitioned into two broad groups based on whether an explicit learning curve model is utilized. The model-free approaches are restricted to addressing simpler, lower-level questions about learning curve properties, while the model-based approaches ascend to the more complex upper tiers of the question hierarchy, affording richer analytical capabilities.",1
"Approaches with a curve model are more general, but that does not necessarily mean they give better answers to simpler questions. In fact, a model-free approach in specific situations outperforms a parametric model.",0
"The greater generality of model-based approaches does not necessarily translate into superior performance on simpler inferential tasks. Empirical evidence has demonstrated that certain model-free approaches can in fact outperform parametric learning curve models in specific experimental configurations, highlighting the importance of matching methodological complexity to the complexity of the question being posed.",1
"The work by Viering and Loog is a highly complementary literature review that centres around learning curves. While both works have identified the three types of decision-making situations, that work surveys more theoretical work that analyses the shape of learning curves, whereas this work surveys work oriented towards methods that extrapolate learning curves.",0
"A closely related and highly complementary scholarly survey by Viering and Loog shares the identification of the three primary decision-making archetypes but diverges in thematic emphasis: while that parallel investigation focuses predominantly on theoretical analyses of learning curve shape and their mathematical properties, the present survey concentrates on practically-oriented methods that extrapolate learning curves to support concrete decision-making in machine learning workflows.",1
We present a unified framework of the usage of learning curves for decision making in machine learning and an extensive review of the literature on approaches that fall within this framework. This framework contains three axes.,0
"The central scholarly contribution of this work is a unifying taxonomic framework for the application of learning curves to decision-making in machine learning, accompanied by a comprehensive and systematic review of the extant literature organized according to its provisions. The framework is structured around three orthogonal classificatory axes that jointly characterize the space of existing approaches.",1
"Based on the framework, we identify unexplored routes for further research. Most notably, we note that there is a mismatch between the research questions being answered and the learning curve modelling method being used.",0
"The framework's analytical lens reveals several underexplored research opportunities. Most prominently, a systematic mismatch is observed between the complexity level of the decision-theoretic question posed and the sophistication of the learning curve modeling technique deployed to address it, with the tendency being to apply high-complexity models to answer low-complexity questions.",1
Performance bounding tries to give explicit lower or upper bounds on the performance value at some specific or arbitrary budget. Answering this question is essential to make high-confidence decisions on early discarding.,0
"Performance bounding constitutes the task of deriving rigorous, formally guaranteed lower or upper bounds on the achievable performance at a designated or arbitrary budget level. The capacity to produce such bounds is of paramount practical importance for enabling high-confidence early discarding decisions that can be made with formal probabilistic guarantees rather than heuristic approximations.",1
"The first approach addressing data allocation using upper bounds first runs all configurations on two anchors of the dataset, building the initial segment of the learning curve. Based on this initial segment, it determines an optimistic performance bound for each learning curve.",0
"The data allocation using upper bounds approach proceeds by first evaluating all candidate configurations at two initial budget anchors, constructing the nascent segment of each candidate's learning curve. From these initial observations, an optimistic performance bound is extrapolated for each configuration by projecting the observed linear trend to the full dataset size, yielding an upper bound that the configuration's performance is unlikely to exceed.",1
"A learning curve model that makes use of all types of data resources would be particularly powerful. Table reveals that no learning curve model utilises all types of data resources, presenting an opportunity for future research.",0
"A unified learning curve model capable of synergistically integrating all available data resource types — comprising partial curves of the current and other learners on both the target and auxiliary datasets, alongside dataset and algorithm meta-features — would possess substantially enhanced predictive capacity. Conspicuously, the taxonomic analysis reveals that no existing approach in the literature achieves this full integration, delineating a compelling direction for future methodological development.",1
"A quantitative benchmark on learning curve extrapolation methods is needed. Many models have been proposed to extrapolate learning curves and make predictions about the performance of a learner at a higher budget, but these models have only been subject to limited comparison.",0
"The field would significantly benefit from a systematic and rigorous quantitative benchmark for learning curve extrapolation methods. While the literature contains numerous proposed models for predicting learner performance at elevated budget levels, these proposals have largely been evaluated in isolation or against a limited selection of baselines, precluding definitive comparative conclusions about their relative merits.",1
More experimental databases for learning curve research are needed to support the full complexity of learning curve methods. Doing relevant research on learning curves requires extensive computing power.,0
"The advancement of learning curve research is critically dependent on the availability of comprehensive experimental databases spanning a wide range of learner types, dataset characteristics, and budget schedules. The generation of such databases demands substantial computational infrastructure, given that sample-wise learning curves inherently require multiple complete model training runs at distinct data fractions.",1
"Tighter integration of learning curve extrapolation methods with AutoML systems presents a clear opportunity. While a learner is being selected based on its performance after being trained on the split-off training set, what is relevant is its performance after being trained on the original training set.",0
"A compelling practical opportunity lies in the deeper integration of learning curve extrapolation capabilities within automated machine learning systems. The fundamental challenge these systems face is that model selection is performed based on validation performance at a reduced training fraction, whereas the operationally relevant quantity is the performance achievable when training on the complete available dataset, a discrepancy that learning curve extrapolation is uniquely positioned to bridge.",1
"Online active learning is a paradigm in machine learning that aims to select the most informative data points to label from a data stream. The problem of minimizing the cost associated with collecting labeled observations has gained a lot of attention in recent years, particularly in real-world applications where data is only available in an unlabeled form.",0
"Stream-based active learning constitutes a machine learning paradigm whose central objective is the judicious selection of maximally informative data instances for annotation from continuously flowing data streams. The imperative of curtailing expenditures associated with the procurement of labeled observations has garnered considerable scholarly attention in recent years, particularly within applied deployment contexts where data manifests exclusively in unannotated form.",1
"Annotating each observation can be time-consuming and costly, making it difficult to obtain large amounts of labeled data. To overcome this issue, many active learning strategies have been proposed in the last decades, aiming to select the most informative observations for labeling in order to improve the performance of machine learning models.",0
"The manual annotation of individual observations proves both temporally demanding and financially burdensome, rendering the accumulation of substantial labeled datasets a formidable undertaking. Numerous active learning methodologies have consequently been proposed over preceding decades with the explicit objective of identifying informationally valuable observations for labeling, thereby augmenting the predictive capabilities of machine learning architectures.",1
"The deployment of machine learning models in real-world applications is often reliant on the availability of significant amounts of annotated data. While recent advancements in sensor technology have facilitated the collection of larger amounts of data, this data is not always labeled and ready for use in training models.",0
"The successful operationalization of machine learning systems within real-world application environments is frequently contingent upon the accessibility of substantial quantities of annotated training data. Although recent technological advancements in sensing apparatus have enabled the accumulation of increasingly voluminous datasets, such collected data is not invariably accompanied by labels that render it immediately serviceable for model training purposes.",1
"Uncertainty-based query strategies focus on selecting data points that the model is least confident about, in order to reduce its uncertainty. When using classification models, the most widely used is the margin-based query strategy, where data points close to the decision boundary are selected.",0
"Query strategies predicated upon uncertainty operate by prioritizing data instances about which the predictive model exhibits minimal confidence, with the overarching aim of diminishing epistemic ambiguity. In the context of classification architectures, the margin-based selection criterion enjoys the most widespread adoption, wherein data points residing in close proximity to the classification boundary are preferentially chosen for annotation.",1
"Pool-based active learning is one of the most widely studied scenarios in the machine learning literature. The goal is to select the most informative subset of observations from a closed, static set of unlabeled data points. The majority of the proposed pool-based active learning approaches have been developed for classification tasks, with image classification being a common application in computer vision.",0
"Among the diverse active learning scenarios documented in the machine learning literature, pool-based active learning stands as one of the most extensively investigated paradigms. Its fundamental objective entails the identification of the most informationally rich subset of observations drawn from a fixed, bounded collection of unlabeled data instances. The preponderance of proposed pool-based methodologies has been developed with classification tasks as the primary target, with visual object recognition representing a particularly prevalent application domain.",1
"In this type of active learning, we cannot greedily select the most informative observations from a static pool, as the instances are generated in a continuous stream and cannot be stored in their entirety before a decision is made. This is similar to the famous statistical puzzle known as the secretary problem, where a hiring manager must make a hiring decision for each applicant as they are interviewed, without the benefit of seeing all applicants first.",0
"This particular variant of active learning precludes the greedy selection of maximally informative instances from a static repository, given that observations are generated within a continuous stream and cannot be comprehensively stored prior to the execution of sampling decisions. This operational constraint bears a notable resemblance to the celebrated statistical conundrum designated as the secretary problem, wherein a recruitment officer must render hiring determinations for each successive candidate at the time of their interview, absent the luxury of surveying the complete applicant pool beforehand.",1
"Single-pass algorithms observe and evaluate each incoming data point on the fly, whereas window-based algorithms, also referred to as batch-based methods, observe a fixed-size chunk of data at a time. In this approach, the learner evaluates the entire batch of data and selects the top k observations as the most informative ones to be labeled.",0
"Single-pass algorithms process and assess each incoming data instance in an immediate sequential fashion, while window-based methodologies — alternatively denominated as batch-based approaches — examine a predetermined-size data segment simultaneously. Pursuant to this latter paradigm, the learning algorithm evaluates the entirety of the assembled data batch and subsequently identifies the k highest-ranked observations as those most deserving of annotation.",1
"A stationary data stream is characterized by a stable data generating process where the statistical properties of the data distribution remain constant over time. Conversely, a drifting data stream is marked by changing statistical properties of the data distribution over time, potentially due to alterations in the underlying data generating process.",0
"A stationary data stream is distinguished by a stable, invariant data generation mechanism wherein the distributional characteristics of the incoming data maintain constancy across temporal intervals. By contrast, a drifting data stream is typified by temporally evolving statistical properties, arising potentially from modifications within the underlying generative process responsible for producing the observed data.",1
"Semi-supervised learning is a field of research that is closely related to active learning, as both methods are developed to deal with limited labeled data. While active learning aims to minimize the amount of labeled data required to train a model, semi-supervised learning is a technique that trains a model using a combination of labeled and unlabeled data.",0
"The research domain of semi-supervised learning maintains close kinship with active learning, both paradigms having been conceived as remedies for the challenge of scarce labeled data. Whereas active learning endeavors to minimize the quantum of labeled data necessitated for model training, semi-supervised learning instead employs a hybrid training regimen that jointly leverages both annotated and unannotated data instances.",1
"In this review, we present a taxonomy of online active learning strategies into four categories: stationary data stream classification approaches, drifting data stream classification approaches, evolving fuzzy system approaches, and experimental design and bandit approaches.",0
"The present review articulates a four-category taxonomic framework for organizing online active learning strategies, encompassing methodologies designed for stationary data stream classification, those tailored for drifting data stream classification, approaches grounded in evolving fuzzy system architectures, and techniques derived from optimal experimental design and multi-armed bandit problem formulations.",1
"A similar approach to the one proposed by Cesa-Bianchi et al. was investigated by Dasgupta et al., who presented one of the first thresholding techniques for online active learning. They suggested setting a threshold on the margin, with the idea of sampling data points with a value of the absolute margin lower than a given threshold.",0
"Dasgupta and colleagues investigated a methodology conceptually analogous to that introduced by Cesa-Bianchi and collaborators, proposing among the earliest thresholding-based techniques applicable to online active learning. Their contribution involved the imposition of a threshold upon the margin value, wherein data points exhibiting an absolute margin magnitude below a predetermined threshold were selected as candidates for queried annotation.",1
"Active learning strategies belonging to this category aim to tackle online classification tasks in time-varying data streams affected by distribution shifts. We can classify distribution shifts into three main categories, depending on whether they concern the feature space or the output dimension.",0
"The methodologies constituting this category are specifically engineered to address online classification challenges arising within temporally dynamic data streams subject to distributional perturbations. Distribution shifts may be partitioned into three principal categories contingent upon whether the observed alterations implicate the input feature space, the output dimensionality, or some combination thereof.",1
"A sudden or abrupt drift is a drift that can be immediately detected from two consecutive time steps. It refers to a sudden and clearly identifiable change in the data distribution. An example of this would be a sudden change in the weather, which would affect the behavior of customers at a retail store.",0
"An abrupt or sudden drift denotes a distributional transition that manifests detectably between two immediately successive temporal observations, constituting an instantaneous and unambiguous transformation of the underlying data distribution. A prototypical illustration of this phenomenon would be an unexpected meteorological shift that precipitates corresponding modifications in consumer purchasing patterns at a retail establishment.",1
"Evolving fuzzy systems are self-developing, self-learning fuzzy rule-based or neuro-fuzzy systems that self-adapt both their parameters and their structure on-the-fly. They try to mimic human-like reasoning by modeling it with a dynamically developing fuzzy rule-based structure and implementing it utilizing data streams using a formal learning process.",0
"Evolving fuzzy systems constitute self-organizing, autonomously adaptive rule-based or neuro-fuzzy architectures capable of modifying both their parametric configurations and structural compositions in real time. These systems endeavor to approximate human-like cognitive reasoning by instantiating it within a dynamically evolving fuzzy rule framework, operationalized through a formalized incremental learning procedure applied to continuously streaming data.",1
Optimal experimental design is a research field that is closely related to active learning. It deals with the design of experiments that allow for efficient estimation of model parameters or improved prediction performance while minimizing the number of required labeled examples.,0
"The discipline of optimal experimental design shares substantial intellectual overlap with active learning, constituting a research area concerned with the construction of experimental protocols that facilitate efficient parameter estimation or enhanced predictive performance while simultaneously minimizing the required number of labeled training instances.",1
"D-optimality takes into account both the variance and covariance of the regression coefficients, directly minimizing the total volume of the confidence ellipsoid. A D-optimal design is given by a design that satisfies the maximization of the determinant of the moment matrix.",0
"The D-optimality criterion incorporates both the variance and covariance structure of the regression coefficient estimates, pursuing the direct minimization of the volumetric extent of the confidence ellipsoid around model parameters. A design achieving D-optimality is characterized as that which maximizes the determinant of the associated moment matrix, thereby minimizing the overall uncertainty volume surrounding the parameter estimates.",1
"To evaluate the performance of these approaches, it is typical to compare them to a passive random sampling strategy by generating learning curves that plot the model performance on a holdout test set over the number of labeled examples used for training.",0
Performance evaluation of these methodologies conventionally entails their comparison against a passive random sampling baseline through the construction of learning curves that depict model performance metrics on a withheld validation set as a function of the cumulative quantity of labeled examples incorporated into training.,1
"In online learning, prequential evaluation is also referred to as test-then-train approach, and it involves using each incoming instance first to measure the prediction error, and then to be included in the training set.",0
"Within the online learning literature, prequential evaluation is alternatively denominated the test-then-train paradigm, wherein each arriving data instance is first utilized to assess the current model's predictive accuracy before being subsequently assimilated into the training corpus for model updating purposes.",1
"Online active learning has been recognized as a powerful technique in scenarios where data is arriving at a high velocity, labeling data is expensive, and it is infeasible to store all the unlabeled data before making a decision about which observations to query.",0
"Stream-based active learning has attained recognition as a particularly efficacious methodology within operational contexts characterized by high-velocity data ingestion, prohibitive annotation costs, and the computational or logistical infeasibility of retaining the complete unlabeled data corpus prior to the execution of querying decisions.",1
"Algorithm scalability. Online active learning algorithms need to be efficient and scalable to handle large datasets and high-velocity data streams. As the amount of data grows, the computational demands of active learning can become prohibitive, making it difficult to deploy in practice.",0
"Scalability represents a paramount concern for practitioners: online active learning algorithms must exhibit sufficient computational efficiency and horizontal scalability to accommodate voluminous datasets and high-throughput data streams. As the magnitude of incoming data escalates, the computational burden imposed by active learning procedures may attain prohibitive levels, thereby impeding practical deployment in production environments.",1
"We believe that there are several promising directions for future research in this field. First, we recommend further investigation into online active learning strategies specifically designed for regression models. Given the limited work in this area, there is a need for more advanced methods that can be applied to nonlinear models, beyond linear models or linear bandits.",0
"Several auspicious avenues for future scholarly inquiry present themselves within this research domain. Foremost among these, the authors advocate for intensified investigation into online active learning methodologies expressly architected for regression modeling contexts. The current paucity of contributions in this space necessitates the development of more sophisticated techniques applicable to nonlinear model architectures, transcending the present predominance of linear models and linear bandit formulations.",1
"The field of online active learning with data streams is a rapidly evolving and highly relevant area of research in machine learning. The ability to effectively learn from data streams in real-time is becoming increasingly important, as the amount of data generated by modern applications continues to grow at an exponential rate.",0
"Online active learning with data streams constitutes a dynamically progressing and critically important research frontier within the broader discipline of machine learning. The capacity to derive useful knowledge from data streams in a real-time operational fashion is assuming ever-greater significance, commensurate with the exponential expansion in the volume of data generated by contemporary computational applications.",1
"In the presence of a real concept drift, the conditional distribution changes. In this scenario, the predictive performance of the fitted model dramatically deteriorates, and a model update or replacement becomes necessary. An example of this kind of distribution shift can be identified in the changes of the consumer behaviors over time, or following a major event.",0
"Model deterioration precipitating the necessity for replacement or updating follows inevitably when predictive performance degrades substantially in response to distributional changes. Consumer behavioral modifications occurring across time or catalyzed by significant events exemplify precisely this category of distributional shift. When real concept drift materializes, the conditional probability distribution governing the relationship between inputs and outputs undergoes transformation, rendering the incumbent model's predictions increasingly unreliable.",1
"Label delay can be classified into null latency, intermediate latency, or extreme latency. The case with null latency, or immediate availability of the label upon request, is commonly used in the stream mining community, but may not be realistic for many practical applications. Extreme latency, where labels are never made available to the learner, is closer to an unsupervised learning task.",0
"The temporal delay associated with label availability may be taxonomized into three distinct categories: null latency, intermediate latency, and extreme latency. The null latency scenario, characterized by the instantaneous provision of labels upon request, enjoys widespread adoption within the stream mining research community despite its potential implausibility in numerous real-world deployment contexts. At the opposite extreme, the scenario of extreme latency — wherein labels remain perpetually unavailable to the learner — approximates the conditions characteristic of unsupervised learning tasks.",1
"Multi-armed bandit problems can be seen as a special case of sequential experimental design, where the goal is to sequentially choose experiments to perform with the aim of maximizing some outcome. The typical framework of a MAB problem can be regarded as an optimization problem where the learner must identify the option or arm with the highest reward.",0
"Multi-armed bandit problems may be conceptualized as a specialized instantiation of sequential experimental design, wherein the overarching objective involves the successive selection of experimental configurations with a view to maximizing a designated outcome metric. The canonical MAB problem framework is most aptly characterized as an optimization challenge wherein the learning agent must identify the action or arm associated with the greatest expected reward from among a set of available alternatives.",1
"An ensemble or committee refers to a group of multiple models that collaborate to produce a more robust and accurate prediction by combining their individual predictions. The models in an ensemble or committee can be trained on different subsets of the data or with varying hyperparameters, and the final prediction is typically made through either voting or weighted averaging.",0
"An ensemble or committee configuration denotes an assemblage of multiple constituent models that cooperatively generate more robust and accurate predictive outputs through the combination of their individually produced forecasts. The component models within such an ensemble may be trained on disparate data subsets or configured with divergent hyperparameter specifications, with the aggregated prediction typically derived through either majority voting mechanisms or weighted averaging procedures.",1
"Incremental training involves updating model parameters with a small batch of new data, without starting the training process from scratch. This approach allows the model to learn from new data while preserving its existing knowledge. Complete re-training, on the other hand, involves training a new model from scratch using the entire labeled data collected so far.",0
"Incremental training entails the modification of model parameters through exposure to a limited new data batch, bypassing the computational expense of re-initiating the training procedure from initialization. This paradigm enables the model to assimilate newly encountered information while concurrently preserving the knowledge encoded during prior training iterations. Complete retraining, by contrast, necessitates the construction of an entirely new model from initialization, utilizing the totality of labeled data accumulated throughout the learning process.",1
"Drift detectors are algorithms that try to detect distribution shifts and identify when the context is changing. They can be divided into three macro-categories. The first group of methods is represented by the error-based drift detectors, which try to detect online changes in the error rate of a base classifier.",0
"Drift detection algorithms constitute computational procedures designed to identify distributional perturbations and ascertain when the operating context has undergone meaningful transformation. These methodologies may be organized into three principal macro-categories. The inaugural grouping encompasses error-based drift detectors, which endeavor to identify online fluctuations in the error rate exhibited by a designated base classification model.",1
"One of the first real-world applications of online active learning has been presented by Sculley, who investigated the scenario of low-cost active spam filtering where a filter is updated online by selecting the most informative emails in real time.",0
"Among the earliest documented real-world implementations of online active learning, Sculley's investigation of low-cost active spam filtering occupies a prominent position, wherein an email filtering mechanism is continuously updated through the real-time selection of maximally informative incoming email messages for annotation and model refinement.",1
"Hybrid strategies are active learning algorithms that combine multiple instance selection criteria. For example, by combining margin-based sampling with clustering the learner can select the most uncertain observations within different areas of the input space. This allows for a more diverse and representative set of labeled examples.",0
"Hybrid methodologies constitute active learning algorithms that synthesize multiple instance selection criteria within a unified sampling framework. The combination of margin-based uncertainty sampling with cluster-based diversity mechanisms, for instance, enables the learner to systematically identify the most uncertain observations across disparate regions of the input space, yielding a more diverse and representatively distributed collection of labeled training instances.",1
Diversity- and density-based approaches exploit the structural information of the instances and try to select data points that are diverse and representative of the overall distribution of the data. One example of this approach is the use of Mahalanobis distance to seek observations that are far from the currently labeled data points.,0
"Diversity and density-oriented methodologies leverage the inherent geometric and distributional structure embedded within data instances, pursuing the selection of data points that collectively provide diverse and representative coverage of the underlying data distribution. A characteristic instantiation of this approach involves the application of Mahalanobis distance metrics to identify observations that are maximally distant from the currently accumulated labeled training set.",1
"Expected error or variance minimization strategies estimate the future error or variance, when a newly labeled example is made available, and try to minimize it directly. These strategies provide a theoretically grounded approach to instance selection by quantifying the expected benefit of each potential label request.",0
"Expected error and variance minimization strategies operate by prospectively estimating the anticipated reduction in prediction error or parameter variance that would result from the acquisition of each candidate labeled example, directly optimizing this quantity as the instance selection criterion. These methodologies furnish a theoretically well-grounded framework for instance selection by explicitly quantifying the expected informational benefit associated with each potential label query.",1
"In online active learning for drifting data streams, some approaches address the presence of concept drifts by combining active learning strategies with drift detectors. Drift detectors are algorithms that try to detect distribution shifts and identify when the context is changing.",0
Several online active learning methodologies designed for drifting data streams address the challenge of concept drift through the integration of active learning procedures with dedicated drift detection mechanisms. Such drift detection algorithms constitute specialized computational tools designed to identify distributional perturbations within the data stream and determine when the underlying generative context has undergone a meaningful state transition.,1
"Computer vision is an interesting area where online active learning can be applied. Deep learning models require a large amount of annotated data, making manual annotation of thousands of images one of the most challenging aspects of model development. However, many effective deep active learning methods are not easily adaptable to a stream-based setting.",0
"Computer vision represents a compelling application domain for online active learning methodologies. The voracious data requirements of deep learning models render the manual annotation of thousands of images one of the most operationally burdensome aspects of model development pipelines. Notwithstanding their effectiveness, the most performant deep active learning techniques proposed to date resist straightforward adaptation to stream-based operational settings.",1
"The use of optimality criteria has proven to be highly beneficial in offline experimental design, allowing practitioners to pre-determine the location of each design point with ease. However, these methods require modification to be applied in a stream-based scenario where data points arrive sequentially.",0
"The application of design optimality criteria has demonstrated substantial practical utility within offline experimental design, enabling practitioners to predetermine the spatial configuration of each design point in a principled and computationally tractable manner. However, direct application to stream-based scenarios necessitates non-trivial methodological modifications, given the sequential and online nature of data point arrival in such settings.",1
"Machine Learning (ML) has recently shown tremendous success in modeling various healthcare prediction tasks, ranging from disease diagnosis and prognosis to patient treatment.",0
"From disease prognosis to diagnosis and patient treatment, recent applications of Machine Learning have demonstrated remarkable success across a wide spectrum of healthcare prediction endeavors.",1
"Due to the sensitive nature of medical data, privacy must be considered along the entire ML pipeline, from model training to inference.",0
"Given how inherently sensitive medical information is, privacy cannot be an afterthought—it must be embedded at every stage of the machine learning pipeline, encompassing both the training phase and the inference stage.",1
Healthcare is one of the domains in which ML is expected to provide substantial improvements in the delivery of patient care worldwide.,0
"Among the many sectors poised for transformation, healthcare stands out as a field where machine learning is anticipated to yield meaningful advancements in the quality and reach of patient care on a global scale.",1
Real-world implementation of such models is still hampered by ethical and legal constraints.,0
"Despite their promise, the deployment of these models in practical settings continues to face significant obstacles stemming from both legal requirements and ethical considerations.",1
"Legal frameworks have been developed and enforced to guarantee the transparency and privacy of ML-based healthcare solutions, such as the Health Insurance Portability and Accountability Act (HIPAA) in the United States and the General Data Protection Regulation (GDPR) in Europe.",0
Regulatory structures like GDPR in Europe and HIPAA in the United States have been established and enforced with the aim of ensuring that ML-driven healthcare solutions remain transparent and protect the privacy of individuals.,1
There is a crucial need for Privacy-Preserving Machine Learning (PPML) in healthcare to enable the implementation of trustworthy systems in the future.,0
"Building trustworthy systems for healthcare in the years ahead will require a serious commitment to Privacy-Preserving Machine Learning, making PPML not merely beneficial but essential.",1
"Federated learning (FL) aims to overcome the challenges of data sharing by enabling collaborative training, which does not require that the involved parties share their training data.",0
"By facilitating collaborative model training without ever compelling participants to expose their raw training data, Federated Learning offers a promising solution to the longstanding problem of data sharing in sensitive domains.",1
"The data remains private to each local node within the FL network, such that only the model updates are shared and integrated in a centralized model.",0
"In the federated learning architecture, each participant retains exclusive custody of their own data locally, while only the resulting model parameter updates are transmitted and merged into a shared centralized model.",1
"Federated averaging is the most common form of FL. In this setting, a centralized server is connected to N entities, which have their own training data.",0
"The dominant variant of federated learning is federated averaging, wherein a central coordinating server maintains connections with N separate entities, each holding their own private training datasets.",1
"The central server orchestrates the collaborative training process as follows: the initial model is distributed amongst all entities, each entity performs a training iteration on their local model using their own training data, the server averages the model parameters shared by all entities and distributes the resulting model amongst all entities.",0
"After sending an initial model to every participating entity, the central server coordinates the learning cycle: each entity locally refines the model using its own data, then submits its updated parameters; the server aggregates these updates by averaging and redistributes the improved global model back to all participants.",1
"FL has proven to be very efficient in training models with strong performance, while avoiding the need for data sharing.",0
"Research has consistently shown that Federated Learning can achieve competitive model performance comparable to centralized approaches, all without requiring any exchange of the underlying training data between parties.",1
"However, FL might be vulnerable to privacy issues such as reconstruction attacks, thus requiring that it is combined with other privacy-preserving methods to ensure robust privacy guarantees.",0
"Despite its advantages, Federated Learning is not immune to privacy threats—reconstruction attacks represent a known vulnerability—and therefore it is often necessary to supplement FL with additional privacy-enhancing techniques to achieve sufficiently strong guarantees.",1
"Differential Privacy has its origins in statistical analysis of databases. Its main aim is to address the paradox of learning nothing about specific individuals, while learning useful information about the general population.",0
"Rooted in the statistical analysis of databases, Differential Privacy was conceived to resolve a fundamental tension: how to extract genuinely useful aggregate knowledge about a population without revealing anything meaningful about any single individual within it.",1
"In the FL context, it is usually incorporated in the form of additive noise to model updates, either artificially or using a differentiable private optimizer, prior to transferring the updates from the entities to the central server.",0
"When applied within a federated learning framework, Differential Privacy is typically implemented by injecting calibrated noise—either through a specialized differentiable private optimizer or directly—into the model updates before they are sent from local entities to the central server.",1
"The amount of artificial noise added is directly proportional to the degree of privacy desired, i.e., privacy budget.",0
"There exists a direct relationship between the quantity of noise introduced and the level of privacy protection sought, a relationship formalized through the concept of the privacy budget.",1
Adding too much noise can hamper learning and negatively impact the model accuracy.,0
"When the noise injected into the system becomes excessive, the model's ability to learn meaningful patterns is undermined, resulting in a measurable deterioration in predictive accuracy.",1
"Homomorphic Encryption refers to the conversion of plaintext into ciphertext while preserving the structure of the data. Consequently, specific operations applied to the ciphertext will provide the same results as if they were applied to the plaintext but without compromising the encryption.",0
"The defining property of Homomorphic Encryption is that it transforms plaintext data into an encrypted ciphertext form in a manner that preserves structural relationships, allowing computations performed on the ciphertext to yield the exact same outcomes as those performed on the original plaintext, all without ever breaking the encryption.",1
The plaintext data is never accessed nor decrypted as the operations are directly applied to the encrypted data. The result of the transformations on the ciphertext can only be decrypted back to plaintext by the encryption key owner.,0
"Because all computations are carried out directly on the encrypted form of the data, the underlying plaintext is never exposed or decrypted during processing. Only the holder of the appropriate decryption key can eventually recover the original plaintext from the transformed ciphertext.",1
"Despite the benefit of provable privacy guarantees, the range of operations available in HE is restricted to addition and multiplication.",0
"While Homomorphic Encryption offers the significant advantage of mathematically provable privacy, its practical utility is constrained by the fact that only addition and multiplication operations are natively supported.",1
This also significantly increases the computational time needed to process encrypted text compared to plaintext by several orders of magnitude.,0
"Processing data in its encrypted form under Homomorphic Encryption schemes incurs a dramatic computational cost, with execution times reported to be several orders of magnitude greater than those required for equivalent plaintext operations.",1
Secure Multi-Party Computation provides a framework in which two or more parties jointly compute a public function with their data while keeping the inputs private and hidden from other parties using cryptographic protocols.,0
"Through the use of cryptographic protocols, Secure Multi-Party Computation enables two or more participants to collaboratively evaluate a shared function over their combined inputs, while ensuring that each party's individual input remains completely hidden from all other participants.",1
"Most protocols used for SMPC with more than two parties are based on Secret Sharing. In SS, a portion of the secret input is shared among a number of other parties.",0
"When SMPC involves more than two participants, the underlying protocols typically rely on Secret Sharing mechanisms, in which each party's private input is split into fragments that are distributed among the other participants.",1
"While both FL and SMPC rely on collaborative training via knowledge sharing and keep the endpoint data private, their implementation differs significantly. SMPC involves cryptography and can be used for training and inference, whereas FL does not involve cryptography nor provides strong privacy guarantees, and is only used for model training.",0
"Although Federated Learning and Secure Multi-Party Computation both enable knowledge sharing while preserving data privacy at the endpoints, they are fundamentally different in implementation: SMPC employs cryptographic techniques and supports both training and inference scenarios, whereas FL lacks cryptographic underpinning, offers weaker privacy guarantees, and is applicable only during the training phase.",1
"The most commonly used privacy-preserving approach for model training is FL, either independently or in combination with DP. DP is added to increase the privacy of the FL training updates, adding noise to the shared weights, thus making the system more robust to privacy threats.",0
"Among the various privacy-preserving methodologies for model training, Federated Learning emerges as the predominant choice—used either standalone or augmented with Differential Privacy. The inclusion of DP strengthens the privacy of federated updates by introducing noise into the shared weight parameters, thereby bolstering the system's resilience against adversarial privacy threats.",1
"The second most commonly investigated approach for private training is HE, which leverages encryption schemes to provide privacy with provable mathematical guarantees.",0
"Following Federated Learning in prevalence, Homomorphic Encryption represents the second most widely studied approach to privacy-preserving training, distinguishing itself by offering mathematically rigorous and provable privacy assurances through cryptographic encryption schemes.",1
"Training ML models on encrypted data significantly increases the computational complexity and the processing overhead by several orders of magnitude. It also adds noise to the training process due to the approximations of activation functions, especially in large models.",0
"When machine learning models are trained on data kept in encrypted form, the computational demands escalate dramatically—by several orders of magnitude—compared to standard plaintext training. Furthermore, the approximations required to replicate activation functions in the encrypted domain introduce additional noise throughout the training process, a problem that becomes especially pronounced in larger architectures.",1
"The third most common approach is standalone DP, which is less computationally demanding and provides strong privacy guarantees. However, the increase in privacy guarantees is negatively correlated with model accuracy.",0
"Differential Privacy applied independently represents the third most frequently adopted strategy, offering strong privacy protections at a comparatively modest computational cost. The trade-off, however, is that stronger privacy guarantees come at the expense of model accuracy, as the two objectives are inversely related.",1
"Most of the reviewed studies use a single source of input data i.e., image or EHR and only one medical dataset. Although some studies train their models on several datasets, the vast majority restrict their evaluation to one input modality from the same dataset.",0
"A survey of the existing literature reveals that the overwhelming majority of studies confine themselves to a single data modality—either medical images or EHR data—and evaluate performance on just one medical dataset, with only a small fraction of work spanning multiple datasets.",1
This limits the generalization of the results and neglects the potential improvement in predictive performance that could result from combining different data sources in multi-modal learning settings.,0
Such narrow evaluation practices constrain the generalizability of reported findings and overlook the performance gains that could be realized by integrating diverse data sources within a multi-modal learning framework.,1
"Furthermore, most studies perform internal validation, such that the test sets are from the same distribution as the training dataset. This is generally a common challenge in healthcare applications considering distribution shifts across different hospitals, for example due to differences in patient demographics.",0
"Compounding the generalization issue, the majority of reviewed work relies solely on internal validation—evaluating models on test sets drawn from the same data distribution as the training set. This is a particularly problematic limitation in healthcare, where distribution shifts between hospitals caused by varying patient demographics are commonplace.",1
There is no one-size-fits-all PPML approach for model training or inference by design.,0
"By its very nature, no single privacy-preserving machine learning methodology is universally applicable to every model training or inference scenario.",1
"We observe that previous work pick and choose PPML approaches based on the intended clinical use case. Currently, there is no consensus on what different privacy models look like in healthcare.",0
"The literature shows that researchers select their privacy-preserving approaches on a case-by-case basis according to the specific clinical application, and as yet no community-wide agreement exists regarding what constitutes an appropriate privacy model for healthcare contexts.",1
"We also observe a clear trade-off between privacy and accuracy, based on the availability of computational resources.",0
"A recurring pattern across the reviewed studies is an evident tension between privacy and accuracy, with the achievable balance between the two often determined by the computational resources available to the researcher or institution.",1
"For instance, standalone FL is computationally faster than HE, but it does not provide strong privacy guarantees. On the other hand, HE and DP can provide strong privacy guarantees but they add noise to the model both for private training and private inference resulting in less accurate solutions.",0
"As an illustrative example of this trade-off, FL is substantially faster from a computational standpoint compared to HE, yet offers comparatively weaker privacy protections. Conversely, Homomorphic Encryption and Differential Privacy both furnish rigorous privacy guarantees, but the noise they introduce during both training and inference phases inevitably reduces the accuracy of the resulting models.",1
The centralization of model training in FL poses an additional security threat. Relying on a single central server entails a single point of failure that is highly susceptible to security attacks such as Denial-of-Service.,0
"Another vulnerability inherent to standard federated learning is the concentration of model training coordination within a single central server, which constitutes a critical single point of failure and makes the entire system an attractive target for attacks such as Denial-of-Service.",1
"Although blockchain has been proposed to achieve fully distributed training and mitigate this threat, it increases the complexity of the information technology infrastructure significantly, requiring dedicated resources for the implementation of the distributed ledger and modeling framework.",0
"Blockchain technology has been put forward as a mechanism to eliminate this centralization risk by enabling fully distributed training, but doing so comes at the cost of substantially greater infrastructure complexity, as maintaining a distributed ledger alongside the modeling framework demands considerable dedicated resources.",1
"Most existing work use a single dataset and do not conduct external validation, thus arising concerns about the generalization of the results.",0
The prevalent practice of training and evaluating on a single dataset without independent external validation raises serious concerns about whether the reported results would hold up across different clinical settings or patient populations.,1
"MLaaS for healthcare has not been explored thoroughly. As demonstrated by the limited literature on this topic, we observe that the literature is highly skewed towards PPML for training.",0
"The application of privacy-preserving machine learning within a Machine Learning as a Service framework for healthcare remains an underdeveloped area, with the body of published work heavily weighted toward privacy-preserving training scenarios rather than inference-as-a-service deployments.",1
"Considering disparities in technical capabilities and expertise, information technology resources, and availability of data across medical institutions, the case in which an entity does not have enough resources to perform model training independently is highly likely.",0
"Given the wide variability in technical expertise, infrastructure capacity, and data availability across healthcare institutions, it is entirely realistic—and perhaps common—that many facilities would lack the resources necessary to independently train their own machine learning models.",1
"MLaaS can provide access to models with strong performance, enabling full preservation of data privacy using PPML methods. This makes it a more efficient solution for small-scale or low-resource medical entities to access and leverage third-party knowledge.",0
"By granting access to high-performing pre-trained models while maintaining rigorous data privacy through PPML techniques, Machine Learning as a Service offers a practical and efficient pathway for under-resourced or smaller medical institutions to benefit from state-of-the-art predictive capabilities without bearing the burden of model development.",1
"For the sake of comparison and generalization of results, studies should complement their internal dataset evaluation with additional extensive evaluation on benchmark medical datasets.",0
"To enable meaningful cross-study comparisons and ensure that findings are broadly generalizable, researchers should go beyond internal evaluations and systematically assess their proposed methods on widely adopted benchmark medical datasets.",1
Only 9 out of the 40 studies considered validated their results with an independent test set. This hampers model generalization and hinders performance comparison among approaches built for the same medical task.,0
"Of the forty studies examined in this review, a mere nine validated their findings using an independent external test set—a striking deficiency that compromises the generalizability of the models and makes fair performance comparisons across methods targeting the same clinical task exceedingly difficult.",1
"Current advances in ML for healthcare are moving towards multi-modal learning, where several sources of information are combined to improve performance.",0
"The frontier of machine learning in healthcare is increasingly characterized by multi-modal approaches, in which multiple heterogeneous data sources are fused together to enhance predictive performance beyond what any single modality could achieve alone.",1
"The use of more clinical data entails more privacy concerns, for example, individuals may be identified using correlated data, and requires more training resources due to increased model complexity.",0
Incorporating richer and more diverse clinical data sources amplifies privacy risks—since correlations between data types can facilitate re-identification of individuals—and simultaneously escalates the computational demands required to train the resulting more complex models.,1
The deployment of PPML within MLaaS is a very promising opportunity to access strong proprietary models by less resourceful institutions.,0
"Embedding privacy-preserving machine learning capabilities within a Machine Learning as a Service infrastructure represents a compelling opportunity to democratize access to powerful proprietary models, particularly for institutions that lack the resources to develop such models independently.",1
"Further research on this topic is required to provide secure, private and efficient data sharing between third-party model providers and client institutions.",0
"Substantial additional investigation is needed to establish the technical foundations for secure, private, and computationally efficient data exchange between organizations offering third-party models and the healthcare institutions that seek to use them.",1
"Future work should also investigate the integration of recent advances in DL and ML models in healthcare, considering that most of the current PPML work focuses on convolutional neural networks.",0
"Given that the preponderance of current privacy-preserving ML research in healthcare centers on convolutional neural network architectures, future work should prioritize incorporating the latest advances in deep learning into the PPML framework.",1
"The Transformer architecture and its variants, which are considered the current state-of-the-art for many computer vision or natural language processing tasks, are only adopted by a handful of studies in the current related literature.",0
"Despite Transformer-based architectures and their derivatives being recognized as the leading approach for numerous computer vision and natural language processing benchmarks, their adoption within privacy-preserving healthcare ML research remains confined to just a small number of published works.",1
"Transparency and model explainability are essential for trustworthy artificial intelligence. However, PPML methods, such as data encryption or noise addition, hinder global model and local prediction explainability.",0
Explainability and transparency are foundational requirements for AI systems that can be genuinely trusted. Yet many of the core mechanisms employed in privacy-preserving ML—including encryption of data and the deliberate addition of noise—fundamentally obstruct both the global interpretability of models and the explainability of individual predictions.,1
"The collision between two key principles for trustworthy artificial intelligence, secure and privacy-preserving ML and explainability, highlights an important research problem that is currently under-investigated.",0
A profound tension exists between two pillars of trustworthy AI—privacy preservation and explainability—and the intersection of these competing demands constitutes a research challenge that has received surprisingly little attention in the literature to date.,1
"In conclusion, we recognize the lack of consensus when it comes to defining the requirements of privacy-preserving frameworks in healthcare. This requires collaboration between machine learning scientists, healthcare practitioners, and privacy and security experts.",0
"Ultimately, the field must grapple with the absence of agreed-upon standards for what privacy-preserving frameworks in healthcare should look like. Resolving this will demand sustained interdisciplinary collaboration among ML researchers, clinicians, and experts in privacy and security.",1
"We encourage researchers to perform comprehensive evaluation of proposed algorithms on diverse medical datasets to increase generalization, to investigate the constraints of PPML in multi-modal learning settings, to further consider the promise of MLaaS in healthcare as a catalyst for improved healthcare delivery.",0
"The research community is urged to broaden their evaluations across diverse medical datasets to strengthen generalization, to rigorously explore the limitations PPML methods impose within multi-modal learning architectures, and to more actively investigate the transformative potential of privacy-preserving MLaaS as a vehicle for improving healthcare delivery at scale.",1
"Since medical data is highly sensitive, data sharing is difficult, and subject to ethical restrictions and legal constraints if at all possible.",0
"The highly sensitive nature of medical data renders straightforward data sharing largely impractical, as such sharing would need to navigate a complex web of ethical obligations and legal restrictions that often render it impossible or severely limited.",1
"Federated learning enables collaborative training, which does not require that the involved parties share their training data. Therefore, the data remains private to each local node within the FL network.",0
"The collaborative training paradigm enabled by Federated Learning preserves the privacy of all participating nodes by design: since the raw training data never leaves any local entity, each participant's sensitive information remains entirely within its own boundary throughout the learning process.",1
Steps two and three are repeated sequentially until a performance threshold or a specific number of training iterations is achieved.,0
The local training and parameter aggregation cycle continues iteratively—repeating the same sequence of local updates and server-side averaging—until either a predetermined performance criterion is met or the specified maximum number of training rounds has been completed.,1
"Although these methods are considered information-theoretic secure cryptosystems, recent studies show that leakage of global data properties can occur in some scenarios.",0
"Despite their classification as information-theoretically secure cryptographic systems, recent research has uncovered that under certain conditions, global statistical properties of the underlying data can inadvertently leak through the protocol, representing a subtle but meaningful security concern.",1
"We include recently published work, i.e., publication year greater than or equal to 2020. We include articles that focus on the application or development of PPML either for model training and/or inference.",0
"The review is scoped to work published from 2020 onwards and specifically targets articles that either apply existing privacy-preserving machine learning methods or propose new ones, whether in the context of model training, inference, or both.",1
We include articles that consider clinical tasks involving medical images and/or EHR data.,0
Eligibility for inclusion further requires that the work addresses clinical prediction tasks using at least one of two widely prevalent data modalities in healthcare: medical imaging data or records extracted from Electronic Health Record systems.,1
"Despite the use of other input modalities in medical applications, such as video or text, our review exclusively focuses on medical images and EHR as they are the most prevalent input modalities in diagnostic and prognostic settings.",0
"While medical applications can draw on a variety of data types including clinical text and video recordings, this review deliberately narrows its scope to medical images and EHR data, which together represent the dominant modalities employed in diagnostic and prognostic machine learning tasks.",1
"For benchmarking, we suggest MedMNIST, which contains curated datasets for different medical tasks and modalities. Therefore, similar to MNIST or CIFAR-10 for computer vision models, this medical dataset could be employed as a common benchmark for medical applications.",0
We propose MedMNIST as a standardized benchmarking resource for the field—a curated collection spanning diverse medical tasks and imaging modalities that could serve the same unifying role for healthcare ML that MNIST and CIFAR-10 have played in general computer vision research.,1
"Reducing obstacles for clinical institutions to access powerful inference systems could lead to a major improvement in healthcare delivery across regions, bypassing physical barriers.",0
"Lowering the barriers that prevent clinical institutions from leveraging powerful inference systems has the potential to dramatically improve healthcare delivery, particularly in regions where physical or infrastructural limitations currently restrict access to advanced diagnostic capabilities.",1
It can also lead to an increase in the confidence and widespread adoption of ML in healthcare. It is important to note that the success of MLaaS is dependent on improvements in model generalizability and fairness in external datasets.,0
"Broader access to robust ML systems would also cultivate greater trust in AI-assisted medicine and accelerate its mainstream adoption; however, the long-term success of such initiatives hinges critically on progress in ensuring that models generalize reliably and perform equitably across diverse external patient populations.",1
"The proliferation of fake news and its propagation on social media has become a major concern due to its ability to create devastating impacts. Different machine learning approaches have been suggested to detect fake news. However, most of those focused on a specific type of news (such as political) which leads us to the question of dataset-bias of the models used.",0
"The unchecked dissemination of fabricated news content and its viral propagation through social media platforms has emerged as a matter of profound societal concern, attributable to its demonstrable capacity to precipitate catastrophic consequences. Numerous machine learning methodologies have been proposed as automated detection mechanisms for such content. Nevertheless, the majority of extant approaches have concentrated their analytical focus upon singular news categories — most notably political content — raising substantive questions regarding the dataset-specificity biases inherent in the deployed models.",1
"With the growth of online news portals, social-networking sites, and other online media, online fake news has become a major concern nowadays. But people are often unable to spend enough time to cross-check references and be sure of the credibility of news. Hence, considering the scale of the users and contributors to the online media, automated detection of fake news is probably the only way to take remedial measures.",0
"The proliferation of digital news dissemination platforms, social networking ecosystems, and diverse online media channels has elevated online disinformation to a position of paramount contemporary concern. Regrettably, the general populace frequently lacks the temporal resources requisite to systematically verify references and establish the credentialed authenticity of consumed news content. Given the sheer scale of online media participation, automated disinformation detection arguably represents the sole viable mechanism for implementing meaningful corrective intervention.",1
"Several research works have been carried out on automated fake news detection using both traditional machine learning and deep learning methods over the years. However, most of them focused on detecting news of particular types such as political. Accordingly, they developed their models and designed features for specific datasets that match their topic of interest. These approaches might suffer from dataset bias and perform poorly on news of another topic.",0
"Models and feature engineering pipelines tailored to topic-specific datasets reflecting particular areas of interest have been the dominant development paradigm in this research space. The limitation of topical scope — predominantly political news — characterizes the majority of prior contributions. Notwithstanding this concentration of research activity, numerous automated fake news detection systems employing both traditional and deep learning methodologies have been developed over recent years, yet their susceptibility to dataset bias when evaluated on alternative topical domains remains a persistent concern.",1
"Wang et al. built a hybrid convolutional neural network model that outperforms other traditional machine learning models. Rashkin et al. performed an extensive analysis of linguistic features and showed promising result with LSTM. Singhania et al. proposed a three-level hierarchical attention network, one each for words, sentences, and the headline of a news article.",0
"Wang and collaborators constructed a hybrid convolutional neural network architecture that demonstrated superior performance relative to conventional machine learning baselines. Rashkin and associates conducted comprehensive linguistic feature analysis yielding encouraging outcomes through employment of long short-term memory networks. Singhania and colleagues introduced a three-tier hierarchical attention mechanism, with discrete attention layers dedicated respectively to word-level, sentence-level, and headline-level representational encoding.",1
"BERT is a pre-trained model which was designed to learn contextual word representations of unlabeled texts. Among the two versions of BERT proposed originally, we used BERT-Base for this study considering the huge time and memory requirements of the BERT-Large model. The BERT-Base model has 12 layers with 12 attention heads and 110 million parameters.",0
"BERT constitutes a pre-trained neural language model architecturally designed to acquire contextually sensitive word representations from unannotated text corpora. Owing to the substantial computational time and memory overhead associated with the BERT-Large variant, the BERT-Base configuration was selected for deployment in this investigation. The BERT-Base architecture comprises 12 transformer blocks equipped with 12 attention heads and encompasses approximately 110 million trainable parameters.",1
"RoBERTa achieves better performance than original BERT models by using larger mini-batch sizes to train the model for a longer time over more data. It also removes the NSP loss in BERT and trains on longer sequences. Moreover, it dynamically changes the masking pattern applied to the training data.",0
"RoBERTa surpasses the performance of the foundational BERT architecture through several key training modifications: the employment of augmented mini-batch dimensions, extended training duration across more voluminous data corpora, the elimination of the next-sentence prediction auxiliary objective present in BERT, training on extended input sequences, and the implementation of dynamic masking patterns applied variably across training iterations.",1
"DistilBERT is a smaller, faster, cheaper, and lighter version of original BERT which has 40% fewer parameters than the BERT-Base model. Though original BERT models perform better, DistilBERT is more appropriate for production-level usage due to its low resource requirements. Considering potential users of non-profit blogs and online media, we think low-resource models have a good appeal.",0
"DistilBERT represents a compressed, computationally expedient, and resource-economical derivative of the original BERT architecture, exhibiting a parameter reduction of approximately 40% relative to the BERT-Base configuration. Despite the marginally superior performance of original BERT models, DistilBERT is more amenable to production-scale deployment by virtue of its substantially diminished computational resource requirements. The particular relevance of low-resource model architectures to non-profit blogging platforms and online media operators lends further appeal to this configuration.",1
ELMo is a contextualized word representation learned from a deep bidirectional language model that is trained on a large text corpus. We used the original pre-trained ELMo model proposed by the authors that has 2 bi-LSTM layers and 93.6 million parameters.,0
"ELMo constitutes a contextualized word embedding methodology wherein representations are derived from a deep bidirectional language model trained on a large-scale text corpus. The implementation employed the original pre-trained ELMo configuration as released by the originating authors, featuring two bidirectional LSTM layers and a total parametric capacity of approximately 93.6 million learnable weights.",1
"Liar is a publicly available dataset that includes 12.8K human-labeled short statements from POLITIFACT.COM. It comprises six labels of truthfulness ratings: pants-fire, false, barely-true, half-true, mostly-true, and true. In our work, we try to differentiate real news from all types of hoax, propaganda, satire, and misleading news.",0
"The Liar dataset constitutes a publicly accessible corpus comprising 12,800 human-annotated brief statements sourced from the POLITIFACT.COM fact-checking platform. The dataset employs a six-tier truthfulness rating taxonomy encompassing the designations pants-fire, false, barely-true, half-true, mostly-true, and true. The present investigation endeavors to discriminate authentic news from the full spectrum of disinformation modalities, including hoaxes, propaganda, satire, and misleading content.",1
"Apart from the other two datasets, we have built a combined corpus that contains around 80k news among which 51% are real, and 49% are fake. One important property of this corpus is that it incorporates a wide range of topics including national and international politics, economy, investigation, health-care, sports, entertainment, and others.",0
"Supplementing the two extant datasets, the authors constructed an original combined corpus encompassing approximately 80,000 news articles, with real and fake news constituting 51% and 49% of the total respectively. A particularly salient characteristic of this aggregated dataset is its thematic diversity, spanning national and international political discourse, economic affairs, investigative journalism, healthcare topics, sports coverage, and entertainment content, thereby offering a far more representative cross-section of online news.",1
"Before feeding into the models, raw texts of news required some preprocessing. We first eliminated unnecessary IP and URL addresses from our texts. The next step was to remove stop words. After that, we cleaned our corpus by correcting the spelling of words. We split every text by white-space and remove suffices from words by stemming them.",0
"Prior to model ingestion, the raw news text data necessitated a systematic preprocessing pipeline. The initial processing stage involved the elimination of extraneous IP addresses and hyperlink URLs embedded within the text. Subsequent steps encompassed the removal of semantically non-contributory stop words, followed by corpus-wide orthographic correction to rectify spelling irregularities, tokenization via whitespace segmentation, and morphological stemming to normalize word surface forms.",1
Word-based n-gram was used to represent the context of the document and generate features to classify the document as fake and real. We used both uni-gram and bi-gram features in this benchmark and evaluated their effectiveness.,0
"Word-level n-gram representations were employed to encode the contextual characteristics of individual documents and derive classification features enabling the discrimination between authentic and fabricated news. Both unigram and bigram feature configurations were incorporated into this benchmark evaluation, with their respective discriminative efficacies subjected to systematic comparative assessment across all experimental conditions.",1
"Among the traditional machine learning models, Naive Bayes with n-gram features performs the best with 93% accuracy on our Combined Corpus. We also find that the addition of sentiment features with lexical features does not improve the performance considerably. For lexical and sentiment features, SVM and LR models perform better than other traditional machine learning models.",0
"Within the class of conventional machine learning models, the Naive Bayes classifier configured with n-gram features demonstrated the most competitive performance, attaining 93% classification accuracy on the Combined Corpus. Additionally, the supplementation of lexical features with sentiment-derived indicators was found to yield no statistically meaningful enhancement in classification performance. Among lexical and sentiment feature configurations, Support Vector Machines and Logistic Regression models consistently outperformed the remaining traditional classifiers.",1
LSTM-based models exhibit their best performance on our Combined Corpus where both Bi-LSTM and C-LSTM achieve 0.95 accuracy and 0.95 F1-score. CNN and all hierarchical attention models including Conv-HAN maintain a decent performance on this dataset with more than 0.90 accuracy and F1-score.,0
"LSTM-based architectures attained their peak performance metrics upon the Combined Corpus dataset, with both the Bi-LSTM and C-LSTM configurations achieving 0.95 accuracy and 0.95 F1-score simultaneously. Convolutional neural networks and the complete suite of hierarchical attention architectures, inclusive of the Conv-HAN variant, sustained commendable performance on this dataset, uniformly surpassing the 0.90 threshold across both accuracy and F1-score metrics.",1
"While these models incorporate more complex architectures, they do not suffer from overfitting on a smaller dataset as much as the deep learning models do. This is because these models use pre-trained weights in all the layers except the final classification layers. As a result, they do not need a large dataset for fine-tuning their complex architecture.",0
"Notwithstanding their considerably more elaborate architectural configurations, these pre-trained models exhibit markedly diminished susceptibility to overfitting on limited-size datasets relative to conventional deep learning models. This favorable characteristic is attributable to the utilization of pre-trained weight initializations across all constituent layers excepting the terminal classification head, substantially reducing the effective number of parameters requiring learning from the task-specific dataset and thereby mitigating data hunger.",1
"Among the pre-trained language models, the BERT and transformer-based models are generally better than ELMo. For example, DistilBERT, BERT, ELECTRA, RoBERTa achieve 0.93, 0.95, 0.95, and 0.96 accuracy, respectively on the Combined Corpus dataset while ELMo achieves 0.91.",0
"ELMo, achieving 0.91 accuracy on the Combined Corpus, is consistently outperformed by its transformer-based counterparts within the pre-trained model category. The performance hierarchy among transformer-based architectures places RoBERTa at the apex with 0.96 accuracy, followed jointly by BERT and ELECTRA at 0.95, with DistilBERT achieving 0.93 — all substantially exceeding the ELMo baseline, validating the superior representational capacity of the transformer architecture.",1
"RoBERTa reaches more than 90% accuracy with just 500 training data and continues to improve with the increase of sample size. It hits 98% accuracy with 5000 sample size. On the other hand, both Naive Bayes and Bi-LSTM perform poorly when the size of training dataset is very small, i.e., 500.",0
"The performance superiority of RoBERTa over its evaluated counterparts is particularly pronounced in data-scarce regimes, wherein the model attains over 90% classification accuracy with a training corpus of merely 500 instances, exhibiting continued improvement commensurate with increasing sample availability and ultimately achieving 98% accuracy at 5,000 training examples. In marked contrast, both the Naive Bayes and Bi-LSTM baselines demonstrate substantially degraded performance under analogous low-data conditions.",1
"We have observed that when the number of training data is constant, the accuracy of this model is proportional to the average article length of news. Thus, with the increase of news article length, the models can become more accurate, because those can extract more information to classify the news correctly.",0
"Empirical observation reveals that, under conditions of constant training set size, model accuracy exhibits a proportional relationship with the mean article length of the news documents under analysis. This phenomenon is mechanistically explicable: as news article length increases, the models gain access to richer informational content from which to extract discriminative features, thereby enhancing classification correctness.",1
The topic-wise analysis of misclassification in the combined corpus shows that 49.6% of the false positive news are related to health and research-based topics. This high false positive rate of health and research-related news bears evidence that clickbait news on health and research can be produced more convincingly.,0
"Topic-stratified examination of misclassified instances within the combined corpus reveals that health and research-oriented content accounts for 49.6% of false positive predictions — items incorrectly identified as authentic. The disproportionately elevated false positive rate associated with health and research content provides compelling evidence that disinformation within this topical domain can be crafted with greater verisimilitude, rendering automated detection substantially more challenging.",1
"Naive Bayes with n-gram can attain similar results to neural network-based models on a dataset when the dataset size is sufficient. In the absence of hardware resource requirement of deep learning and advanced pre-trained models, Naive Bayes with n-gram can be a suitable option with a sufficiently large dataset.",0
"The Naive Bayes classifier configured with n-gram representations demonstrates the capacity to achieve performance levels approximating those of neural network architectures when trained on datasets of adequate scale. In operational contexts constrained by hardware resource limitations that preclude the deployment of deep learning or advanced pre-trained models, the n-gram Naive Bayes configuration emerges as a computationally tractable and performatively viable alternative, provided sufficient training data availability.",1
"We find that BERT-based models have achieved better performance than all other models on all datasets. More importantly, we find that pre-trained BERT-based models are robust to the size of the dataset and can perform significantly better on very small sample size.",0
"BERT-based architectures are found to outperform all competing model categories across the complete spectrum of evaluated datasets. Of even greater practical significance is the observed robustness of pre-trained BERT-based models to dataset size constraints, exhibiting markedly superior performance relative to alternative approaches even under severely limited training data conditions.",1
"The existing comparative studies on fake news detection methods also focused on a specific type of dataset or explored a limited number of models. For example, Wang built a benchmark dataset namely, Liar, and experimented some existing models on it. However, the length of this dataset is not sufficient for neural network based advanced models, and some models were found to suffer from overfitting.",0
"Prior comparative evaluations of fake news detection methodologies have similarly been circumscribed by their focus on singular dataset types or restricted model sets. Wang's construction of the Liar benchmark dataset and subsequent experimentation with existing models thereupon represents a notable example. However, the dataset's limited scale renders it insufficient for the effective training of neural network-based advanced architectures, with multiple models demonstrating characteristic overfitting behavior as a direct consequence.",1
"ELECTRA is a transformer model for self-supervised language representation learning. This model is pre-trained with the use of another small masked language model. First, a language model takes an input text and randomly masks the text with a generated input token. Then, ELECTRA models are trained to distinguish real input tokens vs fake input tokens generated by the former language model.",0
"ELECTRA constitutes a transformer-based architecture designed for self-supervised language representation acquisition. Its pre-training methodology employs an auxiliary compact masked language model as a generator component. The procedure initiates with this generator receiving input text and replacing a random subset of tokens with plausibly generated alternatives. Subsequently, the ELECTRA discriminator model is trained to classify each individual token as either genuine or synthetically generated, acquiring rich linguistic representations through this token-level discrimination task.",1
"We find that the training time needed by DistilBERT is almost half of BERT and RoBERTa, and it requires less GPU for testing as well. Therefore, while DistilBERT shows 0.93 accuracy on the combined corpus which is only slightly behind BERT or RoBERTa, DistilBERT can be useful for production-level usage with hardware constraint and less response time.",0
"Empirical training duration measurements reveal that DistilBERT requires approximately half the training time of both BERT and RoBERTa, while also exhibiting reduced GPU memory consumption during inference. Consequently, despite achieving 0.93 accuracy on the combined corpus — marginally inferior to BERT's 0.95 and RoBERTa's 0.96 — DistilBERT emerges as the pragmatically optimal choice for production deployment scenarios subject to hardware resource constraints and latency requirements.",1
"We created a standard training and test set for each of the three datasets by splitting it in an 80:20 ratio so that different models can be evaluated on the same ground. We report the performance of each model in terms of accuracy, precision, recall, and F1-score.",0
"A standardized train-test partition was established for each of the three datasets according to an 80:20 splitting ratio, thereby ensuring that all evaluated models were assessed upon a commensurate and equitable experimental foundation. Model performance is reported across four complementary metrics: classification accuracy, precision, recall, and the F1-score, the latter representing the harmonic mean of precision and recall.",1
"In recent times the media has focused mostly on combating unauthentic political news, it should also pay attention to stop the proliferation of false health and research-related news for public safety. Corona related fake news has caused serious troubles and confusion among the people.",0
"While contemporary media efforts have been predominantly oriented toward the identification and suppression of politically motivated disinformation, commensurate attention must be directed toward curtailing the propagation of health and research-related misinformation in the interest of public safety. COVID-19-related disinformation has precipitated substantial confusion and concrete harm among affected populations, underscoring the urgency of directing research and media scrutiny toward this underappreciated dimension of the broader infodemic.",1
"We used a hierarchical attention network consisting of two attention mechanisms for word-level and sentence-level encoding. Before training, we set the maximum number of sentences in a news article as 20 and the maximum number of words in a sentence as 100. In both level encoding, a bidirectional GRU with output dimension 100 was fed to our customized attention layer.",0
"A bidirectional GRU with output dimensionality of 100 units served as the fundamental encoding component at each representational level, its outputs subsequently channeled into a customized attention layer for selective information aggregation. The hierarchical attention architecture employed comprises two distinct attention mechanisms operating respectively at the word and sentence levels of granularity. Prior to training commencement, architectural constraints were established limiting news article encoding to a maximum of 20 sentences, each comprising at most 100 words.",1
"Usually, news that is deemed as fake is not fully comprised of false information, rather it is blended with true information. To detect the anomaly in a certain part of the news, we need to examine it both with previous and next events of action. We constructed a Bi-LSTM model to perform this task.",0
"Disinformation content characteristically does not consist entirely of fabricated material; rather, it is typically interspersed with factually accurate information to enhance its persuasive credibility. Effective detection consequently necessitates the examination of suspicious content segments in relation to both antecedent and subsequent contextual events. A Bidirectional LSTM architecture was therefore constructed to enable this dual-directional contextual analysis within the news classification pipeline.",1
"We explored a number of advanced pre-trained language models for fake news detection along with the traditional and deep learning ones and compared their performances from different aspects for the first time to the best of our knowledge. We find that BERT and similar pre-trained models perform the best for fake news detection, especially with very small dataset.",0
"This investigation conducted a comprehensive comparative evaluation of advanced pre-trained language models for fake news detection alongside traditional and deep learning alternatives, constituting to the authors' knowledge the first such multi-paradigm comparison in the literature. The principal finding indicates that BERT and analogous pre-trained architectures demonstrate superior performance for fake news detection tasks, with this advantage being particularly pronounced under conditions of severely limited training data availability.",1
"We also carried out several analysis based on the models' performance, article's topic, article's length, and discussed different lessons learned from them. We believe that this benchmark study will help the research community to explore further and news sites and blogs to select the most appropriate fake news detection method.",0
"Supplementary analyses examining the relationship between model performance and variables including article topic distribution and article length were conducted, yielding several instructive practical insights. The authors anticipate that the findings presented in this benchmark investigation will catalyze further scholarly inquiry within the research community and provide actionable guidance for news platforms and blogging organizations seeking to identify and deploy the most contextually appropriate fake news detection solution.",1
"The performance of Naive Bayes reaches saturation at some point around 2.5K training data and after that improves very slowly with the increase of sample size, while the performance of Bi-LSTM has a greater rate of improvement with the increase of training data.",0
"The Naive Bayes model exhibits a characteristic performance saturation phenomenon occurring at approximately 2,500 training examples, beyond which accuracy gains become increasingly marginal despite continued dataset expansion. Bi-LSTM, by contrast, demonstrates a substantially steeper learning curve, exhibiting greater rates of performance improvement commensurate with increasing training data volume, suggesting that this architecture may ultimately outperform Naive Bayes given sufficiently large datasets.",1
"Empath is a tool that can generate lexical categories from a given text using a small set of seed terms. Using Empath, we calculated these categories such as violence, crime, pride, sympathy, deception, war for every news data and used them as features to identify key information in a news article.",0
"Empath constitutes a lexical analysis instrument capable of generating categorical feature representations from textual input through the application of a compact set of seed terms. The deployment of Empath in this study enabled the computation of thematically organized lexical category scores — encompassing dimensions such as violence, criminal activity, pride, empathetic affect, deception, and warfare — for each news article, with these categorical representations subsequently employed as discriminative features within the classification pipeline.",1
"Among the three datasets, two datasets are related to politics while the other dataset has fake news about diverse topics like health and research, politics, economy, and so on. Overall, quotes are greatly misused to design fake news. We find that the most frequent words in these articles are said, study, and research.",0
"Two of the three evaluated datasets are circumscribed to political content, while the Combined Corpus encompasses a broad thematic range spanning health and research, political affairs, economic topics, and numerous additional categories. Examination of misclassified articles reveals that the strategic misappropriation of quotational language represents a pervasive technique in fake news construction. The most frequently occurring terms within these misclassified articles — notably the words said, study, and research — underscore how disinformation producers exploit the lexical conventions of credible journalism to achieve authenticity effects.",1
"This article provides the first survey of computational models of emotion in reinforcement learning (RL) agents. The survey focuses on agent/robot emotions, and mostly ignores human user emotions. Emotions are recognized as functional in decision-making by influencing motivation and action selection.",0
"This work constitutes the inaugural comprehensive examination of computational emotion frameworks within reinforcement learning agent systems. The primary emphasis is placed upon agent and robotic affective constructs, with human user emotional states largely excluded from consideration. The functional significance of emotions in decision-making processes—particularly their measurable influence on motivational drive and action selection mechanisms—is broadly acknowledged throughout the literature.",1
"Categorical emotion theory assumes there is a set of discrete emotions forming the 'basic' emotions. These ideas are frequently inspired by the work by Ekman et al (1987), who identified the cross-cultural recognition of anger, fear, joy, sadness, surprise and disgust on facial expressions. In an evolutionary perspective, each basic emotion can be considered as an elementary response pattern, or action tendency.",0
"The seminal contribution of Ekman et al. (1987) demonstrated that anger, fear, joy, sadness, surprise, and disgust are discernible across cultural boundaries through facial expression analysis, and this finding has served as the predominant inspirational bedrock for categorical emotion theory. This theoretical framework operates under the fundamental postulation that emotions form an enumerable, discrete set of elemental affective categories. From an evolutionary vantage, each such emotion may be construed as a rudimentary behavioral response pattern, or what theorists term an action tendency.",1
"Dimensional emotion theory assumes an underlying affective space. This space involves at least two dimensions; usually valence (i.e. positive/negative evaluation) and arousal (i.e. activation level). For example, fear is a highly arousing and negative affective state. The theory was originally developed as a 'Core affect' model.",0
"An underlying multidimensional affective continuum is presumed by dimensional emotion theory, wherein at minimum two axes—typically valence, representing the positive-to-negative evaluative spectrum, and arousal, denoting the degree of physiological activation—are posited. Fear, as a prototypical illustration, occupies a region characterized by high arousal and pronounced negativity within this space. The theoretical construct was originally articulated as a 'Core affect' model describing enduring baseline emotional states.",1
"The study of emotions in learning agents is useful for three research fields. First, for the machine learning (ML) community, emotions may benefit learning efficiency. Second, researchers working on interactive machine learning and human-robot interaction (HRI) may benefit from emotions to enhance both transparency and user empathy. Finally, from an affective modelling (AM) perspective, RL agents provide the general benefits of the MDP formulation.",0
"Three distinct research communities stand to derive meaningful benefit from the investigation of emotions within learning agents. The machine learning community is positioned to leverage affective constructs to augment learning efficiency and algorithmic performance. Within the interactive machine learning and human-robot interaction domain, emotional expressivity may serve dual roles: enhancing system transparency and cultivating greater user empathy toward artificial agents. For affective modelling researchers, reinforcement learning agents offer the considerable advantages of the Markov Decision Process formulation—minimal prior assumptions, broad domain applicability, and inherent learning capacity.",1
"Emotion is an important part of human intelligence. On the one hand, emotion has been defined as a response to a significant stimulus - characterized by brain and body arousal and a subjective feeling - that elicits a tendency towards motivated action. On the other hand, emotions have also been identified as complex feedback signals used to shape behaviour.",0
"Affective experience occupies a central and indispensable role in human cognitive functioning. Emotion has been conceptualized along two complementary trajectories: as a reactive response to salient stimuli—characterized by neurophysiological arousal, somatic activation, and subjective phenomenal quality—which gives rise to motivationally directed behavioral tendencies; and simultaneously as an intricate system of feedback signals whose primary function is the ongoing modulation and refinement of behavioral repertoires.",1
"Computational reinforcement learning (RL) is a successful approach that enables autonomous agents to learn from interaction with their environment. We adopt a Markov Decision Process (MDP) specified by the tuple: {S, A, T, r, γ}, where S denotes a set of states, A a set of actions, T denotes the transition function, r denotes the reward function and γ denotes a discount parameter. The goal of the agent is to find a policy that maximizes the expected discounted return.",0
"Autonomous agents acquire behavioral competence through direct environmental interaction within the highly efficacious computational paradigm known as reinforcement learning. The foundational representational structure employed is the Markov Decision Process, a formal tuple comprising a state space S, an action set A, a stochastic transition function T governing state-to-state dynamics, a scalar reward function r, and a temporal discount parameter γ. The overarching objective incumbent upon the agent is the identification of a policy that maximizes the expectation of the cumulative discounted reward accumulated over an infinite or finite horizon.",1
"There is a large variety of RL approaches. First, we can separate value-function methods, which try to iteratively approximate the cumulative return specified in the value equation, and policy search, which tries to directly optimize some parametrized policy. Among value-function methods we should identify model-free versus model-based approaches.",0
"The landscape of reinforcement learning methodologies is characterized by considerable diversity and breadth. A primary taxonomic division separates value-function approximation methods—which iteratively estimate the expected cumulative discounted return—from policy search techniques that directly optimize a parameterized behavioral policy without explicit value estimation. Within the value-function category, a further consequential distinction arises between model-free approaches, which bypass explicit transition function estimation, and model-based methods, which construct and exploit an internal environmental model.",1
"One of the earliest symbolic/cognitive architectures was Velasquez' Cathexis model. It incorporated Ekman's six emotions in the pet robot Yuppy, which later also formed the basis for the well-known social robot Kismet. Several well-known symbolic architectures have also incorporated emotions, either based on categorical emotions, somatic marker hypothesis, or appraisal theories.",0
"The Cathexis model, developed by Velasquez, stands as one of the earliest exemplars of a symbolic cognitive architecture integrating emotional functionality. Notably, Ekman's canonical six basic emotions were instantiated within the robotic platform Yuppy and subsequently became the foundational emotional substrate for the widely recognized social robot Kismet. Numerous other symbolic cognitive architectures have likewise incorporated affective constructs, variously grounded in categorical emotion theories, Damasio's somatic marker hypothesis, or componential appraisal theories.",1
"We identify four major categories of emotion elicitation: extrinsic/homeostatic, intrinsic/appraisal, value function and reward-based, and finally hard-wired. The hard-wired emotion elicitation does not seem to provide us any deeper understanding about emotion generation in RL agents, but the papers in this category may actually implement ideas from different elicitation methods.",0
"Four overarching taxonomic categories of emotion elicitation are identified in the reinforcement learning literature: extrinsic and homeostatic mechanisms, intrinsic appraisal-based mechanisms, value function and reward-derived mechanisms, and hard-wired sensation-to-emotion connections. The hard-wired elicitation category, while lacking explanatory depth regarding the fundamental generative mechanisms of emotion, frequently serves as an implementation vehicle for conceptual ideas more properly belonging to one of the other elicitation categories.",1
"The notion of internal drives originates from the Drive Reduction Theory developed by Hull (1943), which identifies drive reduction as a central cause of learning. These innate drives are also known as primary reinforcers, as their rewarding nature is hard-wired in our system due to evolutionary benefit. An example of a homeostatic variable is energy/sugar level, which has a temporal dynamic, an associated drive when in deficit (hunger) and can be satiated by an external influence.",0
"Hull's Drive Reduction Theory, formulated in 1943, established the diminishment of internal drive states as a pivotal causal mechanism underlying learning. Such innate drives carry the designation of primary reinforcers, their intrinsic rewarding character being phylogenetically instantiated through evolutionary pressures. The energy or blood sugar level constitutes a paradigmatic illustration of a homeostatic variable: it exhibits characteristic temporal dynamics, generates the drive state of hunger when depleted below its setpoint, and is amenable to satiation through externally sourced resource consumption.",1
"Appraisal theory is an influential psychological emotion theory. Appraisals are domain independent elements that provide affective meaning to a particular stimulus. As such, they are a basis for emotion elicitation, as different combinations of appraisal dimensions have different associated emotions. Examples of appraisal dimensions are novelty, recency, control and motivational relevance.",0
"Among the most influential theoretical frameworks in emotion psychology, cognitive appraisal theory posits that affective states arise from the evaluative assessment of incoming stimuli according to dimensions that carry intrinsic meaning independent of any particular domain or context. Distinct configurational patterns across appraisal dimensions give rise to correspondingly distinct emotional experiences. Frequently instantiated appraisal dimensions in computational implementations include novelty—the degree to which a stimulus is unfamiliar—recency, perceived control or coping potential, and motivational relevance indicating the bearing of the stimulus on the agent's current goals.",1
"Intrinsic motivation is an active topic in developmental robotics. Singh et al (2010) shows how incorporating these dimensions as extra reward provides better task achievement compared to non-intrinsically motivated agents. The work by Marinier and Laird (2008) takes a diverse set of appraisal dimensions based on Scherer's appraisal theory. These include both sensory processing dimensions, like suddenness, intrinsic pleasantness and relevance, and comprehension and reasoning dimensions, like outcome probability, discrepancy from expectation, conduciveness, control and power.",0
"Within the developmental robotics literature, intrinsic motivation has emerged as a vigorously investigated research topic. Singh et al. (2010) demonstrated empirically that augmenting the reward function with intrinsic motivation dimensions yields superior task accomplishment relative to agents lacking such internally generated incentive structures. The implementation proposed by Marinier and Laird (2008) instantiates a rich multidimensional appraisal framework grounded in Scherer's componential appraisal theory. This framework encompasses low-level sensory processing dimensions—including suddenness, intrinsic pleasantness, and stimulus relevance—alongside higher-order comprehension and deliberative reasoning dimensions such as outcome probability estimation, expectational discrepancy, conduciveness assessment, perceived control, and power attribution.",1
"A large group of emotional RL implementations use emotions to modify the reward function. These approaches add an additive term to the reward function that relies on emotions. In the RL community, this is known as reward shaping. The internal reward can be targeted at maximizing positive emotions, but is also frequently associated to homeostatic variables or appraisal dimensions.",0
"Reward function modification constitutes the predominant functional role assigned to emotion in reinforcement learning implementations. These approaches universally adopt an additive augmentation of the extrinsic reward signal through an internally generated emotional reward term, a procedure formally denominated reward shaping within the RL community. The internally derived reward component may be oriented toward the maximization of positively valenced affective states, though it is equally frequently derived from homeostatic variable dynamics or from the weighted aggregation of appraisal dimension activations.",1
"Most authors in emotion-RL research have focussed on learning efficiency. Overall, emotions have been found beneficial in a variety of learning tasks. Agents with emotional functionality achieved higher average rewards or learned faster. Others researchers focussed on the ability to avoid specific negative rewards, like the ability to avoid collisions and navigate away from obstacles.",0
The preponderance of research contributions in the emotion-reinforcement learning literature has directed primary attention toward learning efficiency as the principal evaluation criterion. The accumulated empirical evidence indicates a broadly beneficial effect of emotional functionality across diverse task domains. Emotionally augmented agents have demonstrated superior average cumulative reward and accelerated convergence to competent behavioral policies relative to non-emotional baselines. Additional reported benefits include enhanced avoidance of negatively rewarding events—such as collision prevention and obstacle circumnavigation—as well as more adaptive goal-switching behavior in multi-resource environments.,1
"Several papers have studied emotion elicitation in RL, without the emotion influencing the learning or behavioural loop. These papers usually focus on different evaluation criteria as well. There can however still be a clear function of the emotion for the agent in a social communication perspective. Emotion may communicate the current learning and behavioural process, and also create empathy and user investment.",0
"A distinct category of investigations examines emotion elicitation within reinforcement learning contexts wherein the elicited affective states exert no causal influence upon the agent's learning dynamics or behavioral decision-making loop, functioning instead as what is termed an epiphenomenon. Such works characteristically adopt alternative evaluation criteria beyond learning performance metrics. Nevertheless, a substantive communicative function persists in this category: externally expressed emotions serve to convey information regarding the agent's internal learning state and current behavioral disposition, while simultaneously fostering empathic engagement and sustained investment from human interaction partners.",1
"With social robots increasingly positioned at our research horizon, we expect interest in emotion in functional agents to increase in the forthcoming years. However, the current implementations seldomly investigate the full social interaction. Although this is a very high-level AI challenge, we believe research should focus in this direction to show empirical success.",0
"As social robotic systems progressively occupy a more central position in the research landscape, it is anticipated that scholarly attention directed toward affective functionality in intelligent agents will experience substantial growth in the near term. The prevailing implementations, however, rarely engage with the comprehensive complexity of authentic social interaction scenarios. Despite the formidable nature of this challenge as an artificial intelligence research problem, empirical progress in this domain represents a critical and strategically important research imperative.",1
"We have not encountered any (emotional) scenario being reproduced by other researchers. This appears to us as an important problem. To enhance the standard of the field, researchers should start reproducing scenarios from other's work to compare with, or borrow from different RL literature. The second topic we want to emphasize is the use of different evaluation criteria.",0
"A conspicuous and troubling lacuna in the emotion-reinforcement learning literature is the near-total absence of scenario replication across independent research groups. This systemic failure to reproduce experimental conditions from prior work represents a significant impediment to scientific progress and cumulative knowledge development. Elevating the methodological rigor of the field necessitates that researchers begin systematically reproducing experimental paradigms from existing publications for comparative benchmarking, or alternatively adopt established scenarios from the broader reinforcement learning literature. Equally pressing is the need for more deliberate and principled selection of evaluation criteria commensurate with the specific research objectives pursued.",1
"The connection between drives/homeostasis and emotions is partially reflected in Damasio's somatic marker hypothesis, stating that emotions are the result of bodily sensations. In general, we identify two ways in which homeostatic systems have been used to elicit emotions. The first elicits categorical emotions from a subset of homeostatic variables, while the second derives an overall well-being from the sum of the homeostatic dimensions.",0
"Damasio's somatic marker hypothesis, which attributes the genesis of emotional experience to interoceptive bodily sensations, finds partial resonance in the computational implementations linking drive states and homeostatic dynamics to affective elicitation. Two principal architectural strategies for deriving emotions from homeostatic systems are discernible in the literature. The first strategy maps specific subsets of homeostatic variables to discrete categorical emotions through established associative rules. The second strategy aggregates all homeostatic variables into a unified scalar well-being measure from which a global affective tone is derived.",1
"This article surveyed emotion modelling in reinforcement learning (RL) agents. For machine learning, emotion may benefit learning efficiency by providing inspiration for intrinsic motivation, exploration and for meta-parameter tuning. The current results should stimulate further cross-over between intrinsic motivation, model-based RL and emotion-RL research.",0
"The present survey has systematically examined the landscape of affective modelling within reinforcement learning agent architectures. From the machine learning perspective, emotional mechanisms hold considerable promise for enhancing learning efficiency through their conceptual alignment with intrinsic motivation research, their potential to guide more principled exploration strategies, and their demonstrated utility in the adaptive tuning of critical meta-learning parameters such as learning rate and discount factor. The accumulated findings provide compelling impetus for deeper investigative cross-pollination among the research threads of intrinsic motivation, model-based reinforcement learning, and emotion-augmented RL systems.",1
"A core challenge for the future will be to integrate all aspects into one larger system, potentially taking a fully learned approach. Along the same line, it is a remaining challenge of this field to translate higher-level psychological concepts into implementable mathematical expressions. At least the RL framework provides a common language to start comparing these translations.",0
"The foremost challenge confronting the field in the coming research epoch is the integration of the currently fragmented approaches—homeostatic, appraisal-based, value-function-derived, and hard-wired—into cohesive unified systems, potentially through end-to-end learned architectures that obviate the need for hand-crafted emotional specifications. Concomitantly, the translation of high-level psychological and cognitive constructs into rigorously defined, computationally tractable mathematical expressions remains an unresolved and fundamental challenge. The reinforcement learning formalism, with its well-established mathematical vocabulary and standardized notational conventions, provides at minimum a shared lingua franca within which competing translations may be systematically compared and evaluated.",1
"Using emotion to modify the state can also be seen as a form of representation learning. There are not many architectures that learn the modification (most hard-code the emotion elicitation), with the exception of Williams et al (2015). Their architecture has similarities to the bottle-neck structure frequently encountered in deep neural network research, for example in deep auto-encoders.",0
"The incorporation of emotional state into the agent's representational input space constitutes a form of representation learning, wherein the affective dimension serves to enrich the informational substrate upon which value function estimation and policy derivation operate. The preponderance of existing architectures, however, hard-code the mapping from environmental features to emotional states rather than learning this mapping from data. A notable exception is the architecture of Williams et al. (2015), whose structural organization bears meaningful resemblance to the bottleneck topology ubiquitous in deep autoencoder network designs within the contemporary deep learning literature.",1
"Joy (or happiness) is the most implemented emotion by a wide variety of authors. A few papers specifically address Ekman's six universal emotions (happy, sad, fear, anger, surprise, disgust), while most papers drop the latter two emotions. In general, happy, sad, fear and anger have been implemented in all elicitation categories.",0
"Across the surveyed literature, joy or happiness emerges as the most frequently implemented categorical emotion, appearing in implementations spanning the full spectrum of authorial backgrounds and research communities. While a subset of publications explicitly targets the complete canonical set of Ekman's six universal emotions—encompassing happiness, sadness, fear, anger, surprise, and disgust—the majority of works omit surprise and disgust from their emotional repertoires. The tetrad of happiness, sadness, fear, and anger demonstrates the broadest coverage, having been instantiated across all four major elicitation categories identified in this survey.",1
"Model-based RL is a hybrid form of planning and sampling. In model-based RL, we approximate the transition and reward function from the sampled experience. After acquiring knowledge of the environment, we can mix real sample experience with planning updates.",0
"Model-based reinforcement learning occupies a hybrid position between pure planning approaches such as dynamic programming and pure sampling-based methods such as temporal difference learning. The model-based paradigm involves the concurrent estimation of transition dynamics and reward functions from collected agent-environment interaction data. Once a sufficiently accurate environmental model has been acquired, the agent may intersperse genuine environmental interactions with synthetic planning rollouts generated from the learned model, thereby improving sample efficiency.",1
"There is one important assumption throughout this work, which we want to emphasize here. We already introduced the distinction between extrinsic and intrinsic motivation in RL at the end of the last section. Throughout this work, we parallel extrinsic motivation with homeostasis, and intrinsic motivation with appraisal.",0
"A foundational assumption permeating the entirety of this work warrants explicit emphasis at this juncture. The distinction previously introduced between extrinsic and intrinsic motivation is systematically paralleled, throughout this survey, with the psychological constructs of homeostasis and cognitive appraisal respectively. Extrinsic motivation, linked to external resource states, finds its conceptual counterpart in homeostatic regulatory dynamics, while intrinsic motivation—domain-independent and history-derived—exhibits deep structural alignment with appraisal theory.",1
"Damasio took a different perspective on rational emotions through the somatic marker hypothesis. He proposes that emotions are the result of bodily sensations, which tell the organism that current sensations are beneficial, such as pleasure, or harmful, such as pain. The somatic marker is therefore a signal that can be interpreted as feedback about the desirability of current and imagined situations.",0
"Damasio's somatic marker hypothesis articulates a distinct account of the relationship between emotion and rational cognition. According to this framework, emotional states are constituted by somatic sensations—interoceptive signals arising from the body—that encode evaluative information about the desirability or aversiveness of current experiential states, with pleasure signaling beneficial conditions and pain signaling harmful ones. The somatic marker thereby functions as a valenced feedback signal applicable both to immediate perceptual situations and to imagined or anticipated future states, guiding deliberative decision-making processes.",1
"The second most implemented dimension is arousal. Arousal has been connected to extrinsic homeostatic dimensions such as pain and overall well-being, appraisal-like dimensions such as continuation of incoming stimulus, and a few hard-wired implementations. Note that some do not use the term arousal but refer to similar concepts, such as relaxation and restlessness.",0
"Following valence as the most implemented dimensional emotion construct, arousal occupies the second position in terms of frequency of implementation across the surveyed literature. Implementations of arousal have drawn from diverse elicitation sources: extrinsic homeostatic variables including pain intensity and aggregate well-being level; appraisal-adjacent dimensions relating to the temporal persistence of eliciting stimuli; and several hard-wired sensation-to-arousal mappings. Terminological variation is noteworthy in this category, with some authors employing functionally equivalent constructs under alternative labels such as relaxation or restlessness rather than explicitly invoking the arousal terminology.",1
"The connection between dopamine and the temporal difference error has been extensively studied in neuroscience. This work inspired implementations connecting happiness and unhappiness to the positive and negative temporal difference, respectively. Models based on the temporal difference are robust against shifting the reward function by a constant.",0
"The neuroscientific literature has extensively documented an association between phasic dopaminergic activity and the temporal difference prediction error signal in reinforcement learning systems, a finding that has directly inspired computational implementations mapping the sign of the temporal difference error to emotional valence. Positive temporal difference errors—reflecting better-than-expected outcomes—are associated with happiness or joy, while negative errors signaling worse-than-expected results are mapped to unhappiness or distress. An important practical virtue of temporal difference-based emotion implementations is their invariance to constant additive transformations of the reward function, a robustness property not shared by direct value-based emotional mappings.",1
"The work by Marinier and Laird takes a diverse set of appraisal dimensions based on Scherer's appraisal theory. The implementation by Sequeira et al uses a smaller subset of appraisal dimensions: novelty, relevance, valence and control. Note that these appraisal-based papers only elicit appraisal dimensions, without specifying categorical or dimensional emotions on top.",0
"Drawing upon Scherer's comprehensive componential appraisal theory, the implementation of Marinier and Laird instantiates an extensive multidimensional appraisal architecture encompassing both low-level perceptual dimensions and higher-order cognitive evaluation dimensions. In deliberate contrast, the framework of Sequeira et al. adopts a more parsimonious subset of appraisal dimensions—restricting the representation to novelty, motivational relevance, valence, and perceived control. A notable architectural characteristic shared by these appraisal-based implementations is their restraint in not mapping the computed appraisal dimension values to specific categorical or dimensional emotion labels—the appraisal dimensions themselves constitute the terminal representational layer.",1
"Regarding emotion types we observed a relatively larger corpus of categorical implementations than dimensional models. Although dimensional models are appealing from an engineering perspective, they are usually implemented in 1D or 2D space. This makes it challenging to implement a diverse set of emotions.",0
"The survey reveals a pronounced asymmetry in the relative prevalence of categorical versus dimensional emotion implementations, with categorical approaches substantially outnumbering dimensional ones in the literature. While dimensional emotion models possess inherent engineering appeal due to their continuous and geometrically interpretable representational structure, their practical implementations are typically confined to one-dimensional valence representations or two-dimensional valence-arousal spaces. This low-dimensional restriction poses a significant constraint on the representational richness and emotional diversity achievable within such frameworks.",1
"Emotions have also been used as part of the state-space, learning emotion specific value functions and policies. Some papers explicitly write Q(s, a, e), where e denotes the emotional state, to illustrate this dependency. More examples of such implementations can be found where emotion enters the state-space either as a full dimensional emotional state or as a dominant drive.",0
"An alternative functional role for emotion in reinforcement learning involves its incorporation directly into the state representation, resulting in emotion-conditioned value functions and correspondingly specialized behavioral policies. Several authors make this dependency explicit through the notation Q(s, a, e), wherein e denotes the current emotional state as a distinct component of the extended state descriptor. This architectural choice effectively partitions the value function and policy learning problem into emotion-specific subproblems, with the emotional state either entering as a full-dimensional affective vector or, in homeostatic architectures, as the index of the currently dominant drive.",1
Efficient approximation lies at the heart of large-scale machine learning problems.,0
The ability to approximate computational quantities efficiently is arguably the central challenge underpinning modern large-scale machine learning.,1
"In this paper, we propose a novel, robust maximum entropy algorithm, which is capable of dealing with hundreds of moments and allows for computationally efficient approximations.",0
"We introduce a new maximum entropy algorithm distinguished by its robustness and its capacity to handle hundreds of moment constraints simultaneously, while remaining computationally tractable.",1
"We showcase the usefulness of the proposed method, its equivalence to constrained Bayesian variational inference and demonstrate its superiority over existing approaches in two applications, namely, fast log determinant estimation and information-theoretic Bayesian optimisation.",0
"The utility of the proposed method is demonstrated through two applications—fast log determinant estimation and information-theoretic Bayesian optimisation—and we further establish its theoretical equivalence to constrained Bayesian variational inference, showing it outperforms existing alternatives in both settings.",1
"Algorithmic scalability is an important component of modern machine learning. Making high quality inference on large, feature rich datasets under a constrained computational budget is arguably the primary goal of the learning community.",0
"Among the defining challenges of contemporary machine learning, the scalability of algorithms stands out as paramount. The overriding objective for much of the learning community is to perform high-quality inference on large, feature-rich datasets while operating within tight computational constraints.",1
"On the one hand, the exact computation of linear algebraic quantities may be prohibitively expensive, such as that of the log determinant. On the other hand, an analytic expression for the quantity of interest may not exist at all, such as the case for the entropy of a Gaussian mixture model.",0
"The challenges of large-scale ML arise from two directions: certain linear algebraic quantities—the log determinant being a prime example—are simply too expensive to compute exactly, while other quantities of interest, such as the entropy of a Gaussian mixture, admit no closed-form analytic expression whatsoever.",1
"We propose a novel, robust maximum entropy algorithm, stable for a large number of moments, surpassing the limit of previous maximum entropy algorithms.",0
"Prior maximum entropy algorithms were constrained to handle only a small number of moments, a limitation our novel and robust algorithm overcomes by remaining stable and consistent even when many hundreds of moment constraints are incorporated.",1
"We show that the ability to handle more moment information, which can be calculated cheaply either analytically or with the use of stochastic trace estimation, leads to significantly enhanced performance.",0
Our results demonstrate that the capacity to incorporate richer moment information—obtainable at low cost either through closed-form analytic expressions or via stochastic trace estimation—translates directly into substantially improved approximation performance.,1
The method of maximum entropy is a procedure for generating the most conservative estimate of a probability distribution with the given information and the most non-committal one with regard to missing information.,0
"Maximum entropy is fundamentally a principle for constructing probability distributions: given the available information, it prescribes the distribution that makes the fewest unwarranted assumptions—the most conservative and non-committal estimate consistent with what is known.",1
"Intuitively, in a bounded domain, the most conservative distribution, i.e., the distribution of maximum entropy, is the one that assigns equal probability to all the accessible states.",0
"In a bounded domain, the intuition behind maximum entropy is straightforward: the flattest possible distribution—the one that spreads probability mass equally across all accessible states—is the one that maximizes entropy and therefore encodes the least additional information beyond the given constraints.",1
"The method of maximum entropy can be thought of as choosing the flattest, or most equiprobable distribution, satisfying the given moment constraints.",0
"Conceptually, applying maximum entropy is equivalent to selecting, from all distributions that satisfy the specified moment constraints, the one that is most uniform and assigns the most nearly equal probability to every outcome.",1
"In some problems, there exist analytic expressions which can be used to compute the moments. One popular example is the Gaussian distribution and the mixture of Gaussians.",0
"For certain probability distributions, the moments can be derived in closed form rather than estimated numerically; the Gaussian distribution and its mixtures represent a well-known class of models for which such analytic moment expressions are available.",1
Stochastic trace estimation is an effective way of cheaply estimating the moments of the eigenvalue spectrum of a given matrix.,0
"A computationally inexpensive approach to approximating the moments of a matrix's eigenvalue spectrum is stochastic trace estimation, which exploits random probing vectors to estimate trace quantities without requiring explicit eigendecomposition.",1
The essential idea is that we can estimate the non-central moments of the spectrum by using matrix-vector multiplications.,0
"At its core, stochastic trace estimation leverages the fact that the non-central moments of the eigenvalue distribution can be approximated through a sequence of matrix-vector multiplication operations rather than through expensive direct computation.",1
"This allows us to calculate the non-central moment expectations in O(dmn^2) complexity for dense matrices, where d times m is much less than n and nnz is the number of non-zero entries in the matrix.",0
The resulting algorithm achieves a computational complexity of O(dmn²) for dense matrices—a significant reduction from the cubic cost of exact methods—provided that the product of the number of probe vectors and moments remains much smaller than the matrix dimension.,1
"To make the Hessian better conditioned so as to achieve convergence, we symmetrise it and add jitter of intensity along the diagonal.",0
"In order to improve the numerical conditioning of the Hessian matrix and thereby facilitate convergence of the optimization, the matrix is symmetrized and a small regularization term is added along its diagonal.",1
"Calculation of the log determinant is a common hindrance in machine learning, appearing in Gaussian graphical models, Gaussian processes, variational inference, metric and kernel learning, Markov random fields and determinantal point processes.",0
"The log determinant computation recurs as a computational bottleneck across a diverse range of machine learning methods, including Gaussian processes, variational inference, metric learning, Markov random fields, Gaussian graphical models, and determinantal point processes.",1
"For a large positive definite matrix, the canonical solution involves the Cholesky decomposition. The log determinant is then trivial to calculate as the sum of logs of diagonal entries. This computation invokes a computational complexity of O(n^3) and storage complexity of O(n^2), which becomes prohibitive for large n.",0
"The standard approach to computing the log determinant relies on Cholesky decomposition, after which the result follows directly from the diagonal entries. However, this method demands O(n³) computation and O(n²) memory, costs that become entirely impractical when the matrix dimension n grows large.",1
"Any symmetric positive definite matrix is diagonalisable by a unitary matrix, hence we can write the log determinant as a sum of log eigenvalues, which equals n times the expectation under the spectral measure.",0
"Because every symmetric positive definite matrix admits a unitary diagonalization, its log determinant can be reexpressed as the sum of the logarithms of its eigenvalues, which in turn equals n multiplied by the expected value of the log eigenvalue under the empirical spectral distribution.",1
"Given that the matrix is PD, we know that the minimum eigenvalue is greater than zero and we can divide the matrix by an upper bound of the eigenvalue via the Gershgorin circle theorem.",0
"The positive definiteness of the matrix guarantees that all eigenvalues are strictly positive, and by invoking the Gershgorin circle theorem to identify an eigenvalue upper bound, we can normalize the spectrum to lie within the unit interval, simplifying subsequent computations.",1
"We see that, for low condition numbers, the benefit of framing the log determinant as an optimisation problem is marginal, whereas for large condition numbers, the benefit becomes substantial, with orders of magnitude better results than competing methods.",0
"Experimental results reveal that when condition numbers are small, the maximum entropy approach offers only modest advantages over existing methods; however, for highly ill-conditioned matrices, the proposed algorithm's superiority becomes dramatic, yielding approximation errors orders of magnitude smaller than competing approaches.",1
"For the proposed MEMe algorithm, the performance is vastly improved in terms of estimation error; furthermore, the error continually decreases with increasing number of moments, and the entropy decreases smoothly.",0
"Unlike the classical algorithm whose error degrades after a few moments, MEMe exhibits monotonically improving estimation accuracy as additional moment constraints are incorporated, with the entropy of the approximating distribution decreasing in a smooth and consistent manner throughout.",1
"Bayesian Optimisation is a powerful tool to tackle global optimisation challenges. It is particularly useful when the objective function is unknown, non-convex and very expensive to evaluate.",0
"When an objective function is costly to evaluate, non-convex, and not available in closed form, Bayesian Optimisation provides an effective framework for global optimization by building a probabilistic surrogate model of the objective and using it to guide the search intelligently.",1
"When applying BO, we need to choose a statistical prior to model the objective function and define an acquisition function which trades off exploration and exploitation to recommend the next query location.",0
"The two fundamental design choices in Bayesian Optimisation are the statistical prior used to model the unknown objective—typically a Gaussian process—and the acquisition function, which encodes the exploration-exploitation trade-off that determines where to evaluate next.",1
Information-theoretic BO methods select the next query point that maximises information gain about the unknown global optimiser or optimum.,0
"Rather than relying on simple heuristics, information-theoretic Bayesian optimisation methods select each new query point by identifying the location that is expected to yield the greatest reduction in uncertainty about the identity or value of the global optimum.",1
"Despite their impressive performance, the computation of their acquisition functions involves an intractable term of Gaussian mixture entropy.",0
"A fundamental computational challenge for information-theoretic Bayesian optimisation methods is that evaluating their acquisition functions requires computing the entropy of a Gaussian mixture, which lacks a closed-form solution and is therefore intractable.",1
"Accurate approximation of this Gaussian mixture entropy term is crucial for the performance of information-theoretic BO, but can be difficult and expensive.",0
"How accurately the Gaussian mixture entropy is approximated has a direct and significant impact on the performance of information-theoretic Bayesian optimisation; unfortunately, obtaining a good approximation is both technically demanding and computationally costly with existing methods.",1
"In this paper, we propose an efficient approximation of the Gaussian mixture entropy by using MEMe, which allows for efficient computation of the information-theoretic acquisition functions.",0
"We address this challenge by proposing the use of MEMe to approximate the Gaussian mixture entropy efficiently, thereby enabling the computation of information-theoretic acquisition functions at a cost that is practical for real applications.",1
"The non-negative relative entropy between the true density and the MaxEnt distribution gives us an analytic upper bound for the entropy of the Gaussian mixture, which becomes tighter with every extra moment constraint.",0
"By exploiting the non-negativity of the KL divergence between the true distribution and the maximum entropy approximation, we derive an analytic upper bound on the Gaussian mixture entropy that tightens progressively as additional moment constraints are added.",1
"Notice that the entropy of the MaxEnt distribution can be derived analytically, where the moments of a Gaussian mixture can be computed analytically and the Lagrange multipliers can be obtained by applying the proposed MaxEnt algorithm.",0
"A key practical advantage of the MEMe approach is that the entropy of the resulting maximum entropy distribution admits a closed-form analytic expression: the Gaussian mixture moments are computed analytically, and the Lagrange multipliers are determined by running the proposed MaxEnt optimization algorithm.",1
"In the m tends to infinity limit, the entropy of the MaxEnt distribution converges to the true Gaussian mixture entropy.",0
"As the number of moment constraints grows without bound, the entropy of the maximum entropy approximating distribution provably converges to the true entropy of the Gaussian mixture, justifying the use of a moment-based approximation approach.",1
"We can see clearly that all MEMe approaches outperform other methods in terms of the approximation error. Among the MEMe approaches, the use of Legendre moments, which apply orthogonal Legendre polynomial bases, outperforms the use of simple power moments.",0
"Across all experimental conditions, every variant of the MEMe method delivers superior approximation accuracy compared to competing approaches. Within the MEMe family, using Legendre polynomial bases—which possess the desirable orthogonality property—consistently yields better results than relying on standard power moments.",1
MEMe approaches are significantly faster than the rest of approximation methods. This demonstrates that MEMe approaches are highly efficient in terms of both approximation accuracy and computational speed.,0
"Beyond accuracy, MEMe methods also exhibit substantially lower runtimes compared to alternative approximation strategies, establishing MEMe as a method that achieves both computational efficiency and high approximation fidelity simultaneously.",1
"MEMeL-10 manages to recommend the same next query location as the expensive numerical quadrature approach. In comparison, the loose upper bound of the moment matching method fails to correctly predict the global maximiser of the true acquisition function.",0
"Remarkably, the MEMeL-10 variant identifies the same optimal query location as the computationally expensive exact numerical quadrature baseline, whereas the simple moment matching approach, due to its looser upper bound, incorrectly identifies the maximizer of the acquisition function.",1
"The sub-optimal choice of the next query location imposes a penalty on the optimisation performance, which is reflected in slower convergence to the global minimum.",0
"When the acquisition function is poorly approximated and consequently the next query location is chosen suboptimally, the entire Bayesian optimisation procedure suffers, exhibiting noticeably slower convergence toward the true global minimum of the objective function.",1
"It is evident that the MEMe approach, which better approximates the Gaussian mixture entropy, leads to a superior performance of the BO algorithm compared to the BO algorithm using simple moment matching technique.",0
"The experimental results clearly demonstrate that more accurate entropy approximation translates into better optimisation performance: FITBO equipped with MEMe consistently outperforms the version relying on moment matching, confirming that the quality of the entropy approximation directly governs optimisation efficiency.",1
"We establish the link between maximum entropy methods and variational inference under moment constraints, hence connecting the former to well-known Bayesian approximation techniques.",0
"A key theoretical contribution of our work is the formal establishment of the connection between maximum entropy methods and variational inference when moment constraints are imposed, thereby situating maximum entropy within the broader family of Bayesian approximation methods.",1
"Minimising the reverse KL divergence between our posterior and our prior with respect to the distribution, subject to moment constraints, is equivalent to the method of maximum relative entropy.",0
"When moment constraints are imposed, minimizing the reverse Kullback-Leibler divergence between the approximate posterior and the prior—the standard objective in constrained variational inference—turns out to be mathematically equivalent to the method of maximum relative entropy from information physics.",1
"In the case of a flat prior, we reduce to the method of maximum entropy with moment constraints.",0
"When the prior distribution is taken to be uniform over the domain of interest, the constrained variational inference objective simplifies to precisely the standard maximum entropy problem with moment constraints.",1
The proposed algorithm can further benefit a wide range of large-scale machine learning applications where efficient approximation is of crucial importance.,0
"Beyond the two applications demonstrated in this paper, the MEMe framework has the potential to accelerate and improve a broad spectrum of large-scale machine learning methods that depend on computationally expensive approximations of distributional quantities.",1
"Given that log(lambda) is not analytic at lambda equals zero, it can be seen that for any density with a large mass near the origin, a very large number of polynomial expansions will be required to achieve a good approximation, irrespective of the choice of basis.",0
"The non-analyticity of the logarithm at zero presents a fundamental challenge for polynomial approximation approaches: when the spectral density places significant probability mass near the origin, achieving an accurate approximation demands an impractically large number of polynomial expansion terms, regardless of which polynomial basis is employed.",1
"The error in the Taylor approximation can be written as the difference of two sums, and for the error to be equal to that of the Taylor expansion, the implicit surrogate density must have certain moments identical to the true spectral density while all higher moments are zero.",0
"Examining the error structure of Taylor-based approximations reveals that the implicit surrogate distribution they assume must match the true spectral density's first m moments exactly while setting all higher-order moments to zero—a constraint that, as we show, forces the surrogate density to take negative values and thus violates the basic requirements of a valid probability distribution.",1
"We apply MEMe to the problem of estimating the log determinant, crucial to inference in determinantal point processes, and to that of estimating the entropy of a Gaussian mixture, important to state-of-the-art information-theoretic Bayesian optimisation algorithms.",0
"Two important machine learning problems serve as test cases for MEMe: estimating the log determinant of large matrices—a bottleneck in determinantal point process inference—and approximating the entropy of Gaussian mixture models, which is a key computational challenge in state-of-the-art information-theoretic Bayesian optimisation.",1
We reformulate the log determinant estimation into an eigenvalue spectral estimation problem so that we can estimate the log determinant of a symmetric positive definite matrix via computing the maximum entropy spectral density of its eigenvalues.,0
"Our approach reframes the log determinant computation as a problem of spectral density estimation: by finding the maximum entropy distribution over the eigenvalues of the matrix, we can efficiently estimate the log determinant without ever explicitly computing the full eigendecomposition.",1
"In our implementation, we use Python's SciPy Newton-conjugate gradient algorithm to solve the minimisation, having firstly computed the gradient within a tolerance level as well as the Hessian.",0
"Our practical implementation employs the Newton-conjugate gradient solver available in Python's SciPy library to minimize the dual objective, computing both the gradient and Hessian of the objective to the required tolerance before proceeding.",1
"Empirically, we observe that the algorithm is not overly sensitive to these choices. In particular, we find that, for well conditioned problems, the need for jitter is obviated and a smaller grid size works fine.",0
"Through experimentation, we find that the algorithm's behavior is relatively robust to the specific hyperparameter values chosen. For well-conditioned problems specifically, the diagonal regularization term becomes unnecessary and finer discretization grids produce adequate results.",1
"We find vastly improved performance and conditioning when we switch to orthogonal polynomial bases, such that errors between moment estimations are uncorrelated.",0
"Switching from power moments to orthogonal polynomial bases—such as Chebyshev or Legendre polynomials—yields dramatically better numerical conditioning and performance, because orthogonality ensures that the errors in individual moment estimates are decorrelated from one another.",1
"Whether we choose to use power moments in our constraints or another polynomial basis does not change the entropy or solution of our objective. However, the performance of optimisers working on these different formulations may vary.",0
"The mathematical solution to the maximum entropy problem is invariant to the choice of polynomial basis used to express the moment constraints, as any polynomial can be rewritten in another basis. Nevertheless, the numerical behavior and convergence of practical optimizers can differ substantially across these equivalent formulations.",1
"Bayesian Optimisation has been successfully applied in a wide range of applications including automatic machine learning, robotics and experimental design.",0
"The practical impact of Bayesian Optimisation extends across numerous high-value application domains, having been deployed successfully for automatic machine learning pipeline design, robotic control optimization, and the design of scientific experiments.",1
"One of the most popular prior models is the Gaussian processes, and the most recent class of acquisition functions that demonstrate state-of-the-art empirical performance is the information-theoretic ones.",0
"Among the various choices of surrogate model, Gaussian processes have established themselves as the dominant prior for Bayesian optimisation, and the acquisition functions that currently achieve the best empirical performance are those grounded in information-theoretic principles.",1
"In BO, the next query location is obtained by maximising the acquisition function, therefore the location instead of the magnitude of the modes of the acquisition function matters most.",0
"Since the role of the acquisition function in Bayesian Optimisation is to guide the selection of the next evaluation point, what matters from a practical standpoint is not the absolute scale of the acquisition function's peaks but rather their precise locations, as these determine where the next experiment is conducted.",1
"We test these BO algorithms on two challenging optimisation problems, the Michalewicz-5D function and the Hartmann-6D function, and measure the optimisation performance in terms of the immediate regret.",0
"To benchmark the optimisation performance of the proposed approach, we evaluate all compared algorithms on two demanding test functions—the five-dimensional Michalewicz function and the six-dimensional Hartmann function—using immediate regret as the performance metric.",1
The average result over 10 random initialisations for each experiment is shown. It is evident that the MEMe approach leads to a superior performance of the BO algorithm compared to the BO algorithm using simple moment matching technique.,0
"Averaging over ten independent random initializations, the results unambiguously show that incorporating MEMe for entropy approximation yields a consistently better-performing Bayesian optimisation algorithm than the baseline approach that relies on the simpler and less accurate moment matching technique.",1
"We established the equivalence between the method of maximum entropy and Bayesian variational inference under moment constraints, and proposed a novel maximum entropy algorithm that is stable and consistent for a large number of moments.",0
"Theoretically, we proved that maximum entropy and constrained Bayesian variational inference are equivalent formulations of the same problem; practically, we proposed a stable and consistent algorithm that extends the applicable range of maximum entropy methods to handle far more moment constraints than was previously feasible.",1
"We apply MEMe in two applications, log determinant estimation and Bayesian optimisation, to demonstrate its effectiveness and superiority over state-of-the-art approaches. The proposed algorithm can further benefit a wide range of large-scale machine learning applications where efficient approximation is of crucial importance.",0
Demonstrated on log determinant estimation and Bayesian optimisation—two settings where it consistently outperforms state-of-the-art methods—MEMe is positioned as a broadly applicable tool for any large-scale machine learning context in which the efficient and accurate approximation of intractable quantities represents a key bottleneck.,1
Recent work has considered incorporating knowledge of the non-central moments of a normalised eigenspectrum by replacing the logarithm with a finite polynomial expansion.,0
"Prior approaches to log determinant approximation have exploited knowledge of the normalized eigenspectrum's non-central moments by substituting the logarithm with a truncated polynomial expansion, an idea that our work refines and substantially extends.",1
"The error in this approximation can be written as the difference of the two sums, where we have used the Taylor expansion of log of one minus x.",0
"Analyzing the approximation error introduced by the Taylor series approach, we find it equals the tail of an infinite series—the terms that are discarded when the expansion is truncated—a quantity whose sign and magnitude depend critically on the spectral properties of the matrix.",1
"For any PD matrix for which the expectation of one minus lambda to the power i is greater than zero for all i, for the error to equal that of the Taylor expansion, the implicit surrogate density must be negative for some values.",0
"For any positive definite matrix whose spectral distribution assigns positive probability to values away from one, the Taylor approximation implicitly requires its surrogate density to be negative over some region—a mathematical impossibility that reveals the fundamental unsoundness of polynomial approximation approaches for this problem.",1
We generate a typical squared exponential kernel matrix using the Python GPy package with six dimensional Gaussian inputs with a variety of realistic uniform length-scales.,0
"Our synthetic experiments use squared exponential kernel matrices constructed via the GPy library, generated from six-dimensional Gaussian inputs across a range of length-scale values chosen to represent realistic covariance structures of varying condition numbers.",1
"We use 30 moments and 50 Hutchinson probe vectors in MEMe for the log determinant estimation, and display the absolute relative estimation error for different approaches.",0
"For the log determinant experiments, MEMe is configured with thirty moment constraints and fifty Hutchinson random probing vectors; we then compare the resulting absolute relative estimation errors against those achieved by competing methods across varying matrix condition numbers.",1
"The conventional application of entropy, primarily focused on information uncertainty, is extended through its combination with rough set theory to offer a deeper insight into data's intrinsic structure and the interpretability of machine learning models.",0
"The traditional utilization of entropy, which has heretofore been predominantly oriented toward quantifying informational indeterminacy, undergoes a substantive augmentation via its juxtaposition with rough set theory, thereby furnishing more profound elucidation into the inherent architectural composition of datasets alongside the explicability of computational learning constructs.",1
"Shannon entropy, a cornerstone in information theory, quantifies the uncertainty or the informational content within a system.",0
"Constituting a foundational pillar within the discipline of information theory, Shannon entropy serves as a precise quantitative measure of the unpredictability or the aggregate informational substance encapsulated within any given system.",1
"Rough set theory, on the other hand, provides a framework to deal with vagueness and indiscernibility in data, enabling the analysis of data's granularity and the discernment of patterns within an ambiguous informational landscape.",0
"Rough set theory, conversely, proffers a comprehensive theoretical scaffolding specifically engineered to contend with imprecision and indistinguishability inherent within datasets, facilitating granular analytical examination and the elucidation of latent patterns embedded within informationally ambiguous territories.",1
"The intersection of these two theories presents a fertile ground for advancing machine learning evaluation. Traditional metrics, while effective in gauging model performance, often overlook the nuanced interplay of data features and their collective impact on the learning process.",0
"The confluence of these two mathematical frameworks constitutes a particularly propitious theoretical terrain for the advancement of machine learning assessment methodologies. Conventional evaluation metrics, despite their established efficacy in gauging model behavior, systematically overlook the intricate reciprocal relationships subsisting among data features and the aggregate influence such relationships exert upon the learning dynamics.",1
"In the context of machine learning, entropy provides a measure of the impurity or diversity of the attributes or classes within a dataset.",0
"Within the purview of machine learning applications, entropy serves as a quantifiable indicator of heterogeneity or the distributional variegation exhibited across the constituent attributes or categorical classifications present in any given dataset.",1
"Shannon's entropy defined as the negative sum of p(xi) log p(xi) serves as a foundational metric in various machine learning algorithms, particularly in decision tree classifiers. In these algorithms, entropy helps in determining the optimal points for splitting the data.",0
"The mathematical formulation attributed to Shannon, expressed as the negative summation of each element's probability multiplied by its logarithmic probability, constitutes an indispensable baseline measurement across numerous machine learning computational frameworks, with particular salience manifested in arborescential classification methodologies. Within such structures, the entropic metric facilitates the identification of maximally discriminative bifurcation thresholds within the data corpus.",1
"The application of entropy extends beyond tree-based models. It is instrumental in feature selection, where the goal is to identify the most informative features that contribute to the predictive power of a model.",0
"The applicability of entropic measures transcends the domain of hierarchical tree-based architectures. It assumes a pivotal instrumental role within feature selection procedures, wherein the primary objective resides in isolating those input variables that maximally augment the predictive capacity of the resulting model.",1
"By evaluating the entropy of different feature subsets, machine learning practitioners can eliminate redundant or irrelevant features, simplifying the model without sacrificing performance.",0
"Through systematic evaluation of the informational entropy characterizing disparate feature subsets, practitioners in the field of machine learning are empowered to excise superfluous or extraneous variables from their models, thereby achieving computational parsimony without concomitant degradation of predictive efficacy.",1
"Rough set theory, introduced by Zdzisław Pawlak in the early 1980s, provides a mathematical framework to deal with vagueness and indiscernibility in information systems. It is particularly useful in the realm of data analysis for handling imprecise or incomplete information.",0
"First formalized by the Polish mathematician Zdzisław Pawlak during the nascent years of the 1980s, rough set theory constitutes a rigorous mathematical apparatus specifically designed to address the pervasive challenges of imprecision and indistinguishability that pervade real-world information systems, rendering it particularly valuable within data analysis contexts necessitating the management of incomplete or imprecise informational content.",1
"The fundamental concept in rough set theory is the approximation sets. Given an information system, any subset of the universe can be approximated using two sets, the lower and upper approximations.",0
"Central to the theoretical architecture of rough set methodology is the concept of approximation sets. For any delineated information system, an arbitrary subset of the universal domain admits representation through a dual approximation framework, specifically characterized by the lower and upper boundary constructs.",1
"The lower approximation is the set of all elements that are certainly in X based on the available information. Conversely, the upper approximation comprises elements that possibly belong to X.",0
"The inferior approximation encompasses exclusively those constituent elements whose membership within the target set can be determined with absolute certainty given the available informational resources. Its counterpart, the superior approximation, extends to encompass all elements for which set-membership represents a plausible albeit unconfirmed possibility.",1
"Rough set theory also introduces the concept of the boundary region, which is the set difference between the upper and lower approximations. The boundary region represents the set of elements for which we cannot decisively determine whether they belong to X or not.",0
"An additional construct introduced within rough set theory is the notion of the boundary region, which is formally constituted as the set-theoretic differential between the upper and lower approximations. This indeterminate region encapsulates precisely those elements whose classification with respect to the target set defies unambiguous determination on the basis of currently available attributes.",1
"One of the key strengths of rough set theory is its ability to reduce data complexity without significant loss of information. Through attribute reduction, it identifies the essential features necessary for data classification, eliminating redundant or irrelevant attributes.",0
"A preeminent advantage characterizing rough set theory resides in its remarkable capacity to achieve substantial reductions in data complexity while preserving the preponderance of informational content. The attribute reduction mechanism operates by systematically identifying the minimal set of features indispensable for accurate data classification, thereby excising redundant and inconsequential attributes from the analytical framework.",1
"In machine learning, rough set theory has been applied to various tasks, including feature selection, rule generation, and pattern recognition. By providing a mechanism to deal with uncertainty and partial knowledge, it complements probabilistic and fuzzy approaches.",0
"The application of rough set theory within machine learning has permeated diverse computational tasks, including variable selection, inductive rule extraction, and discriminative pattern identification. By furnishing a principled mechanism for reasoning under conditions of uncertainty and incomplete informational availability, rough set methodology serves as a complementary analytical instrument alongside probabilistic and fuzzy logic paradigms.",1
"The integration of Shannon entropy and rough set theory represents a pioneering approach in the realm of machine learning, aiming to enhance the interpretability and efficacy of model evaluation. While entropy measures the uncertainty or randomness in information, rough set theory provides a framework for dealing with ambiguity and granularity in data sets.",0
"The confluence of Shannon's entropic formalism with rough set theoretical principles represents a genuinely trailblazing paradigmatic advancement within computational learning science. While entropic analysis furnishes a quantitative characterization of informational indeterminacy and stochasticity, rough set theory simultaneously provides a complementary apparatus for contending with the structural ambiguities and granularity-related complexities inherent in real-world datasets.",1
"Shannon entropy, traditionally used to quantify the amount of information in a system, can be applied to the subsets of data delineated by rough set theory. In this context, entropy can measure the information content within the boundaries of rough sets.",0
"The Shannon entropic measure, conventionally deployed as a quantitative instrument for gauging the informational content residing within a system, demonstrates considerable versatility when applied to the granular data subsets formally delineated through the operational mechanisms of rough set theory. Within this integrative context, entropy serves to quantify the informational substance residing within the structural boundaries defined by the rough set approximation framework.",1
"It has been demonstrated that applying entropy within the framework of rough set theory yields results that resonate closely with the characteristics of the boundary region. As the granularity decreases, the outcomes derived from the entropy calculations for granular data begin to mirror those obtained from the analysis of the boundary region.",0
"Empirical and theoretical investigations have confirmed that the application of entropic calculations within the overarching rough set theoretical framework generates outcomes exhibiting remarkable correspondence with the qualitative and quantitative properties characterizing the boundary region. This alignment becomes increasingly pronounced as the granularity parameter decreases, with entropy-derived measures progressively converging toward the distributional characteristics obtained through boundary region analysis.",1
"The data is first subjected to a granulation process, where it is divided into subsets based on the equivalence relations dictated by rough set theory. This granulation is crucial as it forms the basis for subsequent entropy calculations.",0
"Prior to entropy computation, the dataset undergoes a systematic granulation procedure, through which it is partitioned into constituent subsets according to the equivalence relational structures prescribed by the theoretical tenets of rough set analysis. This granulation step is of foundational importance as it constitutes the indispensable structural precondition enabling all subsequent entropic quantification.",1
"The experiments are conducted across a variety of datasets, selected to cover a broad spectrum of domains and complexities.",0
"The empirical validation phase encompasses a heterogeneous collection of datasets, deliberately curated to achieve comprehensive coverage across a diverse continuum of application domains and varying degrees of computational complexity.",1
"The Titanic dataset includes passenger information from the ill-fated Titanic voyage. The objective is to predict survival outcomes based on various features like age, sex, class, fare, and more. This dataset allows us to explore how the proposed method handles binary classification tasks with relatively straightforward structured data.",0
"Comprising demographic and circumstantial information pertaining to passengers aboard the ill-fated RMS Titanic, this benchmark dataset presents a binary classification challenge wherein the analytical objective is to prognosticate survival outcomes from a constellation of predictor variables encompassing age, gender, socioeconomic class, fare disbursed, and supplementary attributes, thereby enabling evaluation of the proposed method's performance on well-structured binary classification problems.",1
"The Microsoft Malware Detection dataset presents a more complex challenge with a higher dimensionality space. It consists of characteristics of software to determine whether it is malicious or benign. The complexity and feature richness provide an opportunity to evaluate the proposed method's effectiveness in handling intricate, high-dimensional data.",0
"Employed specifically within the domain of malicious software identification, the Microsoft Malware Detection dataset introduces substantially elevated analytical complexity attributable to its considerably expanded feature dimensionality. The dataset encodes multitudinous software characteristics through which the discriminative determination between malevolent and benign executable properties must be accomplished, furnishing an appropriate testbed for evaluating the proposed methodology's efficacy under high-dimensional conditions.",1
"Each dataset undergoes a standard preprocessing pipeline, including data cleaning, granulation, feature scaling and the computation of entropy within the rough set framework. Machine learning models are then trained on these datasets to ensure a comprehensive evaluation across different types of algorithms.",0
"Each dataset is subjected to a standardized preprocessing sequence encompassing data cleansing operations, granulation partitioning, feature normalization procedures, and the computation of entropic measures within the rough set theoretical framework. Subsequently, a diverse ensemble of machine learning architectures undergoes training on the preprocessed datasets, thereby enabling exhaustive comparative assessment spanning multiple distinct algorithmic paradigms.",1
"Decision tree: The initial low performance of the decision tree model at lower bits of data suggests that it is not capable of capturing essential patterns with limited information. However, as the amount of data increases exponentially, the model's performance improves.",0
"Regarding arborescential decision structures, the suboptimal performance observed at minimal data granularity levels indicates an inherent incapacity to extract meaningful discriminative patterns under conditions of informational scarcity. Nevertheless, a pronounced amelioration of model efficacy manifests progressively as the data volume undergoes exponential augmentation, suggesting a strong dependency on informational richness for effective pattern extraction.",1
Random forest: The gradual improvement in the random forest model's performance across an increasing volume of data implies that it is more robust to overfitting than the decision tree. This could be due to the model's increasing difficulty in generalizing as the data complexity grows.,0
"The incremental performance enhancement exhibited by the random forest ensemble across progressively amplified data volumes is indicative of its superior resilience against the overfitting phenomenon relative to its singular decision tree counterpart. This robustness is plausibly attributable to the ensemble's inherent variance-reduction mechanism, which partially mitigates the generalizing difficulties that arise as dataset complexity escalates.",1
"Logistic regression: The logistic regression model's relatively stable performance at the lower end of the data scale suggests it requires a minimal amount of data to establish its predictive patterns. However, the subsequent improvement indicates that additional precision does not necessarily translate to improved performance.",0
"The comparative stability characterizing logistic regression's performance metrics at the inferior end of the data volume spectrum suggests that this linear classifier necessitates only a modest informational threshold to instantiate its fundamental predictive discriminative structures. The subsequent performance trajectory, however, reveals that incremental increases in data precision and volume do not deterministically yield commensurate improvements in classificatory efficacy.",1
"KNN: The KNN model's performance improvement with increased data bits is particularly noteworthy. The model benefits from larger data volumes, possibly because more data provides a better context for its instance-based learning approach, allowing for more accurate neighborhood estimations.",0
"The particularly salient performance trajectory exhibited by the K-Nearest Neighbors algorithm under conditions of increasing data availability merits specific analytical attention. This instance-based learning paradigm demonstrably derives augmented classificatory benefit from expanded dataset sizes, plausibly attributable to the enriched contextual landscape facilitating more accurate proximity estimations within the multidimensional feature space.",1
"The findings from this research emphasize the dynamic interplay between data characteristics and model performance, underscoring the necessity for a holistic approach to machine learning that considers both the quantitative and qualitative aspects of data and algorithms.",0
"The investigative outcomes of this scholarly inquiry underscore the intricate, reciprocal relationship subsisting between dataset properties and the performance trajectory of machine learning models, thereby reinforcing the imperative for an encompassing, multidimensional analytical perspective that simultaneously accommodates both the quantifiable and qualitative dimensions of data morphology and algorithmic behavioral dynamics.",1
"The stability of logistic regression at lower data volumes and its subsequent decline resonate with studies indicating that logistic regression models, being linear classifiers, have limited capacity to benefit from massive data if the underlying relationships in the data are not linear.",0
"The performance consistency of logistic regression under conditions of reduced data availability, succeeded by its eventual decline with expanded volumes, finds corroboration in extant literature indicating that inherently linear classificatory models exhibit fundamentally constrained capacity for leveraging voluminous datasets when the underlying distributional relationships defy linear characterization.",1
The observed trends contribute to the broader discourse on the scalability of machine learning models with respect to data volume. Our findings demonstrate that an exponential increase in data volume does not uniformly translate to linear improvement of performance.,0
The empirical patterns documented herein contribute meaningfully to the wider academic discourse surrounding the scalability properties of diverse machine learning architectures with respect to data volumetric expansion. The results convincingly establish that exponential growth in the quantity of available data does not engender a corresponding linear amelioration in model performance across all algorithmic paradigms.,1
The results convincingly demonstrate that the integration of Shannon entropy and rough set theory can lead to the selection of hyperparameter configurations that not only optimize predictive performance but also ensure that the model is more aligned with the underlying data structure and complexity.,0
The empirical findings provide compelling evidence that the entropic rough set integration methodology succeeds in guiding the selection of hyperparameter configurations that simultaneously maximize predictive performance and ensure superior structural alignment between the learned model and the intrinsic complexity characterizing the underlying data distribution.,1
"This research explored the integration of Shannon entropy and rough set theory as a novel method for evaluating machine learning models, extending its application across various tasks including classification, regression, clustering, dimensionality reduction, compression, and hyperparameter optimization.",0
"The present investigation comprehensively examined the synergistic unification of Shannon entropy with rough set theoretical principles as an innovative evaluative framework for machine learning systems, demonstrating the methodology's extensibility across a broad spectrum of computational tasks encompassing supervised classification, continuous regression, unsupervised clustering, dimensionality compression, data encoding, and hyperparameter optimization procedures.",1
"In clustering and dimensionality reduction, the proposed approach offered a novel metric to assess the quality of clusters and the information preservation in reduced-dimensional spaces. These applications underscored the method's versatility and its ability to enhance the interpretability of unsupervised learning tasks.",0
"Within the domains of unsupervised clustering and dimensionality reduction, the proposed methodology introduced a principled novel metric for evaluating cluster cohesion quality and quantifying the fidelity of informational preservation within dimensionally compressed representational spaces. These applications collectively demonstrated the framework's remarkable versatility and its capacity to substantially augment the interpretability of unsupervised learning outcomes.",1
"The integration of these concepts enhances the capacity to discern the subtle intricacies of model performance and data interaction, providing a richer, more granular perspective on machine learning efficacy and reliability.",0
"The theoretical amalgamation of these conceptual frameworks substantively augments one's capacity to apprehend the nuanced complexities governing model performance trajectories and data interaction dynamics, thereby furnishing an enriched, higher-resolution analytical vantage point from which machine learning efficacy and dependability may be more comprehensively evaluated.",1
"Overall, the integration of Shannon entropy and rough set theory presents a promising avenue for advancing machine learning model evaluation. It not only enriches the toolkit available to practitioners and researchers but also opens up new possibilities for refining machine learning models to achieve better performance, robustness, and interpretability.",0
"Collectively, the proposed integration of Shannon's entropic measure with rough set theoretical constructs constitutes a compelling and fertile trajectory for the advancement of machine learning model assessment methodologies. Beyond merely supplementing the existing analytical repertoire available to researchers and practitioners, this framework simultaneously inaugurates novel avenues for the systematic refinement of machine learning architectures toward enhanced predictive performance, greater operational robustness, and improved model interpretability.",1
"Entropy's role in machine learning extends into the realms of unsupervised learning, particularly in the optimization of models such as autoencoders and in the evaluation of neural network architectures. In autoencoders, entropy can be used to measure the effectiveness of the data compression and reconstruction process.",0
"The relevance of entropic measures within machine learning transcends supervised paradigms, permeating the domain of unsupervised learning with particular significance in the optimization of autoencoder architectures and the systematic evaluation of neural network design configurations. Within the specific context of autoencoder models, entropic calculations serve as a quantitative gauge of the operational effectiveness of the dimensionality compression and subsequent reconstruction pipeline.",1
"Additionally, entropy plays a pivotal role in reinforcement learning. In environments where agents must make decisions under uncertainty, entropy can serve as a measure of the randomness in the agent's policy, providing a balance between exploration and exploitation.",0
"Furthermore, entropy assumes a critically important function within reinforcement learning paradigms. In environmental settings wherein autonomous agents must execute sequential decision-making under conditions of pervasive uncertainty, the entropic measure serves as a quantifiable index of stochasticity within the agent's behavioral policy, thereby facilitating an equilibrium between exploratory information-gathering and exploitative reward-maximization strategies.",1
"The concept of cross-entropy is also fundamental in machine learning, especially in classification tasks. It measures the difference between two probability distributions, the true distribution and the predicted distribution, serving as a loss function in classification problems, particularly in training deep learning models.",0
"The construct of cross-entropy occupies a position of fundamental importance within machine learning, assuming particular significance in classification-oriented tasks. Mathematically, it quantifies the divergence between the empirical ground-truth probability distribution and the model's predicted distributional estimates, thereby functioning as a canonical loss objective whose minimization drives iterative parameter optimization in deep learning classificatory models.",1
"Moreover, in the evaluation of generative models, such as Generative Adversarial Networks (GANs), entropy helps in assessing the diversity of the generated samples. It ensures that the model generates a variety of outputs, not just replicating a subset of the training data.",0
"Additionally, within the evaluative context of generative modeling frameworks, most notably Generative Adversarial Networks, entropic analysis provides a principled mechanism for quantitatively assessing the distributional diversity and heterogeneity characterizing the synthetically generated output samples, thereby guarding against the degenerate mode-collapse phenomenon wherein the generator replicates only a restricted subset of the training distribution.",1
"The significance of entropy in machine learning is not just theoretical; it has practical implications in model evaluation and comparison. By analyzing the entropy of model predictions, researchers can gain insights into the model's confidence and its ability to generalize from training to unseen data.",0
"The relevance of entropy within machine learning transcends purely theoretical considerations, manifesting in concrete practical implications for systematic model evaluation and comparative assessment. By subjecting model prediction distributions to entropic analysis, investigators can derive principled quantitative measures of the model's predictive confidence calibration and its generalization capacity beyond the training data distribution.",1
"The results were analyzed using a combination of statistical methods and qualitative assessments. The analysis aimed to illustrate not only the performance improvements but also how the entropy and rough set-based metrics provided deeper insights into the model's interaction with the data. Significantly, the experiments showed that in cases where traditional metrics suggested multiple optimal hyperparameter configurations, the entropy and rough set-derived metrics often identified a single configuration that offered superior performance.",0
"The entropy and rough set-derived metrics frequently succeeded in disambiguating cases where conventional performance indicators suggested multiple equivalently optimal hyperparameter configurations, singling out a uniquely superior configuration exhibiting enhanced generalization and robustness properties. The overall analytical process employed a hybrid framework combining rigorous statistical methodology with interpretive qualitative assessment, with the dual aim of documenting performance improvements while simultaneously illuminating the mechanisms through which the novel metrics enriched the understanding of model-data interaction dynamics.",1
"The application of this method can also be instrumental in the domain of hyperparameter optimization, providing a novel perspective to evaluate and select the optimal set of hyperparameters for machine learning models. In hyperparameter optimization, the objective is to find the set of hyperparameters that yields the best model performance.",0
"The utility of this proposed methodology extends substantially into the domain of hyperparameter optimization, wherein it furnishes an innovative evaluative perspective facilitating the principled identification and selection of maximally efficacious hyperparameter configurations for machine learning architectures. The fundamental objective within hyperparameter optimization is the identification of the configuration that engenders optimal model performance, a task the proposed method enriches through its multi-faceted evaluative criteria.",1
"This paper contributes a groundbreaking perspective to machine learning evaluation, proposing a method that encapsulates a holistic view of model performance, thereby facilitating more informed decision-making in model selection and application.",0
"The present work contributes a genuinely transformative perspective to the discourse on machine learning evaluation methodology, proposing a comprehensive framework that successfully integrates multiple performance dimensions into a unified holistic assessment construct, thereby substantially augmenting the quality and informativeness of decision-making processes governing model selection and deployment.",1
"The joint entropy quantifies the uncertainty of a pair of random variables, while conditional entropy measures the uncertainty of a variable given the knowledge of another. These metrics are crucial in understanding the dependencies and interactions among features in a dataset.",0
"The joint entropic measure provides a unified quantification of the collective uncertainty characterizing a bivariate random system, while the conditional entropy specifically measures the residual uncertainty in one variable that persists after the state of another variable becomes known. Both constructs serve as essential analytical instruments for elucidating the dependency structures and mutual informational interactions subsisting among the input features populating a dataset.",1
"Future work can delve into more extensive applications, explore the integration of this method with advanced machine learning models, and investigate its potential in guiding the development of new algorithms. By building on the foundational work presented here, subsequent research can further elucidate the complexities of model-data interactions.",0
"Prospective research directions encompass the investigation of more expansive applications across diverse domains, the systematic exploration of synergistic integration between the proposed methodology and state-of-the-art machine learning architectures, and the examination of its potential to inform the principled development of novel algorithmic approaches. Building upon the theoretical and empirical foundations established herein, future scholarly inquiry can progressively illuminate the intricate complexities governing model-data interaction dynamics.",1
We describe the new field of mathematical analysis of deep learning. This field emerged around a list of research questions that were not answered within the classical framework of learning theory.,0
The present work delineates the nascent discipline of rigorous mathematical investigation into deep learning architectures. This emergent field crystallized around a constellation of fundamental research inquiries that remained conspicuously unresolved within the confines of the classical statistical learning theoretical framework.,1
"These questions concern the outstanding generalization power of overparametrized neural networks, the role of depth in deep architectures, the apparent absence of the curse of dimensionality, and the surprisingly successful optimization performance despite the non-convexity of the problem.",0
The interrogative landscape encompasses such fundamental inquiries as: the remarkable generalization capacity exhibited by heavily overparametrized neural network architectures; the precise functional contribution of architectural depth; the paradoxical circumvention of the dimensionality curse; and the unexpectedly efficacious optimization behavior that manifests despite the profound non-convexity characterizing the underlying objective landscape.,1
Deep learning has undoubtedly established itself as the outstanding machine learning technique of recent times. This dominant position was claimed through a series of overwhelming successes in widely different application areas.,0
"Contemporary machine learning is unambiguously dominated by deep learning methodologies, which have ascended to their preeminent position through an impressive succession of decisive empirical victories spanning an extraordinarily heterogeneous array of practical application domains.",1
"Perhaps the most famous application of deep learning and certainly one of the first where these techniques became state-of-the-art is image classification. In this area, deep learning is nowadays the only method that is seriously considered. The prowess of deep learning classifiers goes so far that they often outperform humans in image labelling tasks.",0
"Arguably the most celebrated instantiation of deep learning's transformative impact, and assuredly among the earliest domains wherein these computational methodologies achieved state-of-the-art status, is the task of visual image categorization. Deep learning-based classifiers have achieved such unchallenged supremacy within this application sphere that alternative methodologies are no longer accorded serious practical consideration, with these systems even surpassing human-level accuracy on standardized labelling benchmarks.",1
"A second famous application area is the training of deep-learning-based agents to play board games or computer games. The most prominent achievement is the development of an algorithm that beat the best human player in the game of Go, a feat that was previously unthinkable owing to the extreme complexity of this game.",0
"An equally celebrated domain of deep learning application is the development of autonomous agents capable of mastering classical board games and contemporary digital entertainment platforms. The most iconic achievement within this trajectory is the successful development of an algorithmic system capable of surpassing the world's preeminent human practitioners at the game of Go, an accomplishment previously deemed computationally intractable given the game's extraordinary combinatorial complexity.",1
"In a learning task, one is given data and a loss function. The goal is to choose a hypothesis set and construct a learning algorithm that uses training data to find a model that performs well on the training data and also generalizes to unseen data.",0
"Within the formal structure of a learning task, the practitioner is furnished with a training dataset alongside a loss functional. The fundamental objective involves selecting an appropriate hypothesis space and engineering a learning procedure that leverages available training observations to identify a model exhibiting simultaneously strong empirical performance on training examples and robust generalization to previously unencountered data instances.",1
"A fully connected feedforward neural network is given by its architecture, where L denotes the number of layers. The activation function is applied componentwise, and the number of parameters scales with the product of neuron counts across adjacent layers.",0
"A fully connected feedforward neural architecture is formally specified through its structural configuration, wherein L denotes the total count of computational layers and a designated activation function is applied in a componentwise fashion to intermediate representations. The total parameter count of such an architecture scales with the accumulated products of neuron counts across pairs of consecutive layers.",1
"NNs, even FC NNs with only L equals 2 layers, are universal approximators, meaning that under weak conditions on the activation function they can approximate any continuous function on a compact set up to arbitrary precision.",0
"Neural networks, including the most rudimentary two-layer fully connected architectures, possess the remarkable property of universal approximation, signifying that under minimally restrictive conditions imposed upon the activation function, such networks are theoretically capable of approximating any continuous mapping defined on a compact domain to arbitrarily specified levels of precision.",1
"The main reason for the popularity of gradient-based methods is that for FC networks, the accurate and efficient computation of pointwise derivatives is possible by means of automatic differentiation, a specific form of which is often referred to as the backpropagation algorithm.",0
"The primary motivation underlying the widespread adoption of gradient-based optimization methodologies is that fully connected network architectures admit efficient and precise computation of pointwise parameter gradients through automatic differentiation techniques, a specialized variant of which has been canonically designated the backpropagation algorithm within the machine learning literature.",1
"Using SGD, one updates the parameters by computing the gradient of the empirical risk over a randomly selected mini-batch of training data, then subtracting a scaled version of this estimate from the current parameters.",0
"The stochastic gradient descent procedure operates by iteratively updating the network parameter vector through the subtraction of a suitably scaled stochastic approximation of the empirical risk gradient, where the stochastic estimate is obtained by evaluating the gradient over a randomly selected mini-batch of training observations rather than the complete dataset.",1
"Why do large neural networks not overfit? NNs trained to zero empirical risk on training data still achieve close to state-of-the-art generalization performance, seemingly contradicting the classical bias-variance trade-off.",0
"A central enigma confronting theoretical investigation is the apparent absence of deleterious overfitting in large neural networks: empirical observations consistently demonstrate that networks trained to achieve vanishing empirical risk on training corpora nonetheless maintain near state-of-the-art generalization performance on held-out test distributions, a phenomenon apparently irreconcilable with the classical bias-variance trade-off.",1
"Generally speaking, NNs in practice are observed to generalize well despite having more parameters than training samples, usually referred to as overparametrization, and approximately interpolating the training data.",0
"A pervasive empirical phenomenon in practical deep learning is the observation that neural networks with parameter counts substantially exceeding the training sample size—a regime conventionally termed overparametrization—nonetheless consistently achieve remarkable generalization to unseen data while effectively interpolating the training observations, defying the predictions of classical statistical learning theory.",1
The no free lunch theorem shows the non-existence of a universal learning algorithm for every data distribution and shows that useful bounds must necessarily be accompanied by a priori regularity conditions on the underlying distribution.,0
"The no free lunch theorem establishes the fundamental impossibility of constructing a learning algorithm exhibiting universal superiority across all possible data distributions, simultaneously demonstrating that any nontrivial performance guarantees must be predicated upon explicit a priori assumptions regarding the regularity structure of the data-generating distribution.",1
"The error decomposition bounds the total risk by three components: an optimization error, a generalization error, and an approximation error. These three sources suggest different strategies for improvement.",0
"The canonical tripartite error decomposition partitions the total excess risk into distinct additive contributions: the optimization error arising from imperfect empirical risk minimization, the generalization error quantifying the discrepancy between empirical and population risk, and the approximation error reflecting the expressivity limitations of the chosen hypothesis class. Each constituent error term naturally suggests distinct theoretical approaches for its individual mitigation.",1
"For piecewise linear activation functions, the VC-dimension is asymptotically bounded both above and below by P(N)L up to logarithmic factors, where P(N) is the number of parameters and L is the depth.",0
"In the specific case of piecewise linear activation functions, refined theoretical analysis permits enhancement of the classical Vapnik-Chervonenkis dimensional bounds, establishing that the VC-dimension of the corresponding hypothesis class is asymptotically bounded—both from above and below, modulo logarithmic correction factors—by the product of the total parameter count and the network depth.",1
"The double descent phenomenon observes that the test error decreases even below the classical bias-variance sweet spot when further increasing the number of parameters, producing a non-monotone risk curve.",0
"The double descent phenomenon characterizes an empirically observed behavior wherein the test generalization error undergoes further monotonic reduction below the classical bias-variance sweet spot as model complexity continues to expand beyond the interpolation threshold, thereby tracing a non-monotonic risk curve that fundamentally challenges the conventional bias-variance trade-off narrative.",1
"One technique to study the impact of depth relies on the construction of specific functions which can be well approximated by NNs of a certain depth, but require significantly more parameters when approximated to the same accuracy by NNs of smaller depth.",0
"A canonical analytical technique for investigating the functional contribution of architectural depth involves constructing carefully engineered target functions that admit compact and accurate approximation by networks of a specific depth, while simultaneously requiring exponentially greater parametric resources to achieve equivalent approximation fidelity when shallower network architectures are substituted.",1
"A two-layer ReLU NN with one-dimensional input and output is a continuous piecewise affine linear function. It has at most n plus 1 affine linear pieces, where n is the number of neurons in the hidden layer.",0
"Under the rectified linear unit activation, a two-layer neural network with scalar input and output dimensions realizes a continuous piecewise affine linear mapping. The total count of constituent linear pieces is bounded above by the sum of the hidden layer width and unity, providing a concrete parametric measure of the network's representational granularity.",1
"Deep ReLU NNs are in some sense exponentially more efficient in generating affine linear pieces. Composing NNs can lead to a multiplication of the number of regions of the individual NNs, resulting in an exponential efficiency of deep neural networks in generating affine linear regions.",0
"In a well-defined mathematical sense, deep ReLU network architectures exhibit exponentially superior efficiency in generating piecewise affine linear regions relative to their shallow counterparts. The compositional structure of deep networks enables a multiplicative propagation of linear regions across layers, ultimately yielding an exponential relationship between network depth and the cardinality of achievable linear partition regions.",1
"The classical curse of dimensionality postulates that essentially every approximation method deteriorates exponentially fast with increasing dimension. For a d-dimensional approximation problem, the required number of parameters grows exponentially in d.",0
"The foundational curse of dimensionality theorem establishes that virtually all conventional approximation methodologies suffer exponential degradation in their approximation rates as the input dimensionality increases, rendering high-dimensional function approximation computationally intractable under classical approaches—requiring a number of parameters that grows exponentially with the input dimension.",1
A first remedy to the high-dimensional curse of dimensionality is the manifold assumption. Here it is assumed that the relevant probability measure is supported on a lower-dimensional manifold embedded in the high-dimensional input space.,0
"A primary theoretical mechanism for circumventing the dimensionality curse is embodied in the manifold hypothesis, which posits that despite the nominally high ambient dimensionality of the input space, the relevant probability measure characterizing the data distribution is concentrated on a substantially lower-dimensional smooth manifold embedded within the full ambient space.",1
"Barron's theorem shows that functions whose Fourier transform has a finite first moment can be approximated by two-layer NNs with n neurons at a rate of 1 over the square root of n, independent of the input dimension.",0
"Barron's approximation theorem establishes the remarkable dimension-independent result that functions satisfying a finite first-moment condition on their Fourier transform admit approximation by two-layer neural networks with n hidden neurons at an L2 error rate scaling as the reciprocal of the square root of n, with no exponential dependence on the ambient input dimension.",1
Another structural assumption that leads to the absence of the curse of dimensionality is that the function is given as the solution to a partial differential equation. The Feynman-Kac formula provides a probabilistic representation that enables Monte Carlo-based approximation.,0
"A further structural assumption capable of alleviating the dimensionality curse posits that the target function is characterized as the solution to a partial differential equation. The Feynman-Kac probabilistic representation theorem transforms the PDE solution into an expectation that admits dimension-independent Monte Carlo estimation, thereby enabling neural network approximation without the curse of dimensionality.",1
"The empirical risk of a NN is typically not a convex function with respect to the parameters. The realization function of a FC NN is invariant under permutations of neurons in a hidden layer, which immediately implies non-convexity.",0
"The empirical risk functional of a neural network fails to exhibit convexity with respect to the network parameters. An elementary illustration of this non-convexity is provided by the observation that the realization function of a fully connected network remains invariant under permutations of neurons within any hidden layer, immediately implying that equal-risk parameter configurations can yield a higher-risk convex combination.",1
"Given this non-convexity, optimization faces serious challenges. There may exist multiple suboptimal local minima. The objective may also exhibit saddle points, some of higher order, and extensive flat regions where the gradient vanishes.",0
"The profound non-convexity of the optimization landscape engenders formidable theoretical and practical challenges. Among these, the potential proliferation of suboptimal local minima represents a primary concern, alongside the possible existence of degenerate saddle points—including higher-order variants wherein the Hessian vanishes—and extensive plateau regions where the gradient magnitude approaches zero, impeding the progress of gradient-based optimizers.",1
"One of the first discoveries about the shape of the loss landscape comes from statistical physics. The loss of a NN with random inputs can be considered as the Hamiltonian of a spin glass model. The further away from the optimal loss, the more unstable the critical points become.",0
"Pioneering insights into the topological structure of the neural network loss landscape emerged from an unexpected connection with statistical physics. Under appropriate simplifying assumptions, the empirical loss admits formal identification with the Hamiltonian of a spin glass physical system. A remarkable theoretical implication is that critical point instability increases monotonically with distance from the global optimum, providing probabilistic reassurance that any discovered local minimum is likely near-globally optimal.",1
"Convolutional NNs are built upon three fundamental principles: local receptive fields, parameter sharing, and equivariant representations. For high-dimensional inputs where dimensions are spatially related, fully connected NNs require unnecessarily many parameters.",0
"The architectural design philosophy underlying convolutional neural networks is grounded in three foundational principles: spatially localized receptive fields, systematic weight sharing across spatial positions, and the deliberate construction of equivariant representational hierarchies. This philosophy emerged from the recognition that fully connected architectures impose unnecessarily large parametric burdens when processing high-dimensional inputs exhibiting spatial correlation structure.",1
"A residual block can be viewed as the sum of a regular FC NN and the identity, which is referred to as skip connection or residual connection. Inserting a residual block in all layers leads to a residual NN. A prominent approach to analyze residual NNs establishes a connection with dynamical systems.",0
The residual block construct can be understood as the additive superposition of a standard fully connected transformation with an identity shortcut pathway. The systematic incorporation of residual blocks throughout all network layers produces the architectural variant known as a residual neural network. A theoretically fruitful analytical framework exploits the structural correspondence between deep residual architectures and continuous-time dynamical systems governed by ordinary differential equations.,1
"The exploding or vanishing gradient problem may prevent lower layers from training at all. Training NNs suffers from either exponentially small gradients that prevent learning, or exponentially large gradients that cause instability.",0
"The vanishing and exploding gradient pathology characterizes a fundamental optimization instability wherein the backpropagated gradient signal undergoes exponential attenuation or amplification during propagation through the network's depth, frequently rendering the parameter updates in lower layers either negligibly small—thereby impeding learning—or destabilizingly large—causing catastrophic training divergence.",1
"Batch normalization is a building block invented to reduce internal covariance shift. A batch normalization block normalizes layer outputs by subtracting the mean and dividing by the standard deviation computed over a batch, then applies a learned affine transformation.",0
"Batch normalization constitutes a specialized neural network component originally designed to mitigate the phenomenon of internal covariate shift, wherein the distributional properties of intermediate layer activations drift during training. The normalization operation centers the layer outputs by subtracting their batch mean and rescales them by the reciprocal of the batch standard deviation, after which a learned affine reparametrization restores representational flexibility.",1
Adding a batch normalization block increases the smoothness of the optimization problem. In certain situations a batch normalization block can considerably reduce the magnitude of the derivative of the empirical risk with respect to the input of the normalization block.,0
The incorporation of batch normalization layers into the network architecture produces a measurable smoothing effect on the optimization landscape. Theoretical analysis establishes that under appropriate conditions—particularly when the learned scale parameter is small relative to the batch standard deviation—the normalization block substantially attenuates the magnitude of the gradient of the empirical risk with respect to the preceding layer's activations.,1
"The lottery ticket hypothesis states that a randomly-initialized dense NN contains a subnetwork that, when trained in isolation, can match the test accuracy of the original NN after training for at most the same number of iterations.",0
"The lottery ticket conjecture posits that any randomly initialized dense neural network implicitly contains a sparse subnetwork—colloquially termed the winning lottery ticket—whose initialization is such that when subjected to independent training in isolation, it achieves test accuracy commensurate with the full original network while requiring no more training iterations than the complete architecture.",1
The scattering transform is defined by iteratively applying a wavelet transform followed by a pointwise modulus non-linearity and a subsequent low-pass filtering step. It can be shown to be Lipschitz continuous with respect to deformations and almost invariant under translations.,0
"The scattering transform is formally constructed through the iterative accumulation of feature coefficients generated by the sequential application of a wavelet filterbank decomposition, a pointwise absolute value non-linearity, and a subsequent low-pass averaging operation. The resulting representation has been rigorously demonstrated to exhibit Lipschitz stability with respect to smooth signal deformations while achieving approximate translation invariance.",1
"Lazy training refers to the phenomenon where parameters of highly overparametrized NNs barely change during training. In the infinite width limit, NN training is practically equivalent to kernel regression with the neural tangent kernel.",0
"The lazy training phenomenon characterizes an observed training regime in which the parameters of substantially overparametrized neural networks undergo only negligible perturbations from their initialization throughout the optimization process. In the theoretical infinite-width limiting regime, the training dynamics reduce to functional gradient descent in the reproducing kernel Hilbert space corresponding to the neural tangent kernel, rendering the network effectively equivalent to a kernel regression model.",1
"Recurrent NNs are NNs where the underlying graph is allowed to exhibit cycles. For recurrent NNs the concept of layers does not exist, and the order of operations is more delicate. Therefore, one considers time steps, where in each step all computations are applied to the current state.",0
"In each temporal computation step, all feasible graph operations are applied to the contemporary internal state of the network, generating a successor state that propagates information forward in time. Unlike feedforward architectures wherein computational layers impose a natural sequential ordering, recurrent neural networks discard the layer concept entirely due to their cyclic graph structure, necessitating a time-step-based computational paradigm that more delicately manages the ordering of operations.",1
"For deep FC NNs, the number of trainable parameters scales like the square of the number of neurons. Pruning techniques seek to reduce the number of parameters or extract sparse subnetworks without affecting the output much.",0
"In standard fully connected architectures, the total parameter count scales quadratically with the neuron count, imposing substantial computational and memory overheads. This has motivated the development of pruning methodologies and sparse subnetwork extraction techniques that aspire to maintain predictive fidelity while dramatically reducing the effective model complexity and associated computational resource requirements.",1
"In addition to playing games, deep learning has also led to impressive breakthroughs in the natural sciences, including drug development, molecular dynamics, and high-energy physics. One of the most astounding breakthroughs is the development of a predictor for protein folding that matches the accuracy of lab-based methods.",0
"Beyond the realm of game-playing, deep learning methodologies have catalyzed transformative breakthroughs across the natural sciences, with documented applications spanning pharmaceutical drug discovery, atomistic molecular dynamics simulation, and high-energy physics experimentation. Among the most extraordinary scientific achievements attributable to deep learning is the construction of a protein structure prediction system achieving accuracy levels commensurate with expensive laboratory-based experimental determination techniques.",1
"The Schrödinger equation describes the stationary nonrelativistic behavior of a quantum mechanical electron system. Its numerical solution is required to obtain stable molecular configurations, compute vibrational spectra, and obtain forces governing molecular dynamics.",0
"The electronic Schrödinger equation governs the stationary, nonrelativistic quantum mechanical behavior of multi-electron molecular systems. Obtaining its numerical solutions is prerequisite for determining energetically stable molecular configurations, computing vibrational spectral properties, and characterizing the force fields governing the dynamical motions of constituent nuclei in molecular simulation frameworks.",1
"Deep-learning based approaches have been very successful in solving a vast array of different partial differential equation models, especially in the high-dimensional regime where most other methods would suffer from the curse of dimensionality.",0
"Neural network-based numerical methodologies have demonstrated remarkable efficacy across a broad spectrum of partial differential equation models, achieving particular distinction in high-dimensional regimes where classical grid-based computational approaches—including finite element methods, sparse grid techniques, and spectral methods—are rendered computationally intractable by the exponential scaling of the curse of dimensionality.",1
The generalization puzzle refers to the mismatch between predictions of classical theory and the practical generalization of deep NNs. Classical uniform bounds may only deliver insufficient explanation for the observed generalization behavior of overparametrized models.,0
"The generalization puzzle denotes the profound discrepancy between the pessimistic generalization bounds predicted by classical statistical learning theory and the empirically observed generalization capacity of heavily overparametrized deep neural networks. Classical uniform convergence bounds, while theoretically rigorous, appear fundamentally insufficient as explanatory mechanisms for the benign generalization behavior exhibited by modern overparametrized neural architectures.",1
"The question of why stochastic gradient descent converges to good solutions despite the non-convexity of the empirical risk is one of the central open problems. The spin glass analogy suggests that local minima at high loss values are unstable, while those near the global minimum are stable.",0
"The theoretical question of why stochastic gradient descent reliably converges to high-quality solutions despite the severe non-convexity of the training objective constitutes one of the most actively investigated open problems in mathematical deep learning theory. The statistical physics analogy with spin glass models provides partial insight, suggesting through the index-loss distribution that local minima situated at high loss values are energetically unstable, while those in proximity to the global minimum exhibit thermodynamic stability.",1
"For the approximation of Sobolev-regular functions, deep ReLU networks can achieve a rate of epsilon to the power of minus d over k log of 1 over epsilon parameters. This rate matches the optimal rate for classical approximation methods.",0
"For the approximation of functions in Sobolev regularity classes, deep rectified linear unit networks are capable of achieving approximation rates wherein the required parameter count scales as epsilon to the negative d-over-k power multiplied by a logarithmic correction factor, where d denotes the input dimension and k the regularity order. This rate precisely matches the minimax optimal scaling achievable by classical approximation-theoretic methodologies.",1
"The manifold assumption resolves the curse of dimensionality by observing that if data is concentrated on a low-dimensional manifold, then the approximation problem has effective dimension equal to the manifold dimension, not the ambient dimension.",0
"The manifold hypothesis resolves the apparent paradox of successful high-dimensional learning by recognizing that when the data-generating distribution is concentrated on a d-prime dimensional manifold embedded within a higher-dimensional ambient space, the effective approximation-theoretic dimensionality of the problem is determined by d-prime rather than the nominally larger ambient dimension, eliminating the exponential curse.",1
Computational physics plays a fundamental role in solving many problems in fields of science and engineering.,0
"In the domains of science and engineering, computational physics serves as a cornerstone methodology for tackling a wide array of complex problems.",1
"Based on the observations, postulate a physical law. For instance, you observe that the mass of fluid in a closed system is conserved for all time.",0
"Conservation principles emerge from careful observation — noticing, for example, that the total fluid mass within an isolated system remains invariant across time leads to the formulation of a governing physical law.",1
"In most scenarios, exact expressions of the solution cannot be obtained and must be suitably approximated using a numerical algorithm. For instance, one could use forward or backward Euler, mid-point rule, or Runge-Kutta schemes for solving systems of ODEs.",0
"Runge-Kutta schemes, forward Euler, the mid-point rule, and backward Euler are among the numerical algorithms employed when analytical solutions are unavailable and approximation becomes necessary — a situation that arises in the vast majority of practical scenarios involving ODEs.",1
"Unlike computational physics, machine learning does not require the postulation of a physical law. The general steps involve collecting data, training a suitable algorithm, and using the trained model to make future predictions.",0
"The workflow of machine learning diverges from classical physics-based approaches: rather than deriving governing equations, one collects observational data, fits a learning algorithm to uncover latent patterns, and subsequently deploys that trained model to forecast unseen outcomes.",1
"Supervised learning: Given the data, predict the output for some new input. For instance, given a set of images and image labels, train a classification algorithm to learn the relation between images and labels.",0
"In supervised learning, labeled input-output pairs drive the training process — a paradigmatic example being image classification, where a model learns to associate visual content with categorical labels and then generalizes that mapping to previously unseen images.",1
"Reinforcement learning methods learn driven by rewards or penalties for decisions taken. Thus, a suitable path or policy is learned to maximize the reward. These methods are used to train algorithms to play chess or Go.",0
"Policy optimization through reward signals defines reinforcement learning: an agent accrues positive or negative feedback based on its actions, iteratively refining its decision-making strategy to maximize cumulative reward — a paradigm successfully applied to board games like chess and Go.",1
"AI refers to a system with human-like intelligence. While ML is a key component of an AI system, there are other ingredients involved. A self-driving car is a prototypical example of AI.",0
"Human-like intelligence in machines constitutes the broad ambition of AI, of which machine learning is one essential ingredient among several others. The autonomous vehicle stands as a canonical illustration of a fully realized AI system.",1
"DL is a subset of ML algorithms. The simplest form of a DL architecture, known as a feedforward network, comprises a number of layers of non-linear transformations applied component-wise to an affine transformation of an intermediate output.",0
"Feedforward networks — the most elementary deep learning architecture — stack multiple layers, each applying a component-wise nonlinear function atop an affine transformation of the preceding layer's output. Deep learning itself constitutes a specialized subset within the broader machine learning landscape.",1
"ML in general is very data hungry. But the knowledge of physics can help restrict the manifold on which the input and solution predictions lie. With such constraints, we can reduce the amount of data required to train the ML algorithm.",0
"Physics-informed constraints can substantially alleviate the data demands of machine learning: by confining inputs and predictions to physically plausible manifolds, the volume of training samples required to achieve adequate generalization is markedly reduced.",1
"Computing units of an MLP, called artificial neurons, are stacked in a number of consecutive layers. The zeroth layer is called the source layer, which is not a computing layer but is only responsible for providing an input to the network.",0
"An MLP organizes artificial neurons into a sequence of consecutive layers — the first of which, termed the source layer, performs no computation but simply feeds the raw input signal into the subsequent processing stages.",1
"The last layer of the network is known as the output layer, which outputs the network's prediction. Every other layer in between is known as a hidden layer. The number of neurons in a layer defines the width of that layer.",0
"Sandwiched between the input source and the predictive output layer lie the hidden layers, whose neuron counts determine each layer's width and collectively shape the representational capacity of the entire network.",1
"In each layer, the i-th neuron performs an affine transformation on that layer's input followed by a non-linear transformation. The weights and bias are the trainable parameters, while the activation function plays a pivotal role in helping the network represent non-linear complex functions.",0
"Each neuron executes a two-step operation: first an affine mapping parameterized by learnable weights and a bias, then a nonlinear activation. This activation function is indispensable — without it, the network collapses to a mere linear transformation incapable of capturing complex relationships.",1
"The activation function is perhaps the most important component of an MLP. A large number of activations are available in literature, each with its own advantages and disadvantages.",0
"Among all constituents of a multilayer perceptron, the activation function arguably carries the greatest influence on network behavior. Numerous variants have been proposed in the literature, each exhibiting a distinctive combination of strengths and limitations.",1
"The ReLU function is one of the most popular activation functions used in practice. The function is continuous, while its derivative will be piecewise constant with a jump at zero. The range of the function is zero to infinity.",0
"Piecewise linearity and a range restricted to non-negative values characterize ReLU, whose derivative is piecewise constant with a discontinuity at the origin. Despite these mild irregularities, ReLU enjoys widespread adoption as a default activation choice in practice.",1
"The ReLU activation leads to a null output from a neuron if the affine transformation of the neuron is negative. This can lead to the phenomenon of dying neurons while training a neural network, where neurons drop out completely from the network.",0
"When a neuron's pre-activation value turns negative, ReLU clamps its output to zero — a behavior that, sustained across training, may render entire neurons permanently inactive, a pathology commonly described as the dying neuron phenomenon.",1
"To overcome this challenge, a leaky version of ReLU was designed, where for negative inputs the function outputs a small fraction alpha times the input, where alpha becomes a network hyper-parameter.",0
"Leaky ReLU addresses neuronal death by permitting a small, scaled response even for negative pre-activation values; the scaling coefficient alpha is treated as a tunable hyperparameter rather than a fixed constant.",1
"The Logistic or Sigmoid activation function is infinitely smooth and monotonic. The range of the function is between zero and one, making it useful in representing probabilities. Since the derivative quickly decays to zero away from the origin, this activation function can lead to slow convergence.",0
"Smoothness, monotonicity, and an output bounded within the unit interval make the sigmoid well-suited for probabilistic interpretation. However, its derivative's rapid decay toward zero in the saturation regions tends to impede gradient flow and slow down network convergence during training.",1
"Recently, the sine function has been proposed as an efficient activation function. It has the best features of all the activation functions discussed: the function is infinitely smooth, its range is bounded, and none of the derivatives of this function decay to zero.",0
"The sine activation combines the most desirable properties of other activations: infinite differentiability, a bounded output range, and — crucially — derivatives that never vanish, eliminating the gradient saturation issues that plague sigmoid-like functions.",1
"The expressivity of a network grows as the depth and width increase. For ReLU networks, the number of kinks in the output can grow as H to the power L, where H is the width and L is the depth of the network.",0
"Network expressivity scales dramatically with architecture: in ReLU networks, the number of representable piecewise-linear segments — quantified by kink count — can grow exponentially as H raised to the L, where H denotes layer width and L the network depth.",1
"The universal approximation theorem states that given any continuous function and any epsilon greater than zero, there exists an MLP with a single hidden layer of arbitrary width and a non-polynomial continuous activation such that the maximum error is less than epsilon.",0
"A foundational result in neural network theory guarantees that a single hidden layer of sufficient width, equipped with any non-polynomial continuous activation, can approximate an arbitrary continuous function to within any prescribed error tolerance epsilon.",1
"Splitting the dataset is necessary as neural networks are heavily over-parameterized functions. The large number of degrees of freedom can lead to over-fitting, where the error or noise present in the data drives the behavior of the network more than the underlying input-output relation.",0
"Over-parameterization renders neural networks susceptible to overfitting, a regime where the model latches onto noise and idiosyncrasies in the training data rather than capturing the true underlying relationship — motivating the partitioning of available data into disjoint training, validation, and test subsets.",1
Training the network involves solving an optimization problem using the training set to find the optimal weights that minimize the mean-squared loss function over all training samples.,0
The training phase frames parameter estimation as an optimization problem: the network weights are adjusted iteratively to minimize the average squared discrepancy between predicted and target outputs across all training examples.,1
"Validation of the network involves using the validation set to find the optimal hyper-parameters such as depth, width, and type of activation function. The optimal hyper-parameters are obtained using techniques such as random or tensor grid search.",0
"Hyperparameter selection — governing choices such as network depth, layer width, and activation type — is performed on the held-out validation set, typically via grid search or random search strategies that explore the hyperparameter space systematically.",1
"Neural networks, especially MLPs, are almost always over-parametrized. This would lead to a highly non-linear network model for which the loss function can have a landscape with many local minima.",0
"The loss landscape of an over-parametrized MLP is highly non-convex, riddled with numerous local minima — an inherent consequence of the model's vastly greater number of trainable parameters relative to the number of available training points.",1
"The simplest method of regularization involves augmenting a penalty term to the loss function. This encourages the selection of a minimum corresponding to smaller values of the parameters, which in turn reduces the network's sensitivity to small changes in the input.",0
"Adding a norm penalty to the training objective steers the optimizer toward parameter configurations with smaller magnitudes, thereby reducing the network's sensitivity to perturbations in the input and mitigating the risk of overfitting to training-specific noise.",1
"L2 regularization uses the L2 norm in the regularization term, while L1 regularization uses the L1 norm, which promotes the sparsity of the parameters.",0
"The L2 penalty shrinks all parameters uniformly, whereas the L1 variant encourages sparse parameter vectors by driving many weights exactly to zero — a property with useful implications for feature selection and model interpretability.",1
"Gradient descent works by choosing the step in the opposite direction of the gradient, with the step-size also known as the learning rate. The convergence assumes the loss function is convex and differentiable with a Lipschitz continuous gradient.",0
"Steepest descent iterates by moving opposite to the local gradient, with the step magnitude controlled by the learning rate. Under the assumptions of convexity and Lipschitz continuity of the gradient, convergence is guaranteed at a rate inversely proportional to iteration count.",1
Gradient descent prefers to converge to a minima with a flat or small curvature. There is empirical evidence that parameter values obtained at flat minima tend to generalize better and are therefore to be preferred.,0
Flat minima are preferentially selected by gradient descent due to its implicit bias toward low-curvature regions. Empirical studies consistently show that parameters residing at flat minima exhibit superior generalization to unseen data compared to those at sharp minima.,1
"Momentum methods make use of the history of the gradient, instead of just the gradient at the previous step. The formula computes a weighted moving average of the gradient, which is expected to smooth out the zig-zagging behavior.",0
"By maintaining a running exponential average of past gradients, momentum-based optimizers accumulate directional inertia that suppresses oscillatory zig-zag trajectories and accelerates convergence — especially in loss landscapes featuring elongated ravines.",1
"The Adam optimization makes use of the history of the gradient as well as the second moment of the gradient, which is a measure of the magnitude. The learning rate for each component is different — components with larger gradient magnitudes receive smaller learning rates.",0
"Adam adapts per-parameter learning rates by tracking both the first-order gradient history and the second moment (uncentered variance): parameters whose gradients tend to be large are assigned smaller effective step sizes, while those with historically small gradients receive larger ones.",1
"In stochastic gradient descent, the gradient is approximated using only a single randomly chosen training sample at each update step. This modified algorithm does converge assuming the loss function is convex and the learning rate decays as one over the square root of the iteration count.",0
"SGD approximates the true gradient using a single randomly drawn sample per update, dramatically reducing per-iteration computational cost. Convergence is maintained provided the learning rate schedule decays at the appropriate rate — typically proportional to the reciprocal square root of the iteration index.",1
"Mini-batch optimization is a compromise between full-batch and single-sample stochastic gradient descent. The dataset is split into disjoint subsets called mini-batches, and the gradient is approximated using the samples within each mini-batch.",0
"Mini-batch training strikes a balance between the stability of full-batch gradient descent and the computational efficiency of single-sample SGD: the gradient estimate is computed over a small, randomly drawn subset of the training data, enabling efficient use of hardware parallelism while maintaining reasonable gradient quality.",1
"Back-propagation works by first performing a forward pass to evaluate all intermediate hidden variables and the loss function, then traversing the computational graph in reverse to evaluate gradients using the chain rule.",0
"The chain rule applied in reverse along the computational graph constitutes backpropagation: intermediate activations are first computed during a forward sweep, then gradient signals are propagated backwards from the loss, accumulating contributions layer by layer.",1
"For classification problems, the softmax function is used as an output function to transform the network's output vector into a valid probability vector, where each component lies between zero and one and the components sum to one.",0
"Softmax normalizes the raw output logits into a proper probability distribution: each element is exponentiated and divided by the sum of all exponentiated values, ensuring non-negativity and a unit sum — the prerequisites for a valid categorical probability vector.",1
"The cross-entropy loss function is preferred for classification problems. It severely penalizes strongly confident incorrect predictions. As the predicted probability for the wrong class approaches one, the cross-entropy loss approaches infinity, unlike the MSE which approaches a finite value.",0
"Cross-entropy diverges to infinity as the model confidently assigns near-unit probability to an incorrect class, imposing a far harsher penalty than the mean squared error, which remains bounded even at maximum misclassification confidence. This asymmetry makes cross-entropy the preferred loss for classification.",1
"Residual networks were introduced to address the problem of vanishing gradients in deep networks. When the weights of the network approach small values, a standard deep network approaches the null mapping, whereas a ResNet approaches the identity mapping.",0
"The core innovation of ResNets lies in shifting the network's default behavior from the null mapping to the identity: when weights become small, skip connections ensure that the output simply passes through unchanged, circumventing the vanishing gradient pathology that plagues very deep standard networks.",1
The problem of vanishing gradients manifests itself in deep networks where the weights in the inner layers do not contribute to the network. This typically happens when the depth minus the current layer exceeds approximately twenty.,0
"At depths beyond roughly twenty layers from the output, gradient magnitudes become negligibly small through successive matrix multiplications, effectively decoupling the corresponding weights from the training signal and rendering those layers unable to learn.",1
"In a ResNet, skip connections are added between hidden layers such that the output of a layer is the sum of the standard activation and the input to that layer. This ensures that even when all weights are null, the gradient near the input layer is not significantly different from the gradient near the output layer.",0
"Skip connections in ResNets additively combine each layer's standard output with its input: a zeroed-weight scenario then reduces to an identity pass-through, and the consequent gradient flow carries the output-layer signal back to the input layer without multiplicative attenuation.",1
"A ResNet can be seen as a discretization of a nonlinear system of ODEs. The skip connection update rule is analogous to a forward Euler time-integration scheme, where the layer index plays the role of the discrete time variable.",0
"Interpreting the layer index as a discrete time variable, each ResNet residual block enacts a forward Euler integration step for a nonlinear ODE — the network depth thus corresponds to the number of time steps, and the learned transformation at each block approximates the ODE's right-hand side.",1
"In a Neural ODE, the right-hand side of the ODE system is defined using a feed-forward neural network. The system is then solved using a suitable time-marching scheme such as forward Euler or Runge-Kutta, and the regression problem becomes one of finding the RHS that maps initial points to final points.",0
"Neural ODEs recast supervised learning as an initial value problem: a neural network parameterizes the ODE's right-hand side, an off-the-shelf ODE solver propagates initial states to their terminal values, and training adjusts the network weights so that those terminal values align with the target outputs.",1
A key advantage of Neural ODEs over ResNets is that the number of weights is independent of the number of time steps used to solve the ODE. This means one can take the limit of small time steps and study convergence without changing the network size.,0
"Unlike ResNets, whose parameter count grows linearly with depth, Neural ODEs decouple network size from integration resolution: the same network represents the ODE's vector field regardless of how finely the time axis is discretized, enabling principled convergence analysis as the step size shrinks toward zero.",1
"The finite difference method discretizes the domain into a grid of points, approximates derivatives with finite difference formulas, and reduces the PDE to a system of algebraic equations that can be solved with standard linear algebra techniques.",0
"Finite difference schemes transform a continuous PDE into a discrete algebraic system by replacing derivative operators with weighted combinations of nearby grid values, ultimately yielding a matrix equation whose solution approximates the PDE solution at the grid nodes.",1
"Physics-informed neural networks use a neural network to represent the solution of a PDE, and define a loss function containing the PDE residual evaluated at a set of collocation points in the interior of the domain and boundary residual terms.",0
"PINNs embed the physics directly into the training objective: the network output is substituted into the PDE and boundary conditions, and the resulting residuals evaluated at scattered collocation points are penalized in the loss — eliminating the need for a mesh while retaining physical fidelity.",1
"A key property of PINNs is that derivatives of the network output with respect to its input can be evaluated using back-propagation, enabling the PDE residuals to be computed automatically through automatic differentiation frameworks.",0
"Automatic differentiation through back-propagation furnishes exact partial derivatives of the network output with respect to its spatial and temporal inputs, making it straightforward to assemble PDE residuals without finite differencing or manual derivation.",1
"The boundary conditions in PINNs are enforced as a soft constraint via a penalization term weighted by a hyper-parameter lambda. Proper scaling of this hyper-parameter is crucial, especially for stiff PDEs, and self-adaptive techniques have been proposed to tune it during training.",0
"Rather than hard-coding boundary conditions into the network architecture, PINNs penalize boundary violations through a weighted loss term. The weighting coefficient lambda demands careful calibration — imbalanced gradient scales can severely retard convergence, motivating adaptive schemes that automatically adjust lambda during optimization.",1
The error analysis for PINNs shows that the solution error is bounded by a term that decreases as the number of network parameters increases and by terms that decrease as the number of interior and boundary collocation points increases.,0
"Formal error bounds for PINNs reveal a two-pronged convergence mechanism: increasing the network's parameter count reduces the approximation component of the error, while densifying the collocation point sets reduces the quadrature-type discretization error in the loss.",1
"Spectral collocation methods seek a solution written as an expansion in terms of a set of smooth and global basis functions. The coefficients of the expansion are unknowns, computed by requiring that the numerical solution of the PDE is exact at a set of collocation points.",0
"In spectral collocation, the unknown PDE solution is expanded in a pre-selected global basis — such as Chebyshev polynomials — and the expansion coefficients are determined by enforcing the PDE exactly at a discrete set of collocation points, yielding a linear or nonlinear algebraic system.",1
"The convolution operator maps functions to functions by sampling one function using a sliding kernel. As the kernel shifts to different locations, it samples the input function in different windows, but the same operation is applied regardless of location.",0
"Spatial translation equivariance defines the convolution operator: a kernel slides across the domain, sampling the input function within a local window at each position while applying an identical operation everywhere — a property that makes convolution naturally suited to spatially homogeneous tasks.",1
"The Gaussian kernel is a popular choice for convolution and is used as a smoothing or blurring filter. It is isotropic, its integral over the whole domain is unity, and it filters out scales finer than the parameter sigma.",0
"Isotropic and unit-normalized, the Gaussian kernel acts as a low-pass filter: spatial features finer than the characteristic scale sigma are attenuated by convolution, yielding a smoothed version of the input while preserving large-scale structure.",1
"In a convolution layer, the weights of the kernel are learnable parameters determined during training. The network thus learns the operations — smoothing, edge detection, differentiation — that are appropriate for its task.",0
"Convolution kernels are not handcrafted but discovered through gradient-based optimization: training adapts the kernel weights so that the layer learns whatever local operation — be it smoothing, gradient estimation, or feature detection — proves most useful for the downstream task.",1
"Pooling operations are used to reduce the size of an image. Max pooling takes the maximum value over patches of a specified size, while average pooling takes the mean. These operations have no trainable parameters.",0
"Spatial downsampling via pooling requires no learnable parameters: max pooling extracts the dominant activation within each non-overlapping patch, while average pooling computes the mean — both reducing spatial resolution and introducing a degree of translation invariance.",1
"In a CNN for image classification, convolution layers encode information about the input image through feature selection, while the fully connected layers use this encoded information to solve the classification problem. The convolution portion is often referred to as the encoder.",0
"The encoder-classifier duality in CNNs assigns distinct roles to each architectural segment: convolutional layers progressively extract and compress spatial features into a compact representation, which fully connected layers then decode into class-probability outputs.",1
"Transpose convolution layers perform the inverse operation of standard convolutions: instead of using a dot product, they use an outer product; instead of skipping pixels in the input via stride, they skip pixels in the output.",0
"Upsampling through transpose convolutions inverts the arithmetic of standard convolutions — outer products replace inner products, and the stride governs gaps in the output rather than in the input, enabling learned spatial upscaling from coarse feature maps.",1
"Checker-boarding is an undesirable artifact of transpose convolution that arises when the filter size is not an integer multiple of the stride, causing output pixels to receive unequal contributions from different patches.",0
"When the kernel size and stride are incommensurable, different output pixels accumulate contributions from different numbers of input patches, producing a periodic amplitude modulation — the checker-board artifact — that degrades image quality in the transposed convolution output.",1
"U-Nets have a downward branch that downscales images using convolution and pooling, and an upward branch that upscales using transpose convolutions. Skip connections combine information at matching spatial scales across the two branches.",0
"The U-Net's symmetric encoder-decoder structure is augmented by lateral skip connections that concatenate feature maps of identical spatial resolution from the contracting path to the expanding path, preserving fine-grained spatial detail that would otherwise be lost during downsampling.",1
The U-net architecture shares many common features with the V-cycle used in multigrid preconditioners. It can also be thought of as an encoder-decoder network with the additional feature of including skip connections.,0
"Multigrid V-cycle hierarchies and U-Net architectures share a deep structural analogy: both traverse from fine to coarse scales and back, leveraging information across resolutions — the primary distinction being that U-Nets learn their inter-scale transformations from data rather than from prescribed prolongation and restriction operators.",1
"PINNs have a fundamental limitation: the trained network corresponds to a single instance of the PDE for specific boundary conditions and source terms. If any of these change, the network must be retrained from scratch.",0
"Each PINN training run encodes the solution for one specific configuration of source terms and boundary conditions; altering either necessitates a full retraining cycle, making PINNs poorly suited for parametric studies or scenarios requiring solutions across a family of related PDEs.",1
"Operator networks are designed to approximate operators that map functions to functions, rather than simply mapping a finite-dimensional input vector to an output vector as standard neural networks do.",0
"Standard networks map vectors to vectors, but many physical problems demand mappings between infinite-dimensional function spaces. Operator networks generalize deep learning to this setting, learning to approximate the functional relationships that connect input functions to output functions.",1
"A DeepONet comprises two sub-networks: a branch net that encodes the input function sampled at fixed sensor points, and a trunk net that encodes the output query location. Their outputs are combined via a dot product to produce the predicted solution value.",0
"The DeepONet architecture decomposes operator learning into two parallel streams: the branch network digests discrete samples of the input function at pre-specified sensor locations, the trunk network processes the spatial query point, and a final dot product merges these representations into a scalar output.",1
"The DeepONet output can be interpreted as a generalized basis expansion: the trunk network generates data-driven basis functions, while the branch network computes the corresponding coefficients that depend on the input function.",0
"DeepONet's dot-product output formula mirrors a basis expansion: the trunk network's outputs serve as learned, data-adapted basis functions over the output domain, while the branch network's outputs furnish the associated expansion coefficients — coefficients that implicitly encode the entire input function.",1
"Training a DeepONet requires pairwise data: representative input functions are sampled at sensor points, the corresponding output functions are computed numerically or analytically, and those outputs are sampled at query points to form the training set.",0
"The supervised training pipeline for DeepONets assembles input-output function pairs: input functions are evaluated at fixed sensor nodes to form the branch network's input vectors, reference output functions are computed via external solvers and sampled at query locations, and the combined dataset drives parameter optimization.",1
Physics-Informed DeepONets augment the standard data-driven loss with a physics-based loss that penalizes PDE residuals at additional collocation points. This reduces the data demand and improves robustness to out-of-distribution input functions.,0
"By supplementing data-driven supervision with a PDE-residual penalty evaluated at physics collocation points, physics-informed DeepONets transfer some of the learning burden from expensive labeled data to the governing equations — improving both sample efficiency and generalization beyond the training distribution.",1
Fourier Neural Operators extend the standard MLP architecture from scalars to functions by replacing vector-to-vector affine transforms with function-to-function operators that include a convolution term in addition to the pointwise affine transformation.,0
"FNOs generalize the MLP computational graph to infinite-dimensional function spaces: each hidden layer now transforms vector-valued functions rather than finite vectors, with the affine operator augmented by an integral convolution term that captures global dependencies across the spatial domain.",1
"The convolution in the Fourier Neural Operator is computed efficiently using the Fast Fourier Transform. By transforming to the Fourier domain, multiplying coefficients, and inverting, the cost of the convolution reduces from order N squared H squared to order N log N H squared.",0
"Leveraging the FFT's O(N log N) complexity, FNOs bypass the quadratic cost of direct spatial convolution: the input function's Fourier coefficients are multiplied pointwise by learned spectral filters, and the inverse FFT reconstructs the convolved function — a pipeline that scales gracefully with spatial resolution.",1
"In probabilistic deep learning, the output for a given input is not a single value but a distribution. This framework is necessary when outputs are inherently stochastic, measurements are noisy, or inverse problems admit multiple solutions.",0
"Deterministic networks are inadequate for settings where the mapping from input to output is one-to-many: measurement noise, intrinsic randomness, and ill-posed inverse problems all demand a probabilistic treatment in which the network characterizes an entire conditional distribution rather than a single point estimate.",1
A random variable is a function defined from the sample space to the real line. Its probabilistic interpretation is inherited from the probability law defined on the sample space through the assignment of probabilities to events.,0
"Formally, a random variable is a measurable mapping from the underlying probability space to the real line, acquiring its probabilistic character from the probability measure defined on the original sample space via the induced distribution over real-valued outcomes.",1
"The cumulative distribution function of a random variable X gives the probability that X takes a value less than or equal to x. It is always monotonically non-decreasing, bounded between zero and one, and right-continuous.",0
"The CDF encodes the complete distributional information of a random variable: evaluated at any threshold x, it returns the probability of falling at or below that value. Its defining properties — monotone non-decrease, unit-limit at infinity, and right-continuity — follow directly from the axioms of probability.",1
"The probability density function is defined as the derivative of the cumulative distribution function. The integral of the pdf over an interval gives the probability mass, which is the probability that the random variable lies in that interval.",0
"Differentiating the CDF yields the pdf, whose integral over any interval computes the probability that the random variable falls within that range — making the pdf interpretable as a probability mass density in the limit of infinitesimally small intervals.",1
"The Gaussian random variable is parameterized by its mean, which denotes the center of the distribution, and its variance, which denotes the spread. Through the Central Limit Theorem, it also arises as the limiting distribution of aggregates of many independent random variables.",0
"Mean and variance fully characterize the Gaussian distribution: the former locates the distribution's center while the latter governs its width. The Central Limit Theorem endows this distribution with universal significance — sums of sufficiently many independent random variables, regardless of their individual distributions, converge to Gaussian in the limit.",1
"Generative Adversarial Networks comprise two sub-networks: a generator that maps samples from a simple latent distribution to the data space, and a critic or discriminator that attempts to distinguish real data samples from generated fake samples.",0
"The GAN framework pits two networks in opposition: the generator transforms low-dimensional latent noise into synthetic data-space samples, while the critic assigns high scores to genuine data and low scores to generated fakes — the adversarial tension between them driving both networks toward improved performance.",1
"The Wasserstein GAN objective trains the critic to maximize the difference between its average score on real samples and its average score on fake samples. The generator is trained to minimize this same objective, creating a minimax optimization problem.",0
"WGAN frames training as a two-player zero-sum game: the critic maximizes the expected score gap between authentic and synthetic samples, while the generator minimizes it — the Nash equilibrium of this minimax problem theoretically corresponding to the generator reproducing the true data distribution.",1
"A gradient penalty term is added to the critic loss in WGAN to constrain the norm of the critic's gradient with respect to its input to be close to one, enforcing the one-Lipschitz condition required for the Wasserstein distance interpretation.",0
"Enforcing the one-Lipschitz constraint on the critic — a prerequisite for the Wasserstein-1 distance interpretation — is accomplished through a gradient penalty that penalizes deviations of the gradient norm from unity, evaluated at interpolated points between real and generated samples.",1
"Once a GAN is trained, only the generator is retained. Given a latent sample from the simple prior distribution, it produces a new synthetic sample whose statistics converge to those of the true data distribution as training proceeds.",0
"Post-training, the critic is discarded and the generator alone is deployed: sampling a latent vector from the prior and passing it through the trained generator yields a synthetic observation whose marginal distribution approximates the true data distribution — with statistics converging as training quality improves.",1
Conditional GANs extend standard GANs to the supervised setting by conditioning the generator on an observed input x in addition to the latent variable z. The goal is to approximate the conditional distribution of the output given the input.,0
"cGANs adapt the GAN framework for regression-like tasks: the generator receives both a latent sample and the observed conditioning variable x, producing output samples that collectively approximate the true conditional distribution of the output given that specific input value.",1
The spectral collocation method can be viewed as a special case of a least-squares approach where the solution is represented as a linear combination of global basis functions and the coefficients are found by minimizing a loss function containing the PDE residual and boundary conditions.,0
"Casting spectral collocation as a least-squares problem unifies it conceptually with neural network PDE solvers: in both cases, a parameterized function space is explored by minimizing a weighted combination of interior PDE residuals and boundary condition violations — the principal difference being the choice of basis functions.",1
The data assimilation problem involves using sparse measurements of a quantity together with a known physical constraint to reconstruct the field everywhere in the domain. PINNs can solve this by including both a data matching term and a physics residual term in the loss.,0
Sparse observations and governing physics jointly constrain the solution in data assimilation: PINNs formalize this by optimizing a composite loss that simultaneously penalizes discrepancies from the available measurements and violations of the PDE residual at additional collocation points — effectively interpolating the field in a physically consistent manner.,1
"The error in a DeepONet solution is bounded by terms accounting for the numerical solver accuracy used to generate training data, the final training loss, how well the training functions cover the input space, and quadrature errors from discretizing the input and output functions.",0
"DeepONet error decomposes into four additive contributions: inaccuracy inherited from the numerical solver producing training labels, residual optimization error at convergence, coverage gaps between training function samples and the full input function class, and discretization errors from evaluating functions at finite sensor and output nodes.",1
"The action of the whole network can be mathematically seen as a composition of alternating affine transformations and component-wise activations, applied sequentially from the first layer to the last.",0
"Mathematically, a feedforward network computes a nested composition of alternating linear affine maps and pointwise nonlinear activation functions, progressively transforming the input representation layer by layer until the final output is produced.",1
"For the Yarotsky universal approximation result, if the target function has two continuous derivatives and the network uses ReLU activations with at least a certain minimum width, then the maximum approximation error decays as a power of the total number of network parameters.",0
Yarotsky's quantitative approximation theorem establishes that ReLU networks of sufficient width can approximate twice-continuously-differentiable functions with an error that decays polynomially in the total parameter count — providing a concrete rate linking network size to approximation quality.,1
"For a network to generalize well, the training set, validation set, and test set should all be drawn from the same data distribution. A small training and validation loss can then be expected to lead to a small testing error.",0
"Distributional consistency across the three data splits is a prerequisite for meaningful generalization guarantees: when all partitions share a common generating distribution, minimizing training and validation loss provides meaningful assurance that the model will perform similarly on held-out test data.",1
"In gradient descent, the convergence rate is bounded by C divided by k, where k is the iteration number and C is a constant. This linear convergence rate holds when the loss function is convex and the gradient is Lipschitz continuous.",0
"Under convexity and Lipschitz gradient assumptions, gradient descent enjoys an O(1/k) convergence rate — the distance to the optimal parameters shrinks inversely with the number of iterations, a rate that, while moderate, carries theoretical guarantees absent in the non-convex setting.",1
"The zig-zagging behavior of gradient descent in elongated loss landscapes can be mitigated by the Adam optimizer, which maintains separate adaptive learning rates for each parameter based on the running averages of the gradient and the squared gradient.",0
"Adam resolves the zig-zag pathology inherent to gradient descent in anisotropic loss landscapes by scaling each parameter's effective learning rate inversely with the root mean square of its recent gradient history, enabling larger steps in flat directions and smaller steps in steep ones.",1
One epoch in mini-batch stochastic optimization is defined as one full pass through all samples or mini-batches of the full training set. The training algorithm randomly shuffles the full training set and creates mini-batches before processing each one sequentially.,0
"A single epoch constitutes one complete sweep through the training corpus: the data is first shuffled to decorrelate successive mini-batches, then partitioned into equal-sized subsets, each of which contributes one gradient update before the epoch concludes and the next reshuffle begins.",1
"The finite difference method uses central difference approximations that are second order accurate for both the first and second derivatives. In the limit of large Peclet number, a central difference approximation of the advective term is not ideal since it leads to numerical instability.",0
"Central differencing achieves second-order accuracy for spatial derivatives but becomes numerically unstable at high Peclet numbers, where advection dominates diffusion; in that regime, upwind differencing — which biases the stencil in the flow direction — is the preferred alternative.",1
"The solution to the advection-diffusion equation with zero source term involves the Peclet number, which measures the ratio of the strength of advection to the strength of diffusion. For small Peclet number the solution is nearly linear, while for large Peclet number a steep boundary layer forms near one boundary.",0
"As the Peclet number grows, the balance between advective and diffusive transport shifts dramatically: at small values the solution profile is essentially linear, but at large values a thin boundary layer with steep gradients emerges near the downstream boundary, posing challenges for numerical methods.",1
"In the spectral collocation method, Chebyshev polynomials are a natural choice of basis because they form a complete basis, are smooth enough to allow derivative evaluation, are easy to evaluate via a recurrence relation, and have derivatives that are also easy to evaluate.",0
"Chebyshev polynomials satisfy all the desiderata for a spectral basis: completeness in the relevant function space, smoothness enabling repeated differentiation, efficient recursive evaluation, and derivative recurrences that are equally tractable — making them the canonical choice for spectral collocation on bounded intervals.",1
"When a nonlinear PDE is treated by spectral collocation, the result is a nonlinear system of algebraic equations for the basis coefficients, which is typically solved iteratively using Newton's method rather than a direct linear solver.",0
"Nonlinearity in the PDE propagates into the spectral system, replacing the linear coefficient matrix with a nonlinear algebraic residual that must be driven to zero — typically through Newton iteration, which linearizes the system at each step and solves the resulting Jacobian system.",1
"In extending PINNs to the Navier-Stokes equations, the input to the network includes the three spatial coordinates and the time variable, while the output includes the three velocity components and the pressure field.",0
"For the three-dimensional incompressible Navier-Stokes equations, the PINN network accepts a four-dimensional input comprising the spatial coordinates and time, and outputs a four-dimensional vector encoding the velocity field and pressure — with the PDE's momentum balance, mass conservation, and boundary conditions all embedded in the loss.",1
"In the PINN framework, the universal approximation theorems guarantee completeness of the function representation, back-propagation provides derivative evaluation, and the collocation points play the role analogous to the quadrature points in spectral methods.",0
"PINNs inherit their approximation completeness from universal approximation theorems, their derivative evaluation from automatic differentiation, and their discretization strategy from the choice of collocation points — with each of these elements having a direct counterpart in classical spectral collocation methodology.",1
The operator that maps the right-hand side of a linear PDE to its solution is called the Green's operator. This is an example of a linear operator and motivates the use of convolution in the Fourier Neural Operator architecture.,0
Green's operators furnish the canonical example of a linear function-to-function map: they express the PDE solution as an integral transform of the forcing function — a convolution structure that directly motivates the integral kernel term incorporated into each layer of the Fourier Neural Operator.,1
"In the DeepONet architecture, when the input function is sampled on a uniform grid, the branch network is best implemented using convolutional layers, since the sensor points form an image-like structure that CNNs are well-suited to process.",0
"Uniform sensor grids endow the branch network's input with a regular spatial structure amenable to convolutional processing: the sampled function values form an image, and convolutional layers can exploit the local spatial correlations among neighboring sensor readings far more efficiently than fully connected layers.",1
"The error estimate for DeepONets is similar in structure to the error estimate for PINNs: both involve terms that can be reduced by increasing the number of network parameters, and both involve discretization error terms that decrease as the number of collocation or sensor points increases.",0
A structural parallel links the error bounds of PINNs and DeepONets: both decompose into an approximation component shrunk by growing the network and a quadrature component shrunk by densifying the spatial point sets — reflecting the dual role of model capacity and discretization resolution in controlling accuracy.,1
The marginal probability density function of one random variable in a pair can be obtained by integrating the joint density over all possible values of the other variable. This operation is called marginalization.,0
"Marginalization extracts the distribution of a single variable from a joint distribution by summing — or integrating, in the continuous case — over the entire range of the other variable, collapsing the bivariate density onto a univariate one.",1
"Two random variables are said to be independent if their joint probability density function factors into the product of their individual marginal density functions. Independence implies zero covariance, but zero covariance does not imply independence.",0
"Statistical independence is characterized by the factorization of the joint density into the product of marginals — a strictly stronger condition than zero covariance, which merely captures linear uncorrelatedness but leaves open the possibility of nonlinear stochastic dependence.",1
The conditional probability density function of Y given X equals the joint density divided by the marginal density of X. This quantity is the foundation of Bayesian inference and probabilistic regression.,0
"Bayes' rule for densities divides the joint probability of the pair by the marginal density of the conditioning variable, yielding the conditional density — the central object in both Bayesian inference and probabilistic regression, encoding all information about the output distribution given a specific input observation.",1
GANs were first proposed by Goodfellow et al. in 2014. Since then many variants have been proposed differing in network architecture and the objective function used to train the networks. The generator and critic play adversarial roles in training.,0
"Since their introduction by Goodfellow and colleagues in 2014, GANs have spawned a rich family of variants distinguished by architectural choices and training objectives. In all variants, generator and critic interact antagonistically — the former learns to synthesize convincing samples while the latter sharpens its ability to detect them.",1
"The latent variable of a GAN has a much lower dimension than the data space. As a result, the trained generator also provides a low-dimensional representation of high-dimensional data, which can be useful in downstream tasks involving uncertainty quantification.",0
The dimensionality gap between the low-dimensional latent space and the high-dimensional data manifold means the trained GAN implicitly discovers a compact embedding of the data: this latent representation serves as a learned prior useful for uncertainty quantification and Bayesian inverse problem formulations.,1
"Under the assumptions of infinite network capacity, infinite training data, and a perfect optimizer, it can be proven that the distribution of samples generated by the trained GAN converges weakly to the true target data distribution.",0
"Theoretical guarantees for WGAN training establish weak convergence of the generated distribution to the target under idealized conditions — unlimited model capacity, infinite data, and a globally optimal solver — demonstrating that the adversarial training objective is in principle consistent with the true generative goal.",1
"Conditional Wasserstein GANs are designed to learn conditional distributions. The generator takes both the latent variable and the conditioning input as inputs, and the critic receives paired conditioning input and output samples to distinguish real pairs from fake ones.",0
"cWGANs adapt the Wasserstein framework to conditional distribution learning: the generator's input space is augmented with the conditioning variable, while the critic evaluates joint input-output pairs — assigning high scores to true pairings and low scores to pairs where the output was generated rather than observed.",1
"The FNO architecture is obtained by systematically extending a standard MLP from scalars to scalar-valued functions. Scalar inputs and outputs become function inputs and outputs, finite-dimensional weight vectors become pointwise affine operators, and the affine transform in hidden layers gains an integral convolution term.",0
"FNO construction follows a principled lifting of the MLP graph: scalars become functions, weight matrices become pointwise linear operators, and crucially, each hidden-layer affine step is enriched with an integral convolution — an addition that confers the ability to capture nonlocal, long-range dependencies across the spatial domain.",1
"The use of Fast Fourier Transforms in FNOs reduces the cost of evaluating the convolution from order N squared to order N log N, where N is the number of spatial grid points. This makes the FNO practical for high-resolution problems.",0
"FFT-based evaluation of the spectral convolution achieves sub-quadratic complexity: rather than summing over all N grid-point pairs, the transform-multiply-invert pipeline operates at O(N log N) cost — an efficiency gain that makes FNOs competitive with classical numerical solvers even on high-resolution spatial grids.",1
"The FNO truncates the Fourier series to a finite number of modes, retaining only the lower frequency components and discarding the higher frequency ones. The weights applied to these retained Fourier coefficients are the trainable parameters of the convolution.",0
"Frequency truncation in the FNO limits the learned convolution to a finite-dimensional spectral subspace: only the first K Fourier modes per spatial dimension are retained and multiplied by trainable complex-valued weight tensors, with higher-frequency components set to zero — an implicit regularity assumption on the target operator.",1
"The FNO treats the discretization of the domain as an implementation detail rather than a fundamental limitation, allowing the trained operator to be evaluated at different spatial resolutions without retraining — a property sometimes called discretization invariance.",0
"Resolution invariance distinguishes FNOs from grid-dependent models: because the underlying operator is learned in the continuous Fourier domain, the trained network can be queried at any discretization of the spatial domain without modification, enabling zero-shot generalization to finer or coarser grids.",1
"In the DeepONet, the M sensor points must be pre-defined before training and remain fixed throughout training and evaluation. The branch network encodes only the values of the input function at these fixed sensor locations.",0
"Sensor placement is a design decision made prior to DeepONet training and cannot be changed thereafter: the branch network's input is exclusively the vector of function evaluations at these pre-committed locations, making the choice of sensor points an important hyperparameter affecting representational capacity.",1
The variance of a uniform random variable on the interval from a to b equals the square of the interval length divided by twelve. The variance of a Gaussian random variable equals the square of the parameter sigma.,0
"For a uniform distribution over an interval of length b minus a, the variance evaluates to the square of that length divided by twelve. The Gaussian distribution's variance is simply sigma squared — the parameter that appears in the exponent of the density's bell-curve formula.",1
We consider the generic deep image enhancement problem where an input image is transformed into a perceptually better-looking image.,0
"The problem under consideration is the broad challenge of deep image enhancement, wherein the primary objective is to transform a given degraded input image into a visually superior output exhibiting improved perceptual quality as assessed by human observers and quantitative perceptual metrics.",1
Recent methods for image enhancement consider the problem by performing style transfer and image restoration. The methods mostly fall into two categories: training data-based and training data-independent methods.,0
"Contemporary image enhancement approaches have converged upon two principal methodological paradigms for addressing the enhancement problem: those that frame it through the lens of style transfer combined with image restoration, and those categorized broadly as either requiring curated paired training data or operating independently of such externally sourced supervisory signals.",1
Deep image enhancement is an ill-posed problem that aims to improve the perceptual quality of an image using a deep neural network.,0
"The task of enhancing images through deep learning constitutes a fundamentally ill-posed inverse problem, wherein a deep neural network serves as the computational instrument for elevating the subjective perceptual fidelity of the processed imagery in the absence of a unique mathematically determined solution.",1
"An image could be considered as the composition of content features and style features. The content features denote the objects, their structure, and their relative positions.",0
"An image may be conceptualized as a superposition of two distinct representational modalities: content features, which encode the semantic inventory of depicted objects alongside their structural configurations and spatial interrelationships, and style features, which capture the chromatic and textural characteristics of the visual scene.",1
Style features represent the color and the texture information of the objects. Deep image enhancement aims to improve the quality of the content and the style features.,0
The stylistic dimension of an image is predominantly constituted by its chromatic distribution and the textural properties characterizing its constituent regions. Comprehensive image enhancement therefore necessitates the concurrent amelioration of both the content and the stylistic representational components embedded within the image.,1
"The image features may get corrupted in various ways. For example, bad weather conditions, camera shake, and noise. Consider a hazy image denoted by I. Haze particles degrade both the content features and the style features.",0
"Image features are susceptible to corruption through a diverse array of degradation mechanisms including adverse atmospheric conditions, motion-induced blur, and stochastic sensor noise. Taking a haze-afflicted image I as a paradigmatic example, the atmospheric particulate matter simultaneously attenuates both the structural content and the chromatic style components of the image, precipitating a compound degradation.",1
The content features are corrupted because haze particles reduce the clarity of the structure of the objects. Style features are corrupted due to gray and blueish patterns introduced by haze.,0
"The haze-induced degradation of content features manifests as a reduction in the structural legibility of depicted objects and their spatial arrangements, while the stylistic corruption is primarily characterized by the superimposition of achromatic and desaturated bluish-gray patterns attributable to the differential scattering of light wavelengths by the suspended aerosol particles.",1
"Performing deep image enhancement without using paired samples of training data was proposed as an open problem. Here, paired-samples indicate the instances of the original image and corrupted image pairs.",0
"The challenge of accomplishing deep image enhancement without recourse to paired training exemplars — that is, without access to corresponding clean-corrupted image dyads for supervisory guidance — was formally articulated as an unresolved open research problem, motivating the subsequent development of training-data-independent methodologies.",1
Recent advancement in deep internal learning solves the open problem for image restoration and image synthesis tasks.,0
"The emergent paradigm of deep internal learning has demonstrated remarkable efficacy in resolving this longstanding open challenge, successfully accomplishing both image restoration and image synthesis objectives without requiring externally sourced paired training data, instead exploiting the intrinsic statistical regularities present within individual images.",1
"We categorize deep internal learning methods for simplicity as: image reconstruction models, layer separation models, and single image GAN frameworks.",0
"For the purposes of systematic exposition, deep internal learning methods are organized into three principal categories: image reconstruction models that regenerate clean imagery through iterative optimization, layer separation models that disentangle image components through joint decomposition, and single-image generative adversarial network frameworks that learn the internal patch distribution of a solitary image.",1
We formulate a generic framework called Deep Internal Learning for Image Enhancement. It does not use paired samples of training data and aims to learn features internally to perform image enhancement.,0
"The proposed Deep Internal Learning for Image Enhancement framework, designated DILIE, constitutes a generalized computational paradigm that deliberately eschews reliance on externally paired training exemplars, instead harvesting representational knowledge from the internal statistical structure of the input image under consideration to accomplish the enhancement objective.",1
The good perceptual quality of DILIE framework is due to the ability of CNN to learn good quality image statistics from a single image.,0
"The perceptual superiority of outputs generated by the DILIE framework can be fundamentally attributed to the remarkable capacity of convolutional neural networks to internalize high-fidelity image statistics from a solitary input image, thereby enabling effective feature learning in the conspicuous absence of large-scale annotated training corpora.",1
The DILIE framework performs content feature enhancement and style feature enhancement separately. Content feature enhancement decomposes the hazy image into environmental haze layer and haze-free image. Style feature enhancement transfers photo-realistic features from a style image.,0
"The DILIE framework decomposes the overall enhancement task into two sequentially applied sub-modules that are designed and trained independently: the content feature enhancement component, which separates the hazy input into its constituent environmental haze layer and the latent haze-free image, followed by the style feature enhancement component, which instills photo-realistic or artistically stylized characteristics from a reference style image.",1
DILIE is a unified framework to restore the content features and synthesizes new style features for the image enhancement task. It takes the degraded image I as input and generates the enhanced image.,0
"DILIE presents a holistic unified computational architecture that simultaneously attends to content feature restoration and style feature synthesis, receiving the degraded input image I and producing the perceptually enhanced output image through the sequential application of its constituent enhancement modules.",1
The encoder-decoder network f is used for the reconstruction or decomposition of input I. The style image S is used to enhance the style features of image I. The VGG19 network phi is used for image context learning and the style features enhancement.,0
"An encoder-decoder network f serves as the primary computational workhorse for either reconstructing or decomposing the corrupted input, a supplementary style image S furnishes the stylistic reference signal guiding aesthetic enhancement, and the pre-trained VGG19 feature extractor phi provides the hierarchical representations necessary for context-preserving content loss computation and style feature matching.",1
"Image decomposition improves the quality of images by separating image features and corrupted features. Formally, given an image I as a combination of image feature layer and environmental noise, decomposition separates I into the image features layer and the image corruption layer.",0
"Image quality improvement through decomposition is achieved by algorithmically disentangling the clean image content from the superimposed corruption signal. Formally construed, the degraded observation I is modeled as an admixture of a latent clean feature layer and an environmental distortion layer, which the decomposition procedure seeks to isolate through simultaneous joint optimization of the respective network parameters.",1
"The image decomposition in the basic form does not consider the context of the input image. The abstract information of content features represents the context of the image, i.e., objects and their relative positions.",0
"A fundamental limitation of naive image decomposition formulations is their neglect of the semantic context embedded within the input image. This contextual information, encoded within the high-level content feature representations as an abstract description of the depicted objects and their relative spatial configurations, constitutes an essential constraint for producing semantically coherent decomposition results.",1
The contextual content loss is defined between the content features of the original image and the enhanced content image. LCL maximizes the contextual similarity between the enhanced image and the original to improve performance.,0
"The contextual content loss LCL is formulated as a penalty term that promotes alignment between the high-level content feature representations extracted from the corrupted input and those of the content-enhanced output. By maximizing contextual feature similarity across these two representations, the loss function encourages the preservation of semantic coherence in the enhanced output, yielding measurably superior performance on dehazing benchmarks.",1
The content features are mostly present at the higher layers of feature extractor VGG19. The style features are mostly contained at the initial layers.,0
"Within the hierarchical representational structure of VGG19, the content features encoding high-level semantic information are predominantly localized in the deeper layers of the network, while the style features capturing low-level chromatic and textural properties are primarily contained within the earlier shallow layers of the feature hierarchy.",1
Image reconstruction model uses encoder-decoder f to reconstruct the desired image. The output of CFE in image reconstruction is the network output for a given input.,0
"The image reconstruction modality employs an encoder-decoder network f whose architectural inductive biases implicitly encode a powerful image prior, enabling the reconstruction of a clean image approximation from the corrupted input by iteratively minimizing a pixel-level discrepancy loss between the network output and a reference transformation of the input observation.",1
SFE aims to improve style features and output the enhanced image given the CFE output. SFE transfers the style features to the content-enhanced image using style image S.,0
"Receiving the content-enhanced intermediate image produced by the content feature enhancement module as its input, the style feature enhancement component is tasked with transplanting stylistic characteristics harvested from the reference image S into this intermediate representation, thereby producing the final perceptually improved output image exhibiting the desired aesthetic qualities.",1
The style features enhancement is performed using the content loss and style loss. The content loss is defined between the content feature representations extracted from the content-enhanced image and the enhanced output.,0
"Style feature enhancement is governed by a composite loss comprising two complementary terms: the content loss, which enforces consistency between the semantic content representations of the intermediate content-enhanced image and the final output, and the style loss, which penalizes discrepancies between the stylistic feature representations of the reference style image and those of the final output.",1
"The photo-realism characterization in the image is an unsolved problem. The enhancement of the photo-realistic features is based on the observation that if the input image is photo-realistic, then those features could be retained with an affine loss.",0
"Achieving faithful photo-realism in style-transferred outputs remains an unresolved challenge in computational imaging. The photo-realistic feature enhancement strategy herein rests on the theoretical insight that the photo-realistic character of an image can be preserved through the imposition of an affine color transformation constraint, effectively preventing the introduction of physically implausible cross-region color bleeding artifacts.",1
The total loss for photo-realistic enhancement includes an affine loss that preserves object structure while transforming the style features. The affine loss uses the Matting Laplacian of the input to transform the color distribution while preserving the object structure.,0
"The composite loss function governing photo-realistic enhancement incorporates a Matting Laplacian-derived affine regularization term as its principal structural preservation mechanism. This affine constraint operates by restricting the color transformation to be locally affine within the image color space, thereby sanctioning stylistic chromatic modifications while simultaneously enforcing the geometric integrity of depicted objects and their boundaries.",1
The artistic feature enhancement allows small deformations to achieve an artistic look using relaxed earth mover distance to match the image feature distribution.,0
"In contradistinction to photo-realistic enhancement, the artistic feature enhancement modality deliberately permits controlled geometric deformations in service of an aesthetically expressive outcome. Distribution matching between style and content features is accomplished through the relaxed earth mover distance, a geometrically-motivated optimal transport metric that accommodates pixel-level modifications while maintaining the overall structural composition.",1
"Pictures taken in the hazy weather may lack scene information such as contrast, colors, and object structure. Haze is composed of small particles suspended in the gas.",0
"Imagery acquired under adverse atmospheric conditions characterized by the presence of haze frequently exhibits pronounced deficiencies in contrast fidelity, chromatic saturation, and structural clarity, arising from the absorption and multiple-scattering effects of the suspended aerosol particles — minute solid or liquid particulates dispersed within the gaseous atmospheric medium.",1
The image degradation model for the hazy image is usually formulated using an atmospheric scattering model. The hazy image could be considered as a haze layer superimposed on the true scene content.,0
"The physical mechanism underlying haze-induced image degradation is conventionally captured by the atmospheric scattering model, which decomposes the observed degraded image into two constituent elements: the attenuated true scene radiance scaled by a transmission map, and the additive airlight contribution, collectively conceptualized as a haze layer overlaid upon the latent haze-free scene.",1
"Image dehazing can be formulated as a layer decomposition problem to separate the hazy image into a haze-free image layer and a haze layer, where the content-enhanced image is the approximation of the haze-free image.",0
"The image dehazing task admits a natural reformulation as a layer decomposition problem, wherein the compound hazy observation is algorithmically disentangled into its constituent components: the latent clean image layer representing the unobscured scene content, and the haze layer capturing the light-scattering contribution of the atmospheric aerosol, with the content-enhanced output serving as the approximation of the true haze-free image.",1
Table 1 shows that DILIE achieves a good Structural Similarity Index for image dehazing. DILIE outperforms other methods in comparison for both indoor and outdoor hazy image datasets.,0
"Quantitative evaluation on established benchmarks corroborates the efficacy of DILIE, with the Structural Similarity Index measurements demonstrating that DILIE achieves superior structural fidelity in the dehazing task, surpassing all competing methods across both the indoor and outdoor hazy image evaluation datasets.",1
Table 2 shows that DILIE output images with better perceptual quality for hazy image enhancement. DILIE performs image enhancement with minimum perceptual error.,0
"The perceptual error scores compiled in Table 2 affirm that DILIE-enhanced images exhibit diminished perceptual distortion relative to all competing style transfer and enhancement methods, yielding outputs with superior photo-realism as quantified by the PieAPP perceptual error metric.",1
Denoising aims to recover a clean image from a noisy observation. The image degradation model for the noisy image is given as the clean image plus additive noise.,0
"Image denoising constitutes the canonical inverse problem of recovering the latent clean image from its noise-corrupted observation, wherein the degradation is conventionally modeled as the additive superimposition of the clean target signal and a stochastic noise realization of specified statistical characteristics.",1
"Image denoising is formulated as image reconstruction, where an encoder-decoder reconstructs the clear image from the noisy observation. The network provides a high impedance to noise and allows image features to pass through.",0
"Within the DILIE framework, image denoising is operationalized as a reconstruction task wherein an encoder-decoder network is iteratively optimized to regenerate the noise-free image from its corrupted observation. The architectural properties of the network instill an implicit prior that imparts high impedance to stochastic noise components while exhibiting low impedance to structured image features.",1
"The reconstruction loss is iteratively minimized, and early stopping is used to get the best possible outcome before the network over-learns the noisy features.",0
"The pixel-level reconstruction loss is iteratively minimized through gradient-based optimization, with early stopping employed as the critical regularization mechanism that arrests the optimization at the point of maximal clean signal recovery before the network begins to overfit to the idiosyncratic noise realization present in the corrupted input.",1
The figure shows that DILIE outputs images with better perceptual quality. The style images are artistic images and content images contain noise with a specified strength.,0
"Visual examination of the qualitative results confirms that DILIE produces outputs of markedly superior perceptual quality compared to competing methods, even under the challenging experimental conditions wherein both the content and style images contain additive Gaussian noise of prescribed standard deviation.",1
DILIE output images with less environmental noise in the ablation study. The style features of the outputs get affected by haze even when the input style image does not contain haze particles.,0
"The ablation analysis reveals that DILIE outputs exhibit substantially attenuated environmental noise contamination. A particularly instructive observation is that without appropriate content feature enhancement, the haze artifacts present in the content image propagate into the style transfer output even when the reference style image is entirely haze-free.",1
DILIE is a deep internal learning approach for image enhancement. It is a generic framework for image restoration and image style transfer tasks for content feature enhancement and style feature enhancement models.,0
"In summation, DILIE represents a principled deep internal learning methodology for comprehensive image enhancement that synthesizes image restoration and neural style transfer within a unified generic framework, decomposing the overall enhancement objective into the complementary sub-problems of content feature restoration and style feature synthesis.",1
The contextual content loss for image decomposition improved the performance of the image dehazing task. The interesting challenge here is that the degraded input image corrupts both style and content features.,0
"The incorporation of contextual content loss within the image decomposition optimization yielded demonstrable and quantifiably significant performance improvements on the dehazing benchmark. The principal challenge that the framework is designed to address is the compound nature of the degradation, which simultaneously contaminates both the semantic content and the stylistic attributes of the image, necessitating a methodology capable of ameliorating both dimensions concurrently.",1
"CFE and SFE together lead to output images with a low perceptual error and good structure similarity. As future work, we propose to explore image enhancement for other image degradation models such as under-water scenes and snowfall.",0
"The synergistic combination of the content feature enhancement and style feature enhancement modules collectively yields output images characterized by low perceptual distortion and high structural fidelity. Prospective extensions of this work are envisioned to encompass additional degradation modalities beyond haze and noise, including the challenging scenarios of underwater scene enhancement and precipitation-induced image degradation.",1
"The contextual similarity is computed by finding for each feature of the enhanced image the contextually similar feature of the corrupted image, and then summing over all the features.",0
"The contextual similarity metric operates by identifying, for each feature vector in the content-enhanced representation, its most contextually analogous counterpart within the corrupted input's feature space, subsequently aggregating these pairwise similarity scores across all feature locations to produce a global measure of contextual fidelity.",1
The deep image prior provided by the encoder-decoder network structure enables application-specific image restoration without requiring external training data.,0
"The implicit image prior encoded within the architectural structure of the encoder-decoder network endows the framework with the capacity to perform application-specific image restoration without recourse to externally sourced training data, relying instead on the network's inherent inductive biases to constrain the solution space toward perceptually plausible image reconstructions.",1
"For image dehazing, the mask is a transmission map that determines image features and airlight. The joint framework estimates the haze-free image and the atmospheric light while preserving their relations.",0
"In the specific context of image dehazing, the decomposition mask takes the form of a transmission map, a spatially varying scalar field that governs the relative contributions of the latent clean scene and the atmospheric illumination at each pixel location. The joint optimization framework simultaneously estimates both the haze-free image content and the atmospheric airlight while preserving the physically grounded compositional relationship between these components.",1
The image enhancement of hazy images highlights that preserving a perceptually good balance between style and content features is very challenging. The CFE module removes haze features so that the final output has less influence due to bad weather conditions.,0
"The hazy image enhancement experiments illuminate the formidable difficulty of maintaining a perceptually appropriate equilibrium between style and content fidelity in the enhanced output. The content feature enhancement module plays the critical role of purging haze-related artifacts from the intermediate representation, thereby attenuating the influence of adverse atmospheric conditions on the final enhanced output.",1
The figure highlights the corruption of image features due to the haze in the enhanced output images. The style features of the outputs get affected by haze even when the input style image does not contain haze particles.,0
"The ablation visualization strikingly reveals how haze-induced corruption permeates the style transfer output even under conditions where the reference style image is entirely haze-free. This phenomenon demonstrates that without dedicated content feature enhancement, the atmospheric artifacts present in the content image systematically contaminate the stylistic features of the final output through the style transfer mechanism.",1
"We show results on both hazy and noisy image enhancement. To validate the results, we use structure similarity and perceptual error, which is efficient in measuring the unrealistic deformation present in the images.",0
"Experimental validation is conducted across two representative corruption scenarios, encompassing both atmospheric haze and additive noise degradations. Quantitative evaluation employs the Structural Similarity Index as a measure of structural fidelity and the PieAPP perceptual error metric, the latter being particularly well-suited for detecting the subtle geometric deformations and perceptually implausible artifacts that accompany style transfer-based enhancement methods.",1
"As future work, we propose to explore image enhancement for other image degradation models such as under-water scenes and snowfall. The generalizability of DILIE allows good performance for both content feature enhancement and style feature enhancement.",0
"Prospective research directions identified by the authors include the extension of the DILIE framework to additional degradation paradigms beyond the haze and noise scenarios examined herein, with underwater scene enhancement and snowfall-induced degradation identified as particularly challenging and practically relevant targets. The generalizability of the framework architecture, which modularly accommodates corruption-specific content feature enhancement strategies, positions it favorably for such extensions.",1
STROTSS uses optimal transport for more general style transfer. WCT2 enhances photorealism using wavelet transforms.,0
"STROTSS employs the theoretically grounded framework of relaxed optimal transport to achieve a more general and geometrically faithful form of style transfer, while WCT2 achieves photorealistic enhancement through the exploitation of wavelet transform-based feature whitening and coloring operations that operate in a multi-scale frequency domain representation of the image.",1
Deep Internal Learning is different from training data-based methods that use prior examples to supervise the image enhancement task. The aim is to learn the internal patch distribution and utilize the deep image prior.,0
"Deep internal learning is fundamentally distinguished from conventional supervised enhancement methods by its independence from external prior examples. Rather than leveraging a large corpus of annotated training pairs, it instead exploits the powerful inductive biases arising from the network architecture itself, known as the deep image prior, and the rich internal patch distribution statistics discoverable within a single image.",1
"The encoder-decoder without skip connections serves as a denoising prior. Image reconstruction models use the encoder-decoder architecture for denoising, super-resolution, and inpainting tasks.",0
"An encoder-decoder network specifically configured without skip connections has been empirically demonstrated to function as an effective implicit prior for image denoising, constraining the network output toward smooth image-like solutions. More broadly, encoder-decoder architectures provide application-specific implicit priors that have proven effective across a spectrum of restoration tasks including super-resolution and image inpainting.",1
We show that the proposed framework outperforms the relevant state-of-the-art works for image enhancement. The proposed framework enhances content features and style features and uses contextual content loss for preserving image context.,0
"Comprehensive experimental evaluation demonstrates the superiority of the proposed framework over the relevant competing state-of-the-art methods across both qualitative and quantitative assessment criteria. The framework's advantage is attributable to its principled integration of content feature enhancement, style feature synthesis, and the novel contextual content loss that preserves semantic coherence throughout the enhancement process.",1
Gatys et al. proposed Neural style for style feature enhancement. Luan et al. improved Neural style for photorealism. Neural style deforms the geometry of the objects and does not preserve fine image feature details.,0
"The seminal Neural Style work by Gatys et al. pioneered the use of convolutional feature statistics for artistic style transfer, subsequently refined by Luan et al. specifically for the photorealism use case. However, both approaches exhibit characteristic limitations including geometric deformation of object boundaries and insufficient preservation of fine-grained structural details, deficiencies that are visually apparent in the comparative experimental results.",1
"Many large scale problems in computational fluid dynamics such as uncertainty quantification, Bayesian inversion, data assimilation and PDE constrained optimization are considered very challenging computationally as they require a large number of expensive forward numerical solutions of the corresponding PDEs.",0
"A multitude of computationally intensive large-scale problems arising in computational fluid dynamics—including uncertainty quantification, Bayesian inversion, data assimilation, and PDE-constrained optimization—present formidable computational challenges principally due to their dependence on a prohibitively large number of costly forward numerical solves of the governing partial differential equations.",1
"We propose a machine learning algorithm, based on deep artificial neural networks, that predicts the underlying input parameters to observable map from a few training samples. By a judicious combination of theoretical arguments and empirical observations, we find suitable network architectures and training hyperparameters that result in robust and efficient neural network approximations of the parameters to observable map.",0
"The proposed methodology employs deep artificial neural networks as a surrogate modeling framework to learn and predict the mapping from input parameters to quantities of interest, utilizing only a modest number of training realizations generated by high-fidelity solvers. Through a carefully calibrated synthesis of theoretical considerations and systematic empirical experimentation, appropriate network architectures and associated training hyperparameters are identified, yielding approximations of the parameter-to-observable map that are simultaneously robust and computationally efficient.",1
"Prototypical examples for the convection-diffusion equation include the compressible Euler equations of gas dynamics, shallow water equations of oceanography and the magnetohydrodynamics equations of plasma physics. These PDEs are hyperbolic systems of conservation laws with the flux Jacobian having real eigenvalues for all normal vectors.",0
"Among the paradigmatic instantiations of the general convection-diffusion PDE framework are the compressible Euler equations governing gas dynamic phenomena, the shallow water equations central to oceanographic modeling, and the magnetohydrodynamics equations describing plasma physics. These systems fall within the category of hyperbolic conservation laws, characterized mathematically by the requirement that the Jacobian matrix of the flux function with respect to the conserved variables possesses exclusively real eigenvalues for all unit normal vector directions.",1
"It is well known that solutions to convection-diffusion equations can be very complicated. These solutions might include singularities such as shock waves and contact discontinuities in the case of hyperbolic systems of conservation laws. For small values of viscosity, these solutions can be generically unstable, even turbulent, and contain structures with a large range of spatio-temporal scales.",0
"The solution behavior of convection-diffusion equations is widely recognized as exhibiting considerable complexity and mathematical intricacy. Hyperbolic conservation law systems in particular admit singular solution features including shock waves—across which solution quantities undergo discontinuous jumps—and contact discontinuities. In the regime of small kinematic viscosity, solutions may exhibit generic instability and transition to turbulence, characterized by the simultaneous presence of coherent structures spanning an extensive range of spatial and temporal scales.",1
"A single forward solve of the underlying compressible Euler equations on this airfoil geometry on a mesh of high resolution, with a state of the art high-resolution finite volume solver, takes approximately 7 wall-clock hours on a HPC cluster. However, a typical UQ problem such as Bayesian inversion with a state of the art MCMC algorithm might need up to 10^5 to 10^6 such realizations, rendering even a two-dimensional Bayesian inversion infeasible.",0
"The computational burden of a single high-fidelity forward simulation of the compressible Euler equations over the airfoil geometry, executed on a high-resolution mesh using a state-of-the-art finite volume solver, amounts to approximately seven wall-clock hours on a high-performance computing cluster. This cost becomes catastrophically prohibitive in the context of uncertainty quantification tasks such as Bayesian inversion, wherein established Markov chain Monte Carlo algorithms such as the Random Walk Metropolis-Hastings method may require between one hundred thousand and one million such forward evaluations—rendering even the two-dimensional inversion problem computationally intractable.",1
"Machine learning, in the form of artificial neural networks, has become extremely popular in computer science in recent years. This term is applied to methods that aim to approximate functions with layers of units (neurons), connected by affine linear operations between units and nonlinear activations within units. Deep learning, i.e an artificial neural network with a large number of intermediate hidden layers has proven extremely successful at diverse tasks.",0
"Artificial neural networks, constituting the primary computational substrate of machine learning, have achieved widespread prominence throughout computer science in the contemporary era. These architectures achieve function approximation through hierarchical compositions of affine linear transformations between successive layers of computational units—neurons—interspersed with pointwise nonlinear activation functions. The deep learning paradigm, distinguished by networks possessing numerous intermediate hidden layers, has demonstrated extraordinary empirical success across a remarkably diverse array of application domains.",1
"Approximation results for deep neural networks stipulate a network size of O(ε^(−d/s)) for attaining an error of O(ε), with s denoting the Sobolev regularity of the underlying map. However, the parameters to observable map for most CFD problems is at most Lipschitz continuous. Thus, we might require unrealistically large networks for approximating the underlying maps in this context.",0
"Existing approximation theory for deep neural networks establishes that achieving an approximation error of order ε requires a network whose total number of parameters scales as O(ε^(−d/s)), where s quantifies the Sobolev smoothness regularity of the target function. For the parameter-to-observable maps arising in typical computational fluid dynamics applications, the attainable regularity is at most Lipschitz continuity, corresponding to s equals one. Consequently, the theoretical network sizes prescribed by these approximation bounds are unrealistically large and computationally untenable in practice.",1
"The best available bounds for generalization error scale inversely with the square-root of the number of training samples. However, in this context, our training samples are generated from expensive CFD simulations. Hence, we might end up with large prediction errors in this data poor regime.",0
"Statistical learning theory provides generalization error bounds that decay proportionally to the inverse square root of the training sample count—a fundamentally unfavorable scaling relationship in the present context. Since each training datum necessitates an expensive high-fidelity CFD simulation, the number of available training samples is severely constrained, placing the problem squarely within the data-scarce regime where such bounds predict potentially unacceptably large generalization errors.",1
"We propose an ensemble training procedure to search the hyperparameter space systematically and identify network architectures that are efficient in our context. By a combination of theoretical considerations and rigorous empirical experimentation, we provide a recipe for finding appropriate deep neural networks to compute the parameters to observable map i.e, those network architectures which ensure a low generalization error, even for relatively few training samples.",0
"A systematic ensemble-based procedure for traversing the hyperparameter space is proposed to identify network architectures demonstrating favorable performance characteristics in the data-scarce CFD surrogate modeling context. The proposed methodology, grounded in a principled synthesis of theoretical analysis and rigorous empirical investigation, constitutes a practical prescriptive recipe for selecting deep neural network configurations that achieve low generalization error even when the available training dataset comprises only a limited number of expensive simulator evaluations.",1
"As is customary in supervised learning, we need to generate or obtain data to train the network. We select a set of parameters, with each drawn from the parameter space. The points can be chosen randomly from the parameter space, or from a suitable set of quadrature points, for instance the so-called low discrepancy sequences that arise in Quasi-Monte Carlo quadrature algorithms.",0
"Following established supervised learning methodology, the construction of a training dataset constitutes the initial procedural step. Parameter vectors are sampled from the input parameter space Y according to one of two strategies: independent random sampling governed by the underlying probability measure, or deterministic selection from low-discrepancy point sequences of the type employed in Quasi-Monte Carlo quadrature methods. Representative examples of such low-discrepancy sequences include the Sobol and Halton point sets, which are known to achieve superior equidistribution properties relative to random sampling.",1
"We emphasize that the generation of QMC points is very cheap, particularly for Sobol or Halton sequences. Moreover, these points are better spread out over the parameter space than a random selection of points and might provide more detailed information about it. Hence, a priori QMC points might be a better choice for sampling the data.",0
"The computational overhead associated with generating quasi-Monte Carlo point sets—particularly Sobol and Halton sequences—is negligibly small, constituting a wholly inconsequential fraction of the total simulation cost. Furthermore, the superior space-filling properties of these deterministically constructed sequences, which distribute points more uniformly across the parameter domain than independent random sampling, may endow the resulting training data with richer and more representative informational content regarding the parameter-to-observable map. These considerations motivate an a priori preference for quasi-Monte Carlo sampling over purely stochastic approaches when constructing training datasets.",1
"Given an input vector, a feedforward neural network consists of layers of units which compose of either affine-linear maps between units or scalar non-linear activation functions within units. A very popular choice is the ReLU function, defined as the maximum of the input and zero. When the input is a vector, the ReLU is evaluated component-wise.",0
"A feedforward neural network, presented with an input vector, processes information through a structured sequence of computational layers, each implementing either affine linear transformations between successive layers of neurons or element-wise application of scalar nonlinear activation functions within layers. The rectified linear unit, universally abbreviated as ReLU and defined as the function returning the element-wise maximum of the input and zero, represents the most widely adopted activation function in contemporary deep learning practice. For vector-valued inputs, ReLU activation is applied independently to each component.",1
"The goal of the training process in machine learning is to find the weight vector, for which the loss function is minimized. The resulting optimization problem might lead to searching a minimum of a non-convex loss function. So, it is not uncommon in machine learning to regularize the minimization problem.",0
"Identification of the weight parameter vector that minimizes the training loss function constitutes the fundamental objective of the neural network training process. The resulting optimization problem, defined over a high-dimensional weight space, is generically non-convex and possesses multiple local minima of varying quality. To mitigate overfitting and improve generalization to unseen data, regularization of the loss function—through the addition of penalty terms on the weight magnitudes—is a standard and widely practiced technique in the machine learning community.",1
"Universal approximation theorems prove that neural networks can approximate any continuous, in fact any measurable, function. However, these universality results are not constructive. More recent papers provide the following constructive approximation result: for any function in a Sobolev space, there exists a neural network with ReLU activation of a certain size such that the approximation error is bounded.",0
"The universal approximation property of neural networks—their theoretical capacity to approximate any continuous or even measurable function to arbitrary precision—is formally guaranteed by well-established theoretical results. However, these classical universality theorems are existential rather than constructive, providing no guidance on the concrete architecture required. More recent constructive approximation theory has remedied this deficiency by establishing explicit quantitative bounds: for any function residing in a Sobolev space of specified regularity, a ReLU-activated neural network of determinable depth and parameter count exists whose approximation error in the L^p norm is bounded by a prescribed tolerance.",1
"The DLQMC algorithm is guaranteed to out-perform the baseline QMC algorithm as long as the underlying neural network generalizes well. This is indeed borne out in the numerical experiments, where we observed about an order of magnitude speedup of the DLQMC algorithm over the corresponding QMC algorithm and two orders of magnitude speedup over a Monte Carlo algorithm.",0
"Under the proviso that the trained neural network surrogate achieves adequate generalization performance, the deep learning Quasi-Monte Carlo algorithm is theoretically guaranteed to outperform the conventional QMC baseline in terms of computational efficiency. This theoretical guarantee is substantiated by the numerical experimental results, which document approximately one order of magnitude acceleration of the DLQMC algorithm over the standard QMC method, and a cumulative two orders of magnitude improvement over naive Monte Carlo sampling—a consequence of the compounding advantage of the neural network surrogate combined with the inherent superiority of QMC over MC for smooth integrands.",1
"In order to accelerate the baseline QMC method, we describe an algorithm that combines the QMC method with a deep neural network approximation of the underlying parameters to observable map. The DLQMC algorithm selects a set of low-discrepancy points, evaluates a small subset using CFD simulation as training data, trains a neural network surrogate, and then uses the surrogate to evaluate all remaining points cheaply.",0
"An algorithm combining quasi-Monte Carlo sampling with deep neural network function approximation is introduced to achieve substantial acceleration beyond what the baseline QMC method can deliver. The procedural architecture of this Deep Learning Quasi-Monte Carlo (DLQMC) algorithm is as follows: a large collection of low-discrepancy sequence points is first selected as the full quadrature set; a small subset thereof is evaluated using the computationally expensive high-fidelity CFD solver to constitute the neural network training data; the surrogate network is trained on this dataset; and the trained network subsequently provides cheap evaluations at all remaining quadrature points, enabling accurate probability distribution estimation at a fraction of the cost of direct simulation.",1
"For notational simplicity, we denote the approximate local minimum weight vector and the underlying deep neural network will be our neural network surrogate for the parameters to observable map. The algorithm for computing this neural network consists of three steps: choosing the training set and performing CFD simulations, initializing the gradient descent with an initial weight vector, and running stochastic gradient descent until an approximate local minimum is reached.",0
"The weight vector corresponding to an approximate local minimizer of the regularized loss function is denoted for notational economy as θ*, and the associated neural network constitutes the operational surrogate for the parameter-to-observable map. The complete training algorithm unfolds across three principal computational stages: construction of the training dataset through selection of parameter samples and execution of corresponding high-resolution CFD forward solves; initialization of the stochastic gradient descent procedure with a randomly drawn starting weight vector; and iterative execution of gradient descent updates until approximate convergence to a local minimum of the loss landscape is achieved.",1
"Numerical experiments demonstrating one to two orders of magnitude speed up over baseline QMC and MC algorithms, for the intricate problem of computing probability distributions of the observable, are also presented. Moreover, we combine the proposed deep learning algorithm with Monte Carlo and Quasi-Monte Carlo methods to efficiently compute uncertainty propagation for nonlinear PDEs.",0
Computational experiments substantiate speedups ranging between one and two orders of magnitude relative to the baseline quasi-Monte Carlo and standard Monte Carlo algorithms for the particularly demanding task of estimating full probability distributions of the observable quantity—a result considerably more demanding than mere mean and variance estimation. The deep learning algorithm is furthermore integrated with both stochastic Monte Carlo and deterministic quasi-Monte Carlo sampling frameworks to constitute a comprehensive methodology for efficient forward uncertainty propagation in systems governed by nonlinear partial differential equations.,1
"The prediction errors for the best performing networks are very small, i.e. less than 1% relative error for the lift and less than 2% relative error for the drag, even for the relatively small number (128) of training samples. These low prediction errors are particularly impressive when viewed in term of the theory presented in the paper.",0
"The best-performing networks identified through ensemble training achieve remarkably low relative prediction errors: below one percent for the lift coefficient and below two percent for the aerodynamic drag, accomplished using a training dataset of only 128 CFD-computed samples. The impressiveness of these empirical accuracy levels is considerably amplified when considered against the backdrop of the theoretical predictions established earlier in the paper, which—based on standard approximation and generalization bounds—would forecast relative errors on the order of three hundred percent for networks of comparable size and training set cardinality.",1
"The prediction errors with respect to the best performing networks are considerably higher than the corresponding errors obtained for the QMC training points when random points are used instead of Sobol points. Hence, at least for this problem, Sobol points are a much better choice for the training set than random points. An intuitive reason is that the Sobol points are better distributed in the parameter domain than random points.",0
"When the training dataset is constructed from randomly sampled parameter points rather than deterministic Sobol sequence points, the prediction errors of the best-performing ensemble networks increase substantially—by approximately one order of magnitude relative to the Sobol-trained counterparts. This finding establishes an empirical preference for quasi-Monte Carlo training point selection over random sampling for the airfoil problem. The mechanistic explanation is intuitively accessible: Sobol points, by virtue of their superior space-filling equidistribution in the parameter domain, expose the neural network during training to a more representatively comprehensive coverage of the input space, thereby facilitating better generalization to unseen parameter configurations.",1
"Each sample is generated on the EULER high-performance cluster of ETH Zurich. The training time is a very small fraction of the time to generate a single sample, whereas the computational cost of evaluating the neural networks is almost negligible as it is nine orders of magnitude less than evaluating a single training sample.",0
"All high-fidelity simulation samples were computed on the EULER high-performance computing infrastructure at ETH Zurich. Once the training samples have been generated, the computational overhead of neural network training is rendered negligible in comparison—representing only a small fraction of the time required to produce a single training sample. Even more strikingly, the cost of evaluating the trained network at a new parameter point is approximately nine orders of magnitude smaller than the cost of a single CFD forward solve, a disparity that underscores the transformative computational leverage afforded by the surrogate modeling approach.",1
"The stochastic shock tube problem appears simpler as it is only one-dimensional when compared to the two-dimensional airfoil. However, the difficulty stems from the large variance of the initial data. The ratio of the standard deviation to the mean for the underlying variables is very high and can be as high as 100 percent.",0
"Despite its one-dimensional spatial dimensionality—a superficial simplification relative to the two-dimensional airfoil configuration—the stochastic shock tube problem presents substantial difficulty rooted in the high statistical variability of the prescribed initial conditions. The ratio of the standard deviation to the mean for the conserved variable initial data reaches values as large as one hundred percent, representing a level of stochastic uncertainty approximately one order of magnitude larger than that characterizing the airfoil problem, and rendering accurate surrogate modeling considerably more challenging.",1
"Our approach can be compared to a standard model order reduction algorithm. Here, generating the training data and training the networks is the offline step whereas evaluating the network constitutes the online step. Our results compare favorably with attempts to use Model order reduction for hyperbolic problems, particularly when it comes to the low costs of training and evaluation.",0
"The proposed methodology exhibits structural analogy to classical model order reduction frameworks, wherein the computationally intensive offline phase encompasses both training data generation through high-fidelity solver evaluations and the subsequent network training procedure, while the inexpensive online phase consists exclusively of neural network forward passes at queried parameter configurations. Comparative assessment against existing model order reduction approaches applied to hyperbolic problems demonstrates favorable performance characteristics, most notably in the remarkably low computational expenditure associated with both the network training procedure and the subsequent online evaluation phase.",1
"As a concrete application of the deep learning algorithm, we combined it with a Quasi-Monte Carlo method to propose a deep learning QMC algorithm for performing forward UQ, by approximating the underlying probability distribution of the observable. In theorem 3.3, we prove that the DLQMC algorithm is guaranteed to out-perform the baseline QMC algorithm as long as the underlying neural network generalizes well.",0
"The practical utility of the proposed deep learning surrogate framework is concretely demonstrated through its integration with quasi-Monte Carlo sampling to construct the Deep Learning Quasi-Monte Carlo (DLQMC) algorithm for forward uncertainty quantification. This algorithm approximates the complete push-forward probability measure induced on the observable by the input parameter distribution. A formal theoretical result—established as Theorem 3.3—provides a rigorous guarantee that the DLQMC algorithm achieves strictly superior computational efficiency compared to the standard QMC baseline, subject to the condition that the underlying neural network surrogate achieves adequate generalization performance on unseen parameter configurations.",1
"We consider flow past an RAE 2822 airfoil, whose shape is shown in the paper. The flow past this airfoil is a benchmark problem for UQ in aerodynamics. The upper and lower surface of the airfoil are parametrized and we consider parametrized free-stream initial conditions including temperature, Mach number, angle of attack, and pressure.",0
"The RAE 2822 airfoil, a canonical benchmark configuration for uncertainty quantification in aerodynamic applications, serves as the primary test case for evaluating the proposed methodology. The geometric and flow configuration is described by a six-dimensional parameter vector encoding perturbations to the free-stream flow conditions—specifically the temperature, Mach number, angle of attack, and pressure—as well as shape perturbations to the upper and lower airfoil surface profiles. This parametric setup captures the principal sources of geometric and flow condition uncertainty encountered in practical aerodynamic design under uncertainty.",1
"In this paper, we adopt a different approach and propose to use deep neural networks to learn and predict the input parameters to observable map. Our algorithm will be based on fully connected networks which output values of the observable for different input parameters. The network will be trained on data, generated from a few, say O(100), samples from expensive CFD solvers.",0
"In contrast to approaches that embed machine learning modules within existing CFD solvers to enhance their internal efficiency, the methodology advocated in this work employs deep neural networks as standalone surrogate models for the complete parameter-to-observable mapping. The computational architecture is based on fully connected multilayer perceptrons that directly output observable values—such as lift and drag coefficients—for arbitrary input parameter vectors. The network is trained exclusively on data generated by a small number of expensive high-fidelity CFD simulations, typically on the order of one hundred samples.",1
"Several papers applying deep learning techniques in the context of CFD advocate embedding deep learning modules within existing CFD codes to increase their efficiency. In this paper, we adopt a different approach and propose to use deep neural networks to learn and predict the input parameters to observable map rather than approximating the full solution field.",0
"While a significant body of prior work has pursued the strategy of incorporating neural network components directly within existing CFD solver pipelines to enhance their computational efficiency, the present work adopts a fundamentally distinct architectural philosophy. Rather than learning internal solver components or approximating the full spatio-temporal solution field, the proposed approach learns the complete input-to-observable mapping as a standalone function approximator. This observable-level learning strategy offers the practical advantage that the observable quantity is typically far more regular and lower-dimensional than the complete solution field, facilitating more tractable surrogate modeling.",1
"Once the training parameter set is chosen, we perform a set of high-resolution CFD simulations to obtain the observable values for all training parameters. As each high-resolution CFD simulation could be very expensive, we will require that the number of training samples will not be very large. It will typically be of at most O(100).",0
"Following the selection of training parameter vectors—whether drawn randomly or from a quasi-Monte Carlo low-discrepancy sequence—high-resolution CFD simulations are executed at each training parameter to compute the corresponding observable values, completing the supervised training dataset. Given that each individual CFD forward solve may entail substantial computational expense—potentially thousands of processor-hours—the number of training samples must remain modest, and is characteristically bounded to the order of one hundred realizations to maintain overall computational feasibility.",1
"The ensemble runs over hyperparameters are parallelized as standalone processes, where each process trains the network for one choice of hyperparameters. A lot of care is taken to ensure reproducibility of the numerical results. All plots are labelled with the git commit SHA code that produced the plot.",0
"Parallelization of the ensemble training procedure is achieved by assigning each distinct hyperparameter configuration to an independent computational process, enabling concurrent training of all network variants. Rigorous attention to numerical reproducibility is a hallmark of the experimental methodology, with all generated figures annotated with the specific git commit SHA identifier of the codebase version responsible for producing each result, thereby providing a verifiable and unambiguous link between numerical outputs and the precise code state that generated them.",1
"Evidential deep learning (EDL) models, based on Subjective Logic, introduce a principled and computationally efficient way to make deterministic neural networks uncertainty-aware.",0
"Grounded in the formalism of Subjective Logic, evidential deep learning models offer a theoretically principled and computationally parsimonious mechanism through which deterministic neural network architectures can be endowed with uncertainty-awareness.",1
The resulting evidential models can quantify fine-grained uncertainty using learned evidence.,0
"Through the leveraging of evidence acquired during training, the resulting evidential models possess the capacity to perform granular, multi-dimensional quantification of predictive uncertainty.",1
"However, the Subjective Logic framework constrains evidence to be non-negative, requiring specific activation functions whose geometric properties can induce activation-dependent learning-freeze behavior.",0
Non-negativity constraints imposed upon evidence by the Subjective Logic framework necessitate particular activation functions whose geometric characteristics introduce the risk of activation-dependent learning-freeze behavior—a pathological regime of training dynamics.,1
A regime where gradients become extremely small for samples mapped into low-evidence regions.,0
"Within such a regime, the gradient signals associated with training samples that have been mapped into low-evidence regions of the representational space diminish to near-vanishing magnitudes.",1
We theoretically characterize this behavior and analyze how different evidential activations influence learning dynamics.,0
"A rigorous theoretical characterization of this pathological behavior is developed, accompanied by a systematic analysis of how the choice among distinct evidential activation functions differentially modulates the resulting learning dynamics.",1
"Building on this analysis, we design a general family of activation functions and corresponding evidential regularizers that provide an alternative pathway for consistent evidence updates across activation regimes.",0
"The analytical insights motivate the design of a generalized family of activation functions alongside their corresponding evidential regularization terms, which together furnish an alternative pathway for sustaining consistent evidence accumulation irrespective of the operative activation regime.",1
"Despite the attractive uncertainty quantification capacity, evidential models often achieve competitive predictive performance only on relatively simple learning problems.",0
"Notwithstanding their appealing uncertainty quantification properties, evidential models tend to attain competitive predictive performance exclusively on relatively uncomplicated learning scenarios, with performance deteriorating markedly as problem complexity escalates.",1
"Their performance can degrade on more complex, large-scale datasets even in standard classification settings.",0
"Even within conventional classification settings, performance degradation becomes pronounced when evidential models are confronted with large-scale, high-complexity datasets.",1
"An evidential model using ReLU activation and an evidential MSE loss achieves around 36% test accuracy on CIFAR-100, nearly 40% lower than a standard softmax model.",0
"When benchmarked on CIFAR-100, an evidential model employing ReLU activation in conjunction with the mean squared error evidential loss attains approximately 36% test accuracy—a deficit of nearly 40 percentage points relative to a conventional softmax-based classifier.",1
"To better understand this phenomenon, we perform a theoretical analysis of evidential learning in the standard classification setting.",0
A formal theoretical analysis of evidential learning within the standard classification paradigm is undertaken with the express purpose of elucidating the mechanistic underpinnings of this performance gap.,1
"Our results identify an activation-induced learning-freeze behavior, where the interaction between non-negative evidence parameterization and specific activation functions can map samples into zero-evidence regions.",0
Samples being mapped into zero-evidence regions—a consequence of the interplay between non-negative evidence parameterization and particular activation functions—constitutes the activation-induced learning-freeze behavior identified as the central finding of our theoretical analysis.,1
EDL couples non-negative evidence parameterization with a KL-based prior that intentionally promotes high epistemic uncertainty at class boundaries and in regions far from the training distribution.,0
High epistemic uncertainty at class boundaries and in distribution-distal regions is deliberately promoted through the coupling of non-negative evidence parameterization with a KL divergence-based prior—a purposeful design feature of the EDL framework.,1
Activation functions and regularizers determine how evidence accumulates under this framework.,0
The trajectory of evidence accumulation within the EDL framework is governed by the combined influence of the chosen activation function and the employed regularization scheme.,1
"Our analysis shows that commonly used non-negative activations can inadvertently create zero-evidence regions where gradients become extremely small, making evidence updates for nearby samples ineffective.",0
"Conventional non-negative activation functions, despite their widespread adoption, can unintentionally engender zero-evidence regions characterized by vanishingly small gradients, thereby rendering evidence updates for samples in their vicinity effectively inoperative.",1
EDL models acquire limited new evidence from samples mapped into these low-evidence regions because the corresponding evidence gradients approach zero.,0
Evidence gradients approaching zero in the vicinity of low-evidence regions are responsible for the severely curtailed new knowledge that EDL models are able to extract from samples mapped into those regions.,1
"We identify an activation-induced learning-freeze behavior in evidential models, wherein data samples mapped to zero-evidence regions receive vanishing evidence gradients.",0
Vanishing evidence gradients afflict data samples that have been mapped to zero-evidence regions—this constitutes the activation-induced learning-freeze behavior identified as a fundamental limitation of the evidential learning framework.,1
We theoretically show that evidential models with exp activation produce stronger gradients near low-evidence regions compared to other activations.,0
"Relative to alternative activation choices, evidential models employing the exponential activation function are shown through theoretical derivation to generate substantially more robust gradient signals in the neighborhood of low-evidence regions.",1
"We introduce a generalized evidence regularization strategy that encourages evidence updates across activation regimes, enabling more consistent learning from all samples.",0
"Consistent learning from the complete training corpus, including samples situated in otherwise problematic low-evidence regions, is enabled by a generalized evidence regularization strategy introduced herein that sustains meaningful gradient flow across all activation regimes.",1
Standard classification models use a softmax transformation on the output from the neural network for input x to obtain the class probabilities in a K-class classification problem.,0
"In the conventional K-class classification setting, class probability distributions are obtained by applying a softmax transformation to the raw neural network output logits corresponding to each input sample.",1
These models have achieved state-of-the-art performance on many benchmark problems.,0
"Across a broad array of canonical benchmark problems, softmax-based standard classification models have established themselves as state-of-the-art performers.",1
"The gradient measures the error signal, and for standard classification models, it is bounded in the range of negative one to one.",0
"Serving as the quantitative error signal that drives parameter updates, the gradient in standard classification models is bounded within the interval between negative one and positive one.",1
The gradient signal in standard classification models trained with standard cross-entropy loss is reasonable and enables learning from all the training samples.,0
"Learning from the entirety of training data is facilitated by the well-behaved, bounded gradient signals produced by standard classification models operating under cross-entropy loss supervision.",1
"Nevertheless, these models lack a systematic mechanism to quantify different sources of uncertainty, a highly desired property in many real-world problems.",0
"A systematic, principled mechanism for decomposing and quantifying heterogeneous sources of predictive uncertainty—a capability of substantial practical importance across numerous real-world applications—is conspicuously absent from standard classification models.",1
Evidential deep learning models for classification formulate model training as an evidence acquisition process and consider a higher-order Dirichlet prior over the predictive Multinomial distribution.,0
"Training is recast as an evidence acquisition process in evidential deep learning models for classification, which introduce a higher-order Dirichlet prior distribution over the predictive Multinomial likelihood.",1
Such higher-order prior enables the model to systematically quantify different sources of uncertainty.,0
The placement of this higher-order conjugate prior within the generative model equips evidential classifiers with the apparatus necessary for systematic quantification of distinct uncertainty sources.,1
"In evidential models, the Softmax in the standard neural networks for classification is replaced by a non-negative activation function.",0
A distinguishing architectural modification of evidential models relative to their standard counterparts is the substitution of the conventional softmax layer with a non-negative activation function capable of producing evidence vectors.,1
Evidential models assign input sample to that class for which the output evidence is greatest.,0
"Class assignment in evidential models follows directly from the principle of maximum evidence, with the predicted class corresponding to that for which the model outputs the highest evidence value.",1
"Moreover, they quantify the confidence in the prediction through vacuity, a measure of lack of confidence in the prediction.",0
"Beyond point predictions, evidential models additionally furnish a quantitative measure of predictive confidence through vacuity—a metric that captures the degree of epistemic uncertainty or lack of evidential support for the prediction.",1
"For a zero evidence sample, the logits satisfy the relationship that they are all less than or equal to zero, implying the gradient of the activation is zero.",0
"When the model outputs zero evidence for all classes—manifesting as logits that are uniformly non-positive—the derivative of the activation function with respect to each logit evaluates to zero, thereby extinguishing the gradient.",1
"So, for all three instances of the evidential activation, the evidence gradient approaches zero as evidence approaches zero.",0
"Across all three canonical evidential activation functions examined, a consistent pattern emerges: the gradient of the evidence with respect to the pre-activation logit approaches zero as the evidence value itself approaches zero.",1
This shows that the evidential models fail to learn from a zero evidence data sample.,0
The implication of this mathematical result is stark: evidential models are fundamentally incapable of extracting any learning signal from data samples to which they assign zero evidence.,1
"When an evidential model outputs zero evidence for all classes, the gradients of standard evidential losses vanish, and the supervised information in such samples cannot contribute to parameter updates.",0
Vanishing loss gradients in the face of zero-evidence predictions render the supervised label information embedded in such samples entirely inert with respect to model parameter updates under standard evidential loss formulations.,1
"Similarly, samples mapped near the zero evidence region receive significantly diminished gradients: their learning signal becomes much weaker than that of samples with higher evidence.",0
"Samples in the vicinity of the zero-evidence region, while not experiencing complete gradient extinction, suffer substantially attenuated learning signals relative to those samples for which the model has accumulated substantial evidence.",1
Corollary 1. Incorrect evidence regularization does not provide a learning signal for zero evidence samples and therefore cannot induce parameter updates for such samples.,0
"As a corollary to the main theorem, it follows that the incorrect evidence regularization term—designed to suppress evidence for non-ground-truth classes—is likewise incapable of producing a gradient signal for zero-evidence samples and thus cannot drive any parameter updates for such examples.",1
"Intuitively, the incorrect evidence regularization encourages the model to reduce evidence for non-ground-truth classes, but it does not increase the evidence of the ground-truth class.",0
"The incorrect evidence regularization term operates by incentivizing the model to suppress evidence associated with erroneous class hypotheses; crucially, it provides no impetus for increasing the evidence attributed to the correct class.",1
"Consequently, the regularization can move samples closer to the zero evidence region in the evidence space, but it cannot create a non-zero gradient for samples already mapped to this region.",0
"A paradoxical consequence is that the incorrect evidence regularization may in fact exacerbate the problem by displacing samples toward the zero-evidence region, while simultaneously being incapable of generating nonzero gradients for samples already resident within it.",1
The exponential activation function leads to a larger gradient update on the model parameters than SoftPlus and ReLU when logits are all non-positive.,0
"In the regime where all pre-activation logit values are non-positive, the exponential activation function provably induces larger gradient updates to model parameters than either the SoftPlus or the ReLU activation alternatives.",1
ReLU completely destroys all the information in the negative logits and has the largest region in evidence space in which training data have zero evidence.,0
"By mapping all negative logit values to zero evidence, the ReLU activation function irreversibly discards all gradient information associated with negative pre-activations and thereby engenders the most expansive zero-evidence region among the three standard evidential activations.",1
"SoftPlus activation improves over the ReLU, and compared to ReLU, has a smaller region in evidence space where training data have zero evidence.",0
"Relative to ReLU, the SoftPlus activation represents a meaningful improvement, delineating a smaller zero-evidence region by virtue of its smooth, monotonically positive output that asymptotically approaches zero rather than hard-thresholding at it.",1
"However, SoftPlus based evidential models fail to correct the acquired knowledge when the model has strong wrong evidence.",0
"A persistent deficiency of SoftPlus-based evidential models is their inability to effectively correct erroneously accumulated evidence in the high-incorrect-evidence regime, where the gradient of SoftPlus also approaches zero.",1
"Finally, exponential activation has the smallest zero evidence region in the evidence space without suffering from the issues of SoftPlus based evidential models.",0
The exponential activation function occupies a favorable position in this comparison by maintaining the most compact zero-evidence region while simultaneously avoiding the high-evidence gradient vanishing pathology that afflicts SoftPlus-based variants.,1
"We introduce a generalized correct evidence regularization for evidential classification models that provides a meaningful gradient for samples in low- or zero-evidence regions, while leaving standard evidential losses unchanged for high-evidence samples.",0
"A generalized correct evidence regularization mechanism is introduced that furnishes meaningful, non-vanishing gradient signals specifically for samples inhabiting low- or zero-evidence regions, while preserving the unmodified behavior of the standard evidential loss for well-evidenced samples.",1
The vacuity behavior is characterized as one when total evidence is zero and approaches one as total evidence approaches zero.,0
Vacuity achieves its maximum value of unity precisely at the zero-evidence boundary and maintains values approaching unity as the aggregate evidence across all classes approaches zero—providing a natural and theoretically motivated weighting for the regularization.,1
This choice ensures that the regularization magnitude approaches one as the total evidence approaches zero.,0
The vacuity-based weighting guarantees that the regularization term exerts its maximum influence precisely in the zero-evidence regime—the region where standard evidential losses are most deficient—with its influence gracefully diminishing as evidence accumulates.,1
"The term is active primarily in low-evidence regions and diminishes as the sample moves away from the zero-evidence region, with the greatest magnitude achieved in the zero evidence region.",0
"Exhibiting its greatest magnitude squarely within the zero-evidence region and attenuating progressively as a sample migrates toward higher-evidence territories, the regularization term is architected to be maximally active in precisely those regions where standard gradient signals are most impoverished.",1
Correct evidence regularization provides a non-vanishing gradient signal for training samples mapped to zero-evidence regions.,0
The theoretical guarantee that correct evidence regularization produces a non-vanishing gradient signal even for training samples that have been mapped to the zero-evidence region is established formally as Theorem 3.,1
The vacuity lies in the range zero to one and achieves its maximum of one when the evidence is zero.,0
"Ranging between zero and unity, vacuity attains its maximal value of one when the evidential model outputs no evidence for any class—corresponding precisely to the condition of maximum epistemic uncertainty.",1
GRED ensures non-zero gradients for zero-evidence samples and restores gradient flow in regions where standard evidential losses alone produce vanishing updates.,0
"The restoration of gradient flow in evidential dead-zones—those regions where conventional evidential losses generate vanishing updates—is a defining achievement of GRED, which guarantees non-zero gradients for the entire training population including zero-evidence samples.",1
The activation behaves similarly to the Exponential activation function for negative logits and has the largest gradient compared to SoftPlus and ReLU for samples close to the zero evidence region.,0
"For inputs in the negative logit domain, the SELU activation exhibits behavior analogous to the exponential function and surpasses both SoftPlus and ReLU in terms of gradient magnitude for samples proximate to the zero-evidence boundary.",1
"For positive logits, the activation behaves linearly, and the evidence value does not explode as the logit value increases.",0
"In the positive logit domain, the piecewise linear behavior of SELU prevents the unbounded exponential growth in evidence values that would otherwise occur, thereby alleviating the optimization instability associated with pure exponential activations.",1
"Across all datasets and architectures, introducing the correct evidence regularization consistently improves generalization, validating its effectiveness.",0
The consistent generalization improvements observed across all evaluated datasets and architectural configurations upon introduction of the correct evidence regularization constitute compelling empirical validation of the proposed approach.,1
"GRED remains stable even under strong incorrect evidence regularization, whereas baseline evidential models degrade because they cannot update on zero-evidence samples.",0
"Stability under aggressive incorrect evidence regularization regimes distinguishes GRED from baseline evidential models, which degrade under such conditions precisely because their inability to update on zero-evidence samples renders them susceptible to the pathological dynamics induced by strong KL-based regularization.",1
"Few-shot learning operates in a regime of extremely limited supervision, making uncertainty awareness particularly important for trustworthiness and robustness.",0
The regime of extremely limited labelled supervision that characterizes few-shot learning renders uncertainty-awareness not merely advantageous but essential for the development of trustworthy and robust predictive models.,1
Standard evidential models perform poorly in these extreme low-data settings.,0
"Extreme data scarcity exposes the inherent vulnerabilities of standard evidential models, which demonstrate markedly degraded performance in these challenging few-shot regimes.",1
"The proposed GRED variants consistently outperform their non-regularized counterparts across all activation functions, demonstrating improved generalization from limited supervision.",0
"Generalization from severely limited supervisory signal is demonstrably improved by the proposed GRED variants, which exhibit consistent performance superiority over their non-regularized counterparts irrespective of the activation function employed.",1
"GRED consistently improves OOD separability, with the largest gains under moderate KL regularization.",0
"Out-of-distribution separability is systematically enhanced by GRED, with the most substantial performance gains materializing under moderate levels of KL divergence regularization.",1
"In this work, we presented a theoretical analysis revealing a fundamental limitation of evidential deep learning models: their gradients vanish in the zero-evidence region, preventing the model from learning from precisely the samples where supervision is most needed.",0
"A fundamental limitation of evidential deep learning—the vanishing of gradients in the zero-evidence region, which paradoxically prevents learning from the very samples where supervisory information is most critically needed—is revealed through the theoretical analysis presented in this work.",1
We showed that exponential activations provide stronger learning signals in this regime and introduced a correct-evidence regularization term that restores meaningful gradients for low- and zero-evidence samples.,0
"Exponential activations are demonstrated to furnish comparatively stronger learning signals in the problematic low-evidence regime; building on this insight, a correct-evidence regularization term is introduced to restore meaningful, non-vanishing gradients for the full spectrum of low- and zero-evidence samples.",1
"This yields GRED, a generalized regularized evidential model that learns from all training examples.",0
"The culminating contribution is GRED—a generalized regularized evidential model architected to extract learning signal from all training examples without exception, including those previously rendered inert by gradient vanishing.",1
"Extensive experiments across classification, few-shot learning, adversarial evaluation, OOD detection, and blind face restoration demonstrate consistent gains in generalization and uncertainty reliability.",0
"Consistent empirical gains in both generalization performance and uncertainty estimate reliability, substantiated across classification, few-shot learning, adversarial robustness evaluation, out-of-distribution detection, and blind face restoration benchmarks, attest to the broad practical utility of the proposed framework.",1
"Deep Learning models have found great success in many real-world applications such as speech recognition, machine translation, and computer vision.",0
"Speech recognition, machine translation, and computer vision represent a subset of the real-world domains in which deep learning models have achieved remarkable, widely recognized success.",1
"However, these highly expressive models can easily fit the noise in the training data, leading to overconfident predictions.",0
"The very expressiveness that enables deep learning models to capture complex patterns also renders them susceptible to fitting idiosyncratic noise in the training data, a phenomenon that manifests as overconfident and poorly calibrated predictions.",1
This challenge is compounded in specialized domains where labeled data is limited and costly to obtain.,0
"The difficulty of producing reliable, calibrated predictions is amplified in specialized application domains where ground-truth labeled data is scarce, expensive to acquire, or both.",1
Accurate uncertainty quantification is essential for the successful application of DL models in these domains.,0
"The practical deployment of deep learning models in high-stakes specialized domains is contingent upon the availability of accurate, principled mechanisms for quantifying and communicating predictive uncertainty.",1
"Commonly used extensions require expensive sampling operations, which significantly increase the computational costs.",0
Prevailing approaches to uncertainty-aware deep learning typically resort to repeated stochastic sampling procedures that impose substantial computational overhead at both training and inference time.,1
The recently developed evidential deep learning models bring together evidential theory and deep neural architectures that turn a deterministic neural network uncertainty-aware.,0
"Evidential deep learning represents a synthesis of classical evidential theory with modern deep neural architectures, achieving uncertainty-awareness in deterministic networks without requiring the sampling-based approximations central to competing approaches.",1
"By leveraging the learned evidence, evidential models are capable of quantifying fine-grained uncertainty that helps to identify the sources of unknowns.",0
Fine-grained uncertainty quantification capable of disambiguating distinct sources of epistemic ignorance becomes tractable through the exploitation of evidence vectors learned directly from training data within the evidential modeling framework.,1
"Such evidential models have been successfully extended to classification, regression, meta-learning, and open-set recognition settings.",0
"The evidential modeling paradigm has demonstrated sufficient versatility to be successfully adapted across a range of learning settings including classification, regression, meta-learning, and open-set recognition.",1
Deep ensemble techniques construct an ensemble of neural networks and the agreement and disagreement across the ensemble components is used to quantify different uncertainties.,0
Epistemic and aleatoric uncertainties are estimated in deep ensemble approaches by constructing a collection of independently trained neural networks and leveraging the consensus and divergence among their respective predictions.,1
"Ensemble-based methods significantly increase the number of model parameters, and are computationally expensive at both training and test times.",0
"The computational burden of ensemble-based uncertainty quantification is substantial, with costs accruing at both training time—due to the need to train multiple independent models—and inference time, where all ensemble members must be queried for each prediction.",1
Bayesian neural networks have been developed that consider a Bayesian formalism to quantify different uncertainties.,0
"Within the Bayesian deep learning paradigm, neural network weights are treated as random variables endowed with prior distributions, enabling uncertainty quantification through principled probabilistic inference.",1
Bayesian methods resort to some form of approximation to address the intractability issue in marginalization of latent variables.,0
"The exact posterior inference required by Bayesian neural networks is analytically intractable, necessitating approximations such as variational inference or Monte Carlo sampling to render the approach computationally feasible.",1
CBDL models are more robust to prior and likelihood distribution misspecification compared to BNN.,0
"Relative to standard Bayesian neural networks, credal Bayesian deep learning models exhibit enhanced robustness to misspecification of the prior and likelihood distributions, a consequence of their use of sets of distributions rather than single point distributions.",1
"In contrast, Evidential DL approaches only require a single forward pass through the deep learning models to quantify uncertainty.",0
"A single deterministic forward pass through the neural network suffices for uncertainty quantification in evidential deep learning models, conferring a significant computational advantage over Bayesian and ensemble-based alternatives that require multiple stochastic evaluations.",1
The robustness and calibration of evidential models have been extensively studied.,0
Considerable research effort has been devoted to characterizing and improving the robustness properties and calibration quality of evidential deep learning models.,1
"Usually, these models are trained with evidential losses and heuristically designed regularizers to guide uncertainty behavior.",0
Standard evidential model training combines evidential loss functions with heuristically motivated regularization terms that shape the model's uncertainty behavior toward desired qualitative properties.,1
"In this work, we focus on evidential classification models and consider settings without access to the out-of-distribution data during training, improving applicability in real-world scenarios.",0
Real-world applicability is enhanced by the focus of this work on evidential classification in the practically relevant setting where out-of-distribution data is unavailable during training—a restriction that aligns with common deployment constraints.,1
"The evidential model maps two of the training samples to the zero evidence region, where the gradients of standard evidential losses vanish.",0
"Two of the four training samples are assigned to the zero-evidence region by the evidential model, at which point the standard evidential loss gradients vanish and the model ceases to update its parameters with respect to those examples.",1
"In contrast, the standard model trained with cross-entropy easily fits the trivial dataset, reaching near-zero loss and 100% accuracy after a few iterations.",0
"The cross-entropy trained standard model, by contrast, encounters no such pathological learning dynamics and rapidly fits the four-sample dataset, achieving near-zero training loss and perfect classification accuracy within a small number of optimization iterations.",1
"Feature engineering is one of the most costly aspects of developing effective machine learning models, and that cost is even greater in specialized problem domains, like malware classification, where expert skills are necessary to identify useful features.",0
"In domains such as malware classification, the process of feature engineering demands not only substantial resources but also deep domain expertise — rendering it among the most prohibitively expensive components of constructing high-performing machine learning systems.",1
"Recent work, however, has shown that deep learning models can be used to automatically learn feature representations directly from the raw, unstructured bytes of the binaries themselves.",0
"Contrary to prior constraints, contemporary research demonstrates that deep neural architectures possess the capacity to autonomously derive meaningful feature representations by operating upon the unprocessed, structurally undefined byte sequences of executable binaries.",1
"In this paper, we explore what these models are learning about malware. To do so, we examine the learned features at multiple levels of resolution, from individual byte embeddings to end-to-end analysis of the model.",0
This work undertakes a systematic inquiry into the internal representations acquired by these classifiers. The investigation spans several layers of abstraction — beginning with granular byte-level embeddings and culminating in a comprehensive end-to-end examination of model behavior.,1
"At each step, we connect these byte-oriented activations to their original semantics through parsing and disassembly of the binary to arrive at human-understandable features.",0
"Throughout every phase of analysis, the raw byte-level activations are anchored to interpretable meaning by leveraging binary parsing and disassembly techniques, ultimately yielding feature descriptions accessible to human analysts.",1
"Through our results, we identify several interesting features learned by the model and their connection to manually-derived features typically used by traditional machine learning models.",0
"The experimental outcomes illuminate a number of noteworthy representations that the model acquires autonomously, many of which share conceptual alignment with handcrafted features long established in conventional machine learning pipelines for malware analysis.",1
"Additionally, we explore the impact of training data volume and regularization on the quality of the learned features and the efficacy of the classifiers, revealing the somewhat paradoxical insight that better generalization does not necessarily result in better performance for byte-based malware classifiers.",0
"Better generalization, counterintuitively, does not invariably translate to superior classification outcomes — a paradox that surfaces when the influence of training corpus size and regularization strategies on both feature quality and classifier efficacy is rigorously examined.",1
"Traditional machine learning-based antivirus solutions provide this capability by generalizing from previous examples of malware, but often require laborious development of hand-engineered features by domain experts to gain a true advantage.",0
"Conventional machine learning-driven antivirus systems derive their detection power by extrapolating patterns from known malware instances; however, they remain heavily reliant on painstakingly crafted features that necessitate specialized domain knowledge to design effectively.",1
"Moreover, these features are often specific to each type of executable file, further compounding the amount of overhead required.",0
"Compounding this burden further is the fact that such engineered features frequently lack portability across executable formats, demanding redundant development effort for each distinct file type encountered.",1
"Recently, however, a series of deep neural network models have been proposed that operate directly on the raw bytes of executable files to detect malware — effectively learning the feature representations directly from the data with no information about its syntax or semantics.",0
"A cluster of recently proposed deep neural architectures sidesteps this overhead entirely by ingesting raw executable bytes without any syntactic or semantic guidance, learning discriminative representations organically from the data itself.",1
"Surprisingly, these byte-based classifiers have reported accuracy exceeding 0.96 and area under the ROC curve (AUC) of greater than 0.98.",0
"Remarkably, classifiers built upon raw byte inputs have demonstrated classification accuracy surpassing 0.96 alongside AUC scores exceeding 0.98, performance metrics that rival or surpass feature-engineered counterparts.",1
"Answering this question is important in developing a rigorous understanding of the generalization capabilities of these models, as well as their robustness to evasion.",0
Establishing a clear answer carries significant implications — both for characterizing how broadly these models generalize and for assessing their resilience when adversaries attempt to craft inputs that evade detection.,1
"Furthermore, this analysis will help to shed light on the connection between manual feature engineering and feature representation learning in the malware classification domain.",0
"Beyond robustness concerns, such an analysis offers the prospect of illuminating the relationship between human-curated feature construction and the automated representation learning paradigm within the specific context of malware categorization.",1
"Unlike previous work, however, we expand our analysis beyond simply looking at the location of the activations to understanding the specific features that are learned and their connection to the semantics of the executable as a malware analyst would understand them.",0
"Distinguishing this work from prior efforts, the analysis transcends mere activation localization to probe the substantive content of learned features and trace their correspondence to the semantic structures that a trained malware analyst would recognize within executable files.",1
We perform this analysis under a variety of training regimes to gain a better understanding of the bias-variance tradeoff that exists for byte-based models in the unique problem area of malware classification.,0
"To illuminate the bias-variance dynamics inherent to byte-based classifiers operating in the malware domain, the analysis is deliberately conducted across diverse training configurations, each reflecting a different balance between model complexity and data availability.",1
"Specifically, we examine the question at three levels: the embedding layer to uncover learned similarities among independent byte values, the first convolutional layer to identify low-level features over short byte sequences, and end-to-end analysis for complex features combined over several layers of aggregation in the model.",0
"The investigation is structured around three analytical strata: at the embedding tier, inter-byte similarity relationships are surfaced; at the initial convolutional tier, short-range sequential patterns are identified; and through end-to-end attribution, the compound features assembled across successive pooling stages are evaluated holistically.",1
"Overall, the results of our experiments surface a number of interesting findings about the use of byte-based deep neural networks for malware classification. For one, our results highlight the importance of depth in learning rich, semantically-meaningful features.",0
"Taken collectively, the findings underscore a crucial principle: architectural depth is not incidental but instrumental in enabling the network to acquire representations that are both informationally rich and semantically coherent in the context of malware discrimination.",1
"Simple code-related features only appear as important features at the lowest levels of the models, while end-to-end features tended to mirror those features typically derived from manual feature engineering efforts.",0
"Low-level model layers confine their attention to elementary code patterns, whereas the holistic features emerging from the full model pipeline tend to converge upon representations that closely parallel those painstakingly constructed by human feature engineers — including invalid checksums and certificate presence.",1
"Meanwhile, import-related features are present throughout all levels of our analysis, from the embedding layer to end-to-end features.",0
"Across the full analytical spectrum — spanning raw byte embeddings through to final classification attribution — import-associated features maintain a persistent and prominent presence, underscoring their centrality to the model's discriminative strategy.",1
"Perhaps the most important of these findings is a paradoxical one in which increased training data volume and regularization results in more generic features applicable to both classes, but decreased classification efficacy.",0
"Most provocatively, expanded training corpora combined with stronger regularization, rather than sharpening classifier performance, produce increasingly generic representations spanning both classes — a counterintuitive degradation that challenges foundational assumptions about the benefits of generalization in this problem setting.",1
"The architecture that we use in this paper is essentially the same as the one proposed by Johns. It contains a learnable, 10-dimensional embedding layer and five alternating convolutional and pooling layers that hierarchically combine feature outputs from previous layers.",0
"Consistent with the design introduced by Johns, the network employed here incorporates a trainable ten-dimensional embedding space and a cascade of five interleaved convolutional and pooling stages, each progressively integrating feature signals propagated from earlier layers.",1
"A single fully-connected layer and sigmoid function are used to perform classification. The input length of our classifier is restricted to a 100KB sequence, where longer sequences are truncated and shorter sequences are padded with a distinguished padding symbol.",0
"Classification is realized through a solitary dense layer followed by a sigmoid activation. Input sequences are uniformly constrained to 100 kilobytes — files exceeding this boundary are curtailed, while shorter files receive supplementary padding via a reserved sentinel symbol, resulting in an effective alphabet of 257 distinct tokens.",1
"Our baseline dataset consists of 15.62M distinct Windows Portable Executable files collected between July 2015 and July 2017 from a combination of VirusTotal, ReversingLabs, and other proprietary sources.",0
"The primary training corpus comprises over fifteen and a half million unique Windows PE binaries, sourced from a combination of VirusTotal, ReversingLabs, and internal proprietary repositories, with collection spanning a two-year window between mid-2015 and mid-2017.",1
"The dataset was downsampled using a stratified sampling strategy from a collection of more than 100M binaries to ensure uniform representation across malware families, and the final dataset contained 20% malware and 80% goodware.",0
"Drawing from a pool exceeding one hundred million samples, stratified downsampling was applied to guarantee equitable representation across malware families, yielding a final corpus whose class distribution reflects a realistic deployment scenario: eighty percent benign and twenty percent malicious.",1
"Additionally, we created a small dataset that is more in line with previous academic work consisting of 7.27M PE files from the same sources as the baseline dataset, but collected over a much shorter time frame of July 2016 to November 2016.",0
"A secondary, more compact dataset was assembled to align with the scale typical of prior academic studies — encompassing approximately 7.27 million PE files drawn from the same sources but restricted to a narrower five-month acquisition window spanning mid to late 2016.",1
"For testing classification performance, we use the complete feed of PE files provided by VirusTotal and ReversingLabs from June 1, 2018 to August 31, 2018, which contains a total of 16.55M unique PEs with a 50/50 split of malware and goodware.",0
"Evaluation of classifier efficacy is conducted on a held-out corpus of approximately 16.55 million unique portable executables, constituting the complete feed from VirusTotal and ReversingLabs across a three-month period in mid-2018, balanced equally between malicious and benign samples.",1
Our validation and testing sets contain samples that are strictly newer than the training set used to train our models.,0
Strict temporal partitioning is enforced such that every sample populating the validation and test partitions postdates all examples seen during model training — a discipline essential for producing unbiased performance estimates.,1
"We use two small-scale datasets to perform our feature analysis. The first is a random sample of 4,000 PE files taken from our baseline dataset with an equal split between malware and goodware, which we use to understand broad activation trends.",0
"Feature-level analysis is grounded in two carefully constructed small-scale corpora. The first, a balanced 4,000-sample subset drawn uniformly from the baseline collection, enables characterization of aggregate activation patterns across the malware and goodware populations.",1
"The second is a set of six artifacts from the NotPetya, WannaCry, and BadRabbit ransomware families, including loaders, payloads, and encryptors. We use this ransomware dataset to extract specific, concrete features for examination.",0
"Complementing the broad-trend dataset, six representative artifacts spanning the NotPetya, WannaCry, and BadRabbit ransomware lineages — encompassing loaders, payload modules, and encryption components — serve as subjects for granular, concrete feature extraction and semantic interpretation.",1
"In general, the performance of the small and baseline models falls in line with the results reported in previous work, while the model using dropout performs significantly worse.",0
"While the small and baseline model results replicate the performance figures reported in prior literature with reasonable fidelity, the dropout-augmented variant exhibits a marked deterioration in classification quality, deviating substantially from expectations.",1
"Notice that, paradoxically, the small model performs the best despite having significantly older and fewer data points to train on. This result is at odds with common wisdom that more data and improved regularization will result in better generalization and, consequently, better classification performance.",0
"Strikingly, the model trained on the smallest and oldest dataset achieves the highest classification scores — an outcome at direct odds with the prevailing intuition that larger corpora and stronger regularization reliably yield superior generalization and downstream task performance.",1
"Since the embedding matrix is treated as a set of learnable parameters during training, the locations of each of the bytes can be manipulated within the 10-dimensional embedding space.",0
"Because the embedding matrix is optimized end-to-end during training rather than fixed a priori, the network is free to reposition each byte token within the ten-dimensional representational space in whatever configuration best serves the downstream classification objective.",1
"Intuitively, if one or more bytes can be used interchangeably within the learned features, then they will be densely clustered within the embedding space. Conversely, outliers within this space indicate byte values that are distinguished in some way and incur significant cost to swap.",0
"Bytes that are functionally substitutable within the model's learned patterns naturally gravitate toward one another in the embedding space, forming dense clusters. Those that appear as isolated outliers, by contrast, encode distinctive information whose replacement by any other byte would impose a meaningful penalty on model accuracy.",1
A few broad trends are immediately evident when comparing the embedding space visualizations and discovered outliers — the number of outliers and overall sparsity of the space increases as we move from our small model to the regularized baseline+dropout model.,0
"Surveying the embedding space visualizations, a clear progression emerges: transitioning from the compact small model to the heavily regularized dropout variant, the embedding space becomes progressively sparser and the population of outlier byte values grows substantially.",1
"The small model has 13 outliers, which increases to 31 for baseline, and up to 158 for baseline+dropout.",0
"Quantitatively, the outlier count escalates from a modest thirteen in the small model to thirty-one under the baseline configuration, reaching a pronounced 158 distinct outlier bytes in the dropout-regularized variant.",1
"Both the small and baseline model had a small number of clusters, with one of those clusters containing the vast majority of bytes, indicating that many of the bytes are interchangeable within higher-level features.",0
"In both the small and baseline configurations, the embedding space coalesces into a limited cluster structure dominated by a single large grouping, suggesting that the overwhelming majority of byte values are treated as mutually substitutable when constructing higher-order feature combinations.",1
"Additionally, the outliers shared by the small and baseline models are quite informative of what features might be learned at the upper layers of the model. These outliers include typical x86 register values, several ASCII characters, and the 'call' instruction.",0
"The subset of outlier bytes common to both the small and baseline models provides a revealing preview of the features prioritized by the network's upper layers — among these distinguished bytes are standard x86 general-purpose register encodings, a selection of ASCII printable characters, and critically, the call instruction opcode.",1
"More generally, however, we see a clear predilection across all models toward features associated with ASCII strings and control flow instructions. As we will see in the next section, these outlier bytes will play a key role in defining the low-level features, such as import names and instruction sequences.",0
"A consistent preference across all three model variants emerges for representations anchored in ASCII string content and control-flow instruction patterns — a predilection that, as subsequent analysis confirms, manifests concretely in the low-level convolutional features corresponding to import table entries and opcode sequences.",1
"In our architecture, this layer has 96 filters with a kernel width of eleven bytes and a stride of one, resulting in 102,390 convolutions over our embedded 100KB input sequence.",0
"The first convolutional stage instantiates 96 learnable filters, each spanning an eleven-byte receptive field applied with unit stride, producing a dense set of 102,390 convolution outputs across the embedded representation of each 100-kilobyte input.",1
One interesting trend that arises is that utilization of filters increases dramatically as we go from our small model to the baseline+dropout model.,0
"A notable trend observed across the three training configurations is the dramatic broadening of active filter participation: whereas the small model concentrates activation energy in a narrow set of filters, the dropout model distributes it far more diffusely across the full filter bank.",1
"The number of malware activations is significantly higher than goodware for the small and baseline models, but equalizes for the baseline+dropout model.",0
"Under both the small and baseline training regimes, malware samples generate substantially higher activation counts than their benign counterparts; however, this asymmetry diminishes to near-parity in the dropout-regularized model, where the activation distributions across classes become statistically comparable.",1
"By adding regularization in the form of dropout, the model appears to be learning more generically-applicable features across the two classes, but at the cost of worse overall classification performance.",0
"Dropout regularization steers the model toward representations that are agnostic to class membership and applicable broadly across both malware and goodware; the tradeoff, however, is a measurable degradation in the model's capacity to discriminate between the two categories.",1
"In particular, the location of activations moves from the start of the files in the small model and gets distributed throughout the file as we move toward the baseline+dropout model.",0
"As regularization intensifies across the three model configurations, the spatial focus of activations shifts: the small model concentrates its strongest responses in the early file regions corresponding to PE header structures, while the dropout model disperses equivalent activation energy broadly across the file's full byte range.",1
"Generally, the filters appear to have two primary types of features: common instruction sequences and ASCII strings such as import names.",0
"Across the disassembled activation sites, the convolutional filters resolve into two dominant feature categories: recurring assembly instruction patterns — particularly those involving parameter-passing conventions — and ASCII string content, most prominently the names appearing within the binary's import table.",1
"While all filter activations have a certain level of variability due to incidental detection of the relatively short eleven-byte sequences, there is a clear trend toward more precise, limited features in our baseline and baseline+dropout models versus the small model.",0
"Although some degree of spurious activation is unavoidable given the brevity of the eleven-byte convolution window, a discernible trend toward increasingly constrained and semantically precise features characterizes the baseline and dropout models relative to the looser, broader-ranging activations of the small model.",1
"Similarly, the most prevalent filter in the baseline+dropout model, filter 55, activates solely on areas of padding between sections containing multiple padding bytes.",0
"Exemplifying this narrowing specificity, the most frequently activated filter in the dropout-regularized model fires exclusively on inter-section padding regions densely populated with repeated padding byte values, a pattern with essentially no analog in the small model's more permissive activation profile.",1
"Overall, these results highlight some very important properties of our models. There is certainly a heavy reliance on import name features, with that reliance increasing in the baseline+dropout model.",0
"Synthesizing these findings, a central dependency on import table nomenclature emerges as a structural property of these classifiers — one that intensifies rather than diminishes as the model is subjected to stronger regularization, suggesting that import-name signals are among the most robustly learned representations.",1
"Additionally, the instruction sequences coincidentally capture some useful behavioral features, such as the use of push-call sequences to fingerprint certain types of function calls.",0
"Beyond their surface syntactic character, the learned instruction-sequence filters incidentally encode behaviorally meaningful information: push-call opcode patterns, for instance, serve as fingerprints for specific Windows API invocation conventions, effectively surfacing dynamic behavioral indicators from purely static byte sequences.",1
We use the SHapley Additive exPlanations (SHAP) framework to assign contributions to each input feature — in our case individual bytes — using concepts derived from cooperative game theory.,0
"Attribution of individual byte contributions to the final classification score is accomplished through the SHAP framework, whose theoretical foundations in cooperative game theory enable rigorous, additive decomposition of model predictions into per-feature contribution scores.",1
"Specifically, we use the GradientSHAP method, which combines the Integrated Gradients and SmoothGrad techniques with the SHAP framework. Intuitively, the method calculates the expectation of the gradients between the given input and a large number of randomly sampled feature vectors generated from a background dataset.",0
"The GradientSHAP variant employed here synthesizes two complementary gradient attribution methodologies — Integrated Gradients and SmoothGrad — within the SHAP formalism, computing expected gradient values by interpolating between the target input and a stochastically sampled background distribution.",1
"Starting again with broad observations across the three models, we see that the increasing specificity of features in the baseline and baseline+dropout models is evident even in our end-to-end analysis.",0
"The pattern of escalating feature specificity observed at lower network layers persists when attribution is measured end-to-end: the baseline and dropout models each concentrate explanatory mass on a narrower, more semantically precise set of byte regions than the broad, diffuse attributions characterizing the small model.",1
"With the baseline+dropout model in particular, the evidence for malware classification is concentrated on a small number of segments related to only a few underlying structures in the PE file.",0
"The dropout model's classification rationale is particularly concentrated: a handful of discrete byte segments, each corresponding to specific structural components of the PE format, shoulder nearly the entire burden of the model's malware verdict.",1
"By contrast, the small model has evidence spread throughout the byte sequence, including segments that overlap with the other two models. At the same time, the small model also includes a large number of spurious benign features that significantly reduce the malware probability for the file.",0
"The small model distributes its attributive evidence across the full length of the byte sequence — sharing some overlapping signal regions with the other models — but simultaneously accumulates substantial spurious benign contributions that partially suppress the malware probability, effectively introducing noise into the classification process.",1
"One such feature is the detection of a checksum set to zero in the small and baseline models. While not an inherently malicious property of the file, a large fraction of malware contain incorrect checksums, which makes it a useful distinguishing feature.",0
"Among the prominent end-to-end features surfaced in both the small and baseline models is the identification of a zeroed checksum field. Though its presence is not definitively indicative of malicious intent in isolation, its statistical prevalence across malware samples renders it a discriminatively valuable signal.",1
"Interestingly, in the baseline+dropout model, the checksum-related feature actually flips and becomes a goodware-oriented feature that checks for a non-zero value — reinforcing our findings that regularization forces the model away from malware-centric features.",0
"In a striking reversal, the dropout model reinterprets the checksum signal entirely: where its counterparts treat a zeroed checksum as evidence of malice, the regularized model associates a populated, non-zero checksum field with benign classification — an inversion that corroborates the broader finding that dropout erodes malware-specific representational biases.",1
"Other features of note include detecting the absence of the standard security directory that exists with signed code, identifying import and export tables within an embedded PE file, and several import names.",0
Additional high-salience end-to-end features encompass the absence of a standard security certificate directory — a structural anomaly common in unsigned malware — together with the detection of import and export directory structures within embedded secondary PE files and specific import name strings.,1
"Specifically, we identified several instances where the most important benign end-to-end features referenced the so-called Rich header. The Rich header is added only by Microsoft's linker and contains an XOR encrypted set of linker metadata about the binary.",0
"A particularly illuminating benign feature identified across several ransomware artifacts involves the Rich header — a binary structure exclusively inserted by Microsoft's own linker, encoding XOR-obfuscated metadata encompassing object counts and linker version identifiers.",1
"What we believe is happening is that the model is learning whether the Rich header is present based on the location of a string that directly follows the Rich header. If the Rich header is detected, then the model knows that a Microsoft linker is used.",0
"The model's apparent strategy is to infer Rich header presence through the positional signature of the string immediately succeeding it, thereby indirectly determining whether a Microsoft toolchain was employed in the binary's compilation — information unavailable through direct inspection of the encrypted header content itself.",1
"A non-trivial fraction of malware is built using non-Microsoft toolchains such as Delphi. The linker and its version are actually common manually-derived features, and the model appears to have effectively inferred that same feature via the complex interplay of several low-level features.",0
"Given that a measurable proportion of malware binaries originate from non-Microsoft compilation environments like Delphi, linker provenance serves as a meaningful discriminative signal — one that human analysts have long incorporated as a manually engineered feature, and one that this model independently reconstructs through the emergent interaction of multiple lower-level learned patterns.",1
"Byte-based deep learning classifiers have proven to be a viable alternative to traditional machine learning for malware classification, without the cost of manual feature engineering.",0
"As these experiments collectively demonstrate, deep learning systems operating on raw byte sequences constitute a credible and practically effective substitute for conventional feature-engineered malware classifiers, achieving competitive performance without incurring the substantial human overhead that feature design demands.",1
"Our findings show that import-related features play a very important role in the operation of the models — appearing at all levels of our analysis, from embedding to end-to-end features.",0
"A unifying thread across all analytical layers is the prominent and consistent role of import-related representations: from the earliest embedding-level byte similarities through to the final attribution scores, signals associated with the binary's import table recur as among the most influential determinants of classification outcome.",1
"We also discovered that the embedding layer and low-level convolutional filters learned features related to ASCII strings and instruction sequences, with some filters capturing useful behavioral indicators like the use of system calls through push-call sequences.",0
"The embedding and initial convolutional stages converge on ASCII string patterns and instruction-level byte sequences as their primary representational targets, with a subset of filters achieving a degree of behavioral interpretability by detecting the push-call opcode patterns indicative of Windows system call invocations.",1
"However, these instruction-oriented features do not appear in our end-to-end analysis. Instead, the depth and complexity of the model's architecture allowed it to learn intuitive and meaningful features, including incorrect checksums and the presence of certificates.",0
"Instruction-level patterns, while salient at the network's lower tiers, do not propagate to the end-to-end feature level. Rather, the architectural depth enables the emergence of structurally higher-order representations — among them checksum validity indicators and code-signing certificate presence — that more directly mirror the diagnostic heuristics employed by expert analysts.",1
"Perhaps the most interesting result was the paradoxical impact that increased data volume and regularization had on classification performance. Although the highly-regularized dropout model learned more general features across both malware and goodware classes, its performance was substantially worse than a model with an older and smaller training set.",0
"The most consequential and theoretically provocative finding concerns the inverse relationship between generalization quality and classification efficacy: despite acquiring more broadly applicable feature representations spanning both class populations, the aggressively regularized dropout model underperforms a model trained on an older, substantially smaller dataset — a paradox that complicates straightforward prescriptions for model improvement.",1
One explanation for this behavior is that malware-oriented features are strong indicators of class membership for both malware and goodware — similar to the way traditional antivirus signatures operate.,0
A plausible account for this counterintuitive dynamic is that features skewed toward the malware class function as strong bidirectional indicators — their presence signals malice while their absence signals benignity — echoing the asymmetric discriminative logic underlying signature-based antivirus detection.,1
"These results stand in stark contrast to our own, which show that with sufficient model depth and training data volume, deep neural networks can learn feature representations that closely mimic those created by subject-matter experts.",0
"Our results stand in direct contrast to those shallower architectures: when model depth and training data volume jointly reach sufficient thresholds, the network independently converges on feature representations substantively equivalent to those painstakingly crafted by experienced malware analysts, without any domain knowledge encoded a priori.",1
"Moreover, our results indicate that influential features are learned throughout the entire length of the input byte sequence, thereby providing evidence that the type of hierarchical architecture examined here may learn more diverse and robust features.",0
"Beyond the qualitative similarity to expert-engineered features, the hierarchical pooling architecture distributes its most influential activations across the complete byte span of the input — a spatial breadth of coverage that suggests the model develops a more varied and resilient feature vocabulary than architectures limited to localized or header-region analysis.",1
"Taken as a whole, our results provide interesting insight into the role that architecture, regularization, and data characteristics play in developing byte-based malware classifiers, and hopefully improve our overall understanding of the malware classification problem.",0
"Collectively, these findings deepen the field's understanding of how architectural choices, regularization strategies, and dataset properties interact to shape the representational capacity and real-world performance of byte-based malware classifiers — offering a richer empirical foundation for future design decisions in this domain.",1
"Automatic program repair seeks to generate correct code from buggy programs, with most approaches searching the correct program in a discrete, symbolic space of source code tokens.",0
"The endeavor of automatic program repair aspires to synthesize correct code from defective programs, wherein predominant approaches conduct searches for the correct program within discrete, symbolic domains composed of source code token sequences.",1
This symbolic search is fundamentally limited by its inability to directly reason about program behavior.,0
The foundational constraint of symbolic search methodologies resides in their incapacity to engage in direct reasoning concerning program behavioral characteristics.,1
"We introduce Gradient-Based Program Repair (GBPR), a new paradigm that reframes program repair as continuous optimization in a differentiable numerical program space.",0
"Our contribution introduces Gradient-Based Program Repair (GBPR), constituting a novel paradigm that reconceptualizes program repair as continuous optimization procedures operating within differentiable numerical program spaces.",1
"Our core insight is to compile symbolic programs into differentiable numerical representations, enabling search in the numerical program space directly guided by program behavior.",0
"The fundamental insight underlying our approach involves compiling symbolic program representations into differentiable numerical forms, thereby facilitating search operations within numerical program spaces under direct guidance from program behavioral characteristics.",1
"To evaluate GBPR, we present RaspBugs, a new benchmark of 1,466 buggy symbolic RASP programs and their respective numerical representations.",0
"For GBPR evaluation purposes, we present RaspBugs, a novel benchmark corpus comprising 1,466 defective symbolic RASP programs accompanied by their corresponding numerical representations.",1
Our experiments demonstrate that GBPR can effectively repair buggy symbolic programs by gradient-based optimization in the numerical program space.,0
Experimental investigations demonstrate GBPR's efficacy in repairing defective symbolic programs through gradient-based optimization mechanisms operating within numerical program spaces.,1
"To our knowledge, we are the first to state program repair as continuous optimization in a numerical program space.",0
"To the extent of our awareness, we constitute the inaugural research to formulate program repair as continuous optimization within numerical program space domains.",1
"Our work establishes a new direction for program repair research, bridging two rich worlds: continuous optimization and program behavior.",0
"Our research establishes a novel trajectory for program repair investigations, creating a bridge between two conceptually rich domains: continuous optimization methodologies and program behavioral analysis.",1
Recent years have seen dramatic improvements in the quality and complexity of patches thanks to learning based program repair.,0
"Contemporary years have witnessed substantial advancements in both patch quality and complexity, attributable to learning-based program repair methodologies.",1
Progress on benchmarks like SWE-Bench and RepairBench has demonstrated that real-world bugs can be fixed automatically.,0
Advancement on benchmark evaluations including SWE-Bench and RepairBench has substantiated the feasibility of automatic real-world bug remediation.,1
The fundamental limitation of asking a language model to generate a patch is that it does so by reasoning about token distributions.,0
The intrinsic limitation inherent in requesting language models to generate patches resides in their reliance on reasoning about token distribution patterns.,1
Optimizing for next token prediction captures very little of the difference between buggy behavior and expected correct behavior from the specification.,0
Optimization oriented toward next token prediction captures minimal distinction between defective behavioral manifestations and anticipated correct behaviors as specified.,1
"For the same reason, it is hard to repair completely new programs as language models fail to generalize to unseen problems.",0
"Owing to identical reasoning, repairing entirely novel programs presents difficulty, as language models demonstrate failure in generalizing to previously unencountered problem domains.",1
We propose to embed the specification and the incorrect behavior to be repaired as a first-class concept in a loss function.,0
Our proposal involves embedding both the specification and incorrect behavior requiring repair as first-class conceptual entities within a loss function framework.,1
"We describe Gradient-Based Program Repair (GBPR), a novel paradigm that is founded on expressing programs as numerical representations.",0
"Our description encompasses Gradient-Based Program Repair (GBPR), a novel paradigmatic framework founded upon program expression through numerical representational forms.",1
"With this numerical program representation associated with a loss that captures the expected behavior, GBPR repairs the bug by searching in the numerical program space.",0
"Through this numerical program representation coupled with a loss function capturing anticipated behavior, GBPR executes bug repair via search operations within numerical program spaces.",1
This core originality of GBPR is that it considers program behavior as a first-class concept in the learning pipeline.,0
The fundamental originality characterizing GBPR resides in its treatment of program behavior as a first-class conceptual element within the learning pipeline architecture.,1
"To rigorously evaluate our approach, we introduce RaspBugs, a new benchmark of buggy symbolic programs and their corresponding numerical representation.",0
"For rigorous evaluation of our methodological approach, we introduce RaspBugs, a novel benchmark comprising defective symbolic programs alongside their corresponding numerical representations.",1
"Those programs are written in RASP, a class of sequence-processing programs that can be analytically represented as Transformer models.",0
"These programs receive authorship in RASP, constituting a class of sequence-processing programs amenable to analytical representation as Transformer model architectures.",1
"By systematically applying mutations to base RASP programs, we create a diverse collection of meaningful bugs.",0
"Through systematic application of mutation operations to foundational RASP programs, we generate a diverse collection of semantically meaningful defects.",1
"RaspBugs contains 1,466 bugs over 6 programs, and provides the first-ever controlled environment for researching program repair as continuous optimization.",0
"The RaspBugs benchmark encompasses 1,466 defects distributed across 6 programs, furnishing the inaugural controlled experimental environment for investigating program repair as continuous optimization.",1
Our results demonstrate that gradient-based program repair is feasible.,0
Our empirical results substantiate the feasibility of gradient-based program repair methodologies.,1
"We observe proper convergence of the optimization problem, with the correctness of the considered programs improving.",0
"Our observations indicate appropriate convergence characteristics of the optimization problem, accompanied by improvements in the correctness of examined programs.",1
We are able to repair the majority of buggy programs for 5 out of the 6 considered base programs.,0
Our methodology achieves repair of the preponderance of defective programs across 5 among the 6 foundational programs under consideration.,1
The analysis of the repair trajectories and the correctness landscape confirms that incorrect behavior on buggy input points is gradually fixed.,0
Analytical examination of repair trajectories and the correctness landscape substantiates that erroneous behavior manifesting on defective input points undergoes gradual remediation.,1
"Program repair automatically finds a correct program from a buggy one, changing incorrect behavior to correct behavior according to a specification.",0
"Program repair automatically identifies a correct program from a defective counterpart, transforming erroneous behavioral manifestations to correct behaviors in accordance with specification requirements.",1
"Most program repair research considers repairing imperative programs, in particular Python or Java.",0
"The predominant focus of program repair research concentrates on imperative program remediation, with particular emphasis on Python and Java programming languages.",1
"In the context of traditional program repair, programs are symbolic artifacts, represented using discrete structures.",0
"Within traditional program repair contexts, programs constitute symbolic artifacts receiving representation through discrete structural forms.",1
Program repair on symbolic programs relies on symbolic methods operating directly on these structures.,0
Program repair operations on symbolic programs depend upon symbolic methodologies that operate directly upon these structural representations.,1
Large Language Models (LLMs) are used for program repair by considering code as a sequence of textual tokens.,0
Large Language Models find application in program repair through the conceptualization of code as sequential textual token arrangements.,1
"A numerical program is a program whose behavior is encoded as continuous, real-valued parameters and can be executed.",0
"Numerical programs constitute programs wherein behavioral characteristics receive encoding as continuous, real-valued parameters while maintaining executability.",1
These can be either neural networks or vectors in latent spaces with execution semantics.,0
These manifestations may take forms of either neural network architectures or vectors positioned within latent spaces possessing execution semantics.,1
"Unlike traditional symbolic programs, which are constrained by discrete structures, the behavior of numerical programs can be adjusted smoothly via optimization techniques.",0
"In contrast to traditional symbolic programs constrained by discrete structural forms, numerical program behavior admits smooth adjustment through optimization technique applications.",1
RASP is a domain-specific programming language for sequence processing.,0
RASP constitutes a domain-specific programming language specifically engineered for sequence processing operations.,1
Its key characteristic is that the language primitives align with the transformer-encoder model.,0
The distinguishing characteristic resides in the alignment of language primitives with transformer-encoder model architectures.,1
"RASP programs operate on token and position streams using selectors, per-position aggregation, and elementwise maps.",0
"RASP programs execute operations on token and position streams through utilization of selectors, per-position aggregation mechanisms, and elementwise mapping functions.",1
We adopt the bounded setting of RASP which assumes fixed vocabulary and a maximum sequence length.,0
"Our adoption embraces the bounded RASP configuration, which presumes fixed vocabulary constraints and maximum sequence length limitations.",1
"Tracr is an analytical, deterministic compiler from RASP to encoder-style transformer models.",0
"Tracr constitutes an analytical, deterministic compilation framework translating RASP specifications into encoder-style transformer model architectures.",1
It programmatically constructs attention from RASP selectors and implements aggregation and maps via attention and MLP steps respectively.,0
This framework programmatically synthesizes attention mechanisms from RASP selector constructs while implementing aggregation and mapping operations through attention and MLP step sequences respectively.,1
"For a fixed vocabulary and sequence length, the compiled model is strictly equivalent to the RASP program.",0
"Given fixed vocabulary and sequence length parameters, the compiled model maintains strict equivalence with the originating RASP program specification.",1
All previous research has done program repair as a search in a symbolic space.,0
Antecedent research endeavors have uniformly approached program repair through search operations within symbolic space domains.,1
Our core insight is that one can do program repair by searching programs in a numerical space instead.,0
Our fundamental insight recognizes the possibility of executing program repair through search operations within numerical space domains as an alternative approach.,1
"In that numerical space, the program semantics are encoded into a numerical representation.",0
"Within this numerical space domain, program semantic characteristics receive encoding into numerical representational forms.",1
Gradient-Based Program Repair leverages gradient descent to search the numerical program space.,0
Gradient-Based Program Repair harnesses gradient descent mechanisms for conducting search operations within numerical program space domains.,1
The program zeroing the loss is considered the repaired program.,0
The program achieving zero loss receives designation as the successfully repaired program.,1
The first step of numerical repair is to translate the initial symbolic program into a numerical representation.,0
The inaugural step within numerical repair processes involves translating the initial symbolic program into a numerical representational form.,1
We require a compiler function that transforms symbolic programs into numerical representations.,0
Our requirements encompass a compiler function capable of transforming symbolic program specifications into numerical representational formats.,1
This representation is parameterized by a set of numerical parameters that completely encode the semantics of the original program.,0
This representational form receives parameterization through a set of numerical parameters that comprehensively encode the semantic characteristics of the originating program.,1
The execution of the numerical representation must match the input-output behavior of the symbolic program on the supported domain.,0
Numerical representation execution must maintain congruence with the input-output behavioral characteristics of the symbolic program across the supported domain.,1
We require the numerical representation to be differentiable over the input space with respect to its parameters.,0
Our requirements stipulate that the numerical representation maintain differentiability across the input space relative to its parametric values.,1
"This means we need to compute the gradient of a loss function, in order to change the parameters to improve the correctness of the output.",0
"This necessitates computation of the loss function gradient, facilitating parameter modifications aimed at enhancing output correctness.",1
"If the gradient captures correctness, this means that gradient descent is actually optimizing the program towards more correct behavior.",0
"When the gradient captures correctness characteristics, gradient descent effectively optimizes the program trajectory toward enhanced behavioral correctness.",1
"In this paper, we focus on neural networks as our numerical representation.",0
"Within this paper, our focus concentrates on neural network architectures as our selected numerical representational framework.",1
"The neural network input, resp. output, is the program input, resp. output.",0
The neural network input and output correspond respectively to the program input and output specifications.,1
This is a natural choice as neural networks are inherently differentiable via backpropagation.,0
This constitutes a natural selection as neural network architectures inherently maintain differentiability through backpropagation mechanisms.,1
Their parameters form the continuous space we seek to optimize.,0
Their parametric values constitute the continuous space domain targeted for optimization operations.,1
Let us assume a buggy symbolic program implementing an incorrect function.,0
We postulate a defective symbolic program implementing an erroneous functional specification.,1
The ideal correct function is defined by a specification that describes the behavior of the ideal program.,0
The ideal correct function receives definition through a specification describing the behavioral characteristics of the ideal program.,1
"In this paper, we assume specifications in the form of input-output examples.",0
"Within this paper, our assumptions embrace specifications manifested as input-output example collections.",1
Technical knowledge and soft skills in software startups within the Colombian entrepreneurial ecosystem.,0
The technical competencies and interpersonal capabilities within software startup ventures operating within Colombia's entrepreneurial ecosystem framework.,1
The technical knowledge and soft skills of entrepreneurial team members significantly impact the early stages of software startups.,0
Entrepreneurial team member technical competencies and soft skills exert substantial influence upon the initial developmental phases of software startup organizations.,1
It is widely recognized that the success or failure of a startup is determined by the quality of the individuals who constitute the founding team.,0
Widespread recognition exists that startup success or failure receives determination through the caliber of individuals comprising the founding team structure.,1
This article presents the findings of a study conducted within the Colombian entrepreneurial ecosystem.,0
The present article furnishes findings derived from investigative research conducted within Colombia's entrepreneurial ecosystem context.,1
Focusing on which technical knowledge and soft skills are the most valued by founding teams of software startups.,0
Concentrating upon the identification of technical knowledge domains and soft skills receiving highest valuation from software startup founding teams.,1
And how the needs for knowledge and skills evolve as the startup grows.,0
Additionally examining the evolutionary patterns of knowledge and skill requirements as startup organizations undergo growth.,1
"A survey of software startup representatives revealed that the most valued knowledge includes requirements engineering, software testing, project planning and management.",0
"Representative surveys of software startup personnel disclosed that the most highly valued knowledge encompasses requirements engineering, software testing, and project planning and management competencies.",1
"The most valued soft skills are typically communication, leadership, and teamwork.",0
"The soft skills receiving highest valuation typically comprise communication capabilities, leadership qualities, and teamwork proficiencies.",1
"The outcomes of this work are relevant to software entrepreneurs, incubators, and researchers.",0
"The resultant outcomes of this investigative work maintain relevance for software entrepreneurs, incubator organizations, and research practitioners.",1
A software startup is a recently created company with little or no operational history.,0
Software startups constitute recently established companies possessing minimal or absent operational historical records.,1
Focused on creating and developing an innovative software-intensive product or service as a basis for creating business value.,0
Concentrating on the creation and development of innovative software-intensive products or services serving as foundational elements for business value generation.,1
Among the main challenges of software startups are their scarcity of resources.,0
"Within the principal challenges confronting software startups, resource scarcity represents a significant concern.",1
"Being highly reactive, being made up of small teams with little experience.",0
"Characterized by heightened reactivity, composed of diminutive teams possessing limited experiential backgrounds.",1
"Relying on a single product, and starting to operate under conditions of uncertainty.",0
"Demonstrating reliance upon singular product offerings, initiating operations under conditions pervaded by uncertainty.",1
These conditions require empirical studies aimed at identifying what software development knowledge and skills are necessary.,0
These circumstantial conditions necessitate empirical investigative studies targeting identification of requisite software development knowledge domains and skill sets.,1
Several studies have shown that the probability of success of a new venture increases if the venture includes professionals trained in various disciplines.,0
Multiple research investigations have substantiated that new venture success probability experiences augmentation when ventures incorporate professionals possessing training across diverse disciplinary domains.,1
Tanner believes that the success or failure of a business venture is related to the quality of the people who make up the initial team of founders.,0
Tanner maintains the perspective that business venture success or failure maintains relationship with the caliber of individuals constituting the initial founding team.,1
"The new company will flourish or fail depending on how well it recruits, builds, and retains the team.",0
"New company organizations will experience flourishment or failure contingent upon their effectiveness in team recruitment, development, and retention.",1
"As well as the knowledge, technical abilities, and skills that the members of that team have in relation to the needs and challenges of the venture.",0
"Additionally dependent upon the knowledge, technical capabilities, and skills team members possess relative to venture needs and challenges.",1
"SeppÃ¤nen and colleagues believe that it is crucial that a venture obtains the knowledge, abilities, and capabilities necessary to create a product based on innovation.",0
"SeppÃ¤nen alongside colleagues maintain the belief that ventures crucially require obtaining knowledge, abilities, and capabilities necessary for creating innovation-based products.",1
This article aims to report on a study focused on identifying the technical knowledge and soft skills most valued in the founding team.,0
The present article aspires to report investigative findings concentrated on identifying technical knowledge domains and soft skills receiving highest valuation within founding team structures.,1
"At the beginning of a software startup, and how these needs evolve as the venture progresses.",0
"During software startup inception, alongside examination of how these requirements undergo evolution as ventures progress through developmental stages.",1
The remainder of this paper is organized as follows: Section 2 presents a brief review of the general literature.,0
The subsequent portions of this paper receive organization as follows: Section 2 furnishes a concise literature review.,1
On the concepts of technical knowledge and soft skills.,0
Pertaining to technical knowledge conceptualizations and soft skill frameworks.,1
Section 3 describes this study's methodological design.,0
Section 3 delineates this investigation's methodological design framework.,1
Section 4 presents the main findings.,0
Section 4 presents the principal investigative findings.,1
Section 5 discusses the results.,0
Section 5 engages in comprehensive results discussion.,1
Section 6 analyzes the threats to the study's validity.,0
Section 6 conducts analytical examination of threats to investigative validity.,1
Section 7 outlines some considerations about the relevance of the findings.,0
Section 7 delineates considerations regarding finding relevance.,1
"Finally, Section 8 presents the conclusions.",0
"Ultimately, Section 8 furnishes conclusive statements.",1
This section outlines the key features of Colombia's entrepreneurial ecosystem.,0
This section delineates the characteristic features of Colombia's entrepreneurial ecosystem landscape.,1
And provides a brief review of the literature on technical knowledge and soft skills.,0
While furnishing concise literature review concerning technical knowledge and soft skill domains.,1
Including the specific types of technical knowledge and soft skills examined in this study.,0
Encompassing the specific technical knowledge categories and soft skill types receiving examination within this investigation.,1
Colombia's entrepreneurial ecosystem has experienced significant growth in recent years.,0
Colombia's entrepreneurial ecosystem has undergone substantial expansion throughout recent temporal periods.,1
Positioning itself as a vibrant hub for innovation in Latin America.,0
Establishing itself as a dynamic innovation center within the Latin American regional context.,1
This expansion is fueled by a confluence of several factors.,0
This expansionary trajectory receives propulsion from a convergence of multiple contributory factors.,1
"Including government initiatives, increasing access to capital, and a burgeoning tech-savvy population.",0
"Encompassing governmental initiatives, expanding capital accessibility, and an emergent technologically proficient populace.",1
"According to the Colombia Tech Report 2023, the 1,720 startups across the country are distributed among 30 sectors.",0
"In accordance with the Colombia Tech Report 2023, the 1,720 startups distributed across the nation maintain distribution among 30 distinct sectors.",1
51% of these startups are concentrated in the top six sectors.,0
51% of these startup organizations demonstrate concentration within the six highest-ranked sectors.,1
"Fintech represents 17%, Software as a Service 10%, Business Management 6%.",0
"Fintech constitutes 17%, Software as a Service represents 10%, Business Management accounts for 6%.",1
"EdTech, HealthTech, and ProTech, each with 6%, round out this top six.",0
"EdTech, HealthTech, and ProTech, each contributing 6%, complete this top-six categorical arrangement.",1
"Although entrepreneurial activity is widespread across the nation, the primary cities responsible for the most significant volume are three.",0
"Despite entrepreneurial activity demonstrating widespread distribution across the nation, three primary cities bear responsibility for the most substantial volumes.",1
"BogotÃ¡ accounts for 55%, MedellÃ­n for 25%, and Cali for 8%.",0
"BogotÃ¡ contributes 55%, MedellÃ­n accounts for 25%, Cali represents 8%.",1
"BogotÃ¡, the capital, serves as the country's economic and political center.",0
"BogotÃ¡, serving as the capital municipality, functions as the nation's economic and political epicenter.",1
Attracting a significant portion of venture capital and fostering a diverse range of startups.,0
Attracting substantial portions of venture capital investment while fostering diverse startup ranges.,1
"Its robust infrastructure, established universities, and concentration of large corporations create a fertile ground for innovation.",0
"Its robust infrastructural foundation, established university institutions, and large corporate concentrations generate fertile conditions for innovation.",1
"According to the Global Startup Ecosystem Index 2024, BogotÃ¡ boasts the highest-ranked startup ecosystem in Colombia.",0
"According to the Global Startup Ecosystem Index 2024, BogotÃ¡ maintains the highest-ranked startup ecosystem position within Colombia.",1
"Holds the second position in South America, and is ranked 63rd worldwide.",0
"Occupies the second positional rank in South America, achieving 63rd rank on worldwide scales.",1
"Sectors like fintech, e-commerce, and software development are particularly prominent.",0
"Sectors including fintech, e-commerce, and software development demonstrate particular prominence.",1
"MedellÃ­n, once known for its challenges, has undergone a remarkable transformation.",0
"MedellÃ­n, previously characterized by its challenges, has experienced remarkable transformational changes.",1
Emerging as a leading innovation hub.,0
Manifesting as a leading innovation hub center.,1
"The city's focus on technology and education, epitomized by initiatives like Ruta N, has significantly contributed to its entrepreneurial resurgence.",0
"The city's concentration on technology and education, exemplified through initiatives like Ruta N, has substantially contributed to its entrepreneurial revitalization.",1
"MedellÃ­n's strengths lie in digital media, biotechnology, and advanced manufacturing sectors.",0
"MedellÃ­n's strengths reside within digital media, biotechnology, and advanced manufacturing sectoral domains.",1
"Cali, the third-largest city, is establishing itself as a rising star in Colombia's entrepreneurial landscape.",0
"Cali, constituting the third-largest municipal entity, establishes itself as an ascending star within Colombia's entrepreneurial landscape.",1
"Traditionally known for its agricultural sector, Cali is diversifying its economy.",0
"Traditionally recognized for its agricultural sector, Cali undergoes economic diversification.",1
With a growing focus on technology and innovation.,0
Exhibiting expanding focus upon technology and innovation domains.,1
"Thanks to its reputable universities, the city possesses a strong talent pool.",0
"Attributable to its reputable university institutions, the city possesses substantial talent pool resources.",1
Particularly in engineering and computer science.,0
Particularly within engineering and computer science disciplinary areas.,1
Colombia's entrepreneurial ecosystem is characterized by a strong sense of community and collaboration.,0
Colombia's entrepreneurial ecosystem receives characterization through a robust sense of community and collaborative interaction.,1
"Events and conferences provide platforms for entrepreneurs to connect, learn, and pitch their ideas.",0
"Events and conference gatherings furnish platforms enabling entrepreneurs to establish connections, acquire knowledge, and present their conceptual ideas.",1
"While each city offers distinct advantages, they collectively contribute to the nation's burgeoning innovation landscape.",0
"While each municipal entity offers distinctive advantages, they collectively contribute to the nation's expanding innovation landscape.",1
"The government's continued support, coupled with the increasing availability of funding and talent, suggests that Colombia's entrepreneurial ecosystem will continue to flourish.",0
"The government's sustained support, combined with expanding funding availability and talent resources, suggests Colombia's entrepreneurial ecosystem will continue experiencing flourishment.",1
The concept of technical knowledge refers to the technical capacity and factual knowledge necessary to do the job.,0
The technical knowledge concept refers to the technical capacity and factual knowledge requisite for job performance.,1
"And are the technical competencies an individual possesses, acquired through educational learning and its practical application.",0
"Constituting technical competencies individuals possess, obtained through educational learning and practical application processes.",1
Which are generally associated with the knowledge necessary for the understanding and execution of tasks and processes.,0
Generally maintaining association with knowledge necessary for understanding and executing tasks and process operations.,1
"The so-called soft skills are defined as the combination of skills, attitudes, habits, and personality traits.",0
"The designated soft skills receive definition as combinations of skills, attitudes, habits, and personality trait characteristics.",1
That allow people to perform better in the workplace.,0
Enabling people to demonstrate enhanced workplace performance.,1
Complementing the technical knowledge necessary to do their job.,0
Complementing the technical knowledge requisite for job performance.,1
And influencing the way they behave and interact with others.,0
While influencing their behavioral patterns and interactive engagement with others.,1
"""In this paper, a monad-based denotational model is introduced and shown adequate for the Proto-Quipper family of calculi, themselves being idealized versions of the Quipper programming language. The use of a monadic approach allows us to separate the value to which a term reduces from the circuit that the term itself produces as a side effect.""",0
"This investigation presents a monadic denotational paradigm demonstrated as sufficient for the Proto-Quipper calculi family, representing idealized Quipper programming language iterations. Through monadic methodology employment, we achieve separation between term reduction values and concomitantly generated circuit side effects.",1
"In turn, this enables the denotational interpretation and validation of rich type systems in which the size of the produced circuit can be controlled.",0
"Consequently, this facilitates denotational semantic interpretation and validation of sophisticated type systems wherein produced circuit dimensions remain controllable.",1
"Notably, the proposed semantic framework, through the novel concept of circuit algebra, suggests forms of effect typing guaranteeing quantitative properties about the resulting circuit, even in presence of optimizations.",0
"Remarkably, the advanced semantic framework, via the innovative circuit algebra conceptualization, proposes effect typing modalities ensuring quantitative attributes regarding resultant circuits, notwithstanding optimization presence.",1
Quantum computing promises to revolutionize various sub-fields within computer science by solving complex problems exponentially faster than classical computing.,0
Quantum computational paradigms pledge revolutionary transformation across computer science sub-domains through exponentially accelerated resolution of intricate problems relative to classical computation.,1
"This technology leverages the concept of quantum bits (or qubits), a unit of information whose dynamics is governed by the rules of quantum mechanics, thus enabling superposition and entanglement, keys to the aforementioned speedup.",0
This technological framework exploits quantum bit conceptualizationâ€”information units whose dynamical behavior adheres to quantum mechanical principlesâ€”thereby enabling superposition and entanglement phenomena fundamental to aforementioned acceleration.,1
"To harness this potential, several programming languages have been developed specifically for quantum computing, such as Q#, Qiskit, and Cirq.",0
"Capitalizing upon this potential, numerous programming languages have been engineered specifically for quantum computational applications, encompassing Q#, Qiskit, and Cirq.",1
"In turn, fields like program verification have adapted well-known techniques like abstract interpretation, type systems, and Hoare logic to these languages.",0
"Subsequently, domains such as program verification have accommodated established methodologies including abstract interpretation, type theoretical frameworks, and Hoare logical systems to these linguistic paradigms.",1
We can identify at least two ways to design a quantum programming language.,0
At minimum two distinct approaches for quantum programming language architecture can be discerned.,1
"On the one hand, we could simply allow programs written in traditional programming languages to access not only classical data but also quantum data.",0
"Primarily, we could facilitate programs authored in conventional programming languages to access both classical and quantum data structures.",1
"The latter cannot be used the same way as the former, and is rather supported by specific initialization, modification, and reading operations.",0
"The latter cannot be manipulated identically to the former, instead requiring specialized initialization, modification, and reading operations.",1
"As an example, the reading of a qubit value, often called a measurement, can alter its value and has, in general, a probabilistic outcome, thus being substantially different from the corresponding classical operation.",0
"Exemplifying, qubit value readingâ€”termed measurementâ€”can modify its value while exhibiting probabilistic outcomes generally, thereby differing substantially from analogous classical operations.",1
"In programming languages of this kind, the quantum data are assumed to be stored in an external device accessible interactively through the aforementioned operations.",0
"Within such programming linguistic frameworks, quantum data are presumed stored within external devices accessible interactively via aforementioned operations.",1
"This model, often indicated with the acronym QRAM, is adopted by a multitude of proposals in the literature.",0
"This paradigm, frequently denoted by the QRAM acronym, has been adopted across numerous literary proposals.",1
"In theory, QRAM languages are the natural adaptation of classical programming languages to the quantum world.",0
"Theoretically, QRAM languages constitute natural adaptations of classical programming paradigms to quantum computational realms.",1
"In practice, however, quantum hardware architectures can hardly be programmed interactively: not only is the number of qubits available very small, but the time within which computation must be completed should itself be minimized, given that the useful lifespan of a qubit is short.",0
"Pragmatically, however, quantum hardware architectures scarcely accommodate interactive programming: available qubit quantities remain severely constrained, while computational completion temporal windows necessitate minimization given qubits' abbreviated functional lifespans.",1
"Consequently, quantum architectures typically take as input a whole quantum circuit, i.e. a precise description of all the necessary qubits and the operations to be performed on them.",0
"Consequently, quantum architectures typically accept comprehensive quantum circuits as inputâ€”specifically, exhaustive descriptions of requisite qubits and operations to be executed upon them.",1
"This circuit must therefore be available in its entirety, preferably already subjected to an aggressive optimization process.",0
"Such circuits must therefore exist in complete form, optimally having undergone intensive optimization procedures.",1
"In such a context, so-called circuit description languages (CDLs for short) are to be preferred, and most mainstream languages in the field, including Qiskit and Cirq, are of this nature.",0
"Within such contexts, circuit description languagesâ€”abbreviated CDLsâ€”merit preference, with predominant field languages including Qiskit and Cirq exhibiting this characteristic.",1
"CDLs are high-level languages used to describe and generate circuits, a quintessential example being the quantum circuit.",0
"CDLs constitute high-level linguistic frameworks employed for circuit description and generation, with quantum circuits representing quintessential exemplification.",1
"Circuits are typically seen like any other ordinary data structure, with specific operations on them available through, e.g., methods or subroutines.",0
"Circuits are conventionally regarded as ordinary data structures, with specialized operations accessible via methodologies or subroutine mechanisms.",1
Directly manipulating circuits from within a classical program offers the advantage of having more direct control over their shape and size.,0
Direct circuit manipulation within classical programs confers advantages of enhanced control over their dimensional and structural characteristics.,1
"This is crucial given the state of quantum hardware architectures today, which provide a limited number of error-prone qubits, and for which not all operations can be implemented at the same cost.",0
"This proves critical given contemporary quantum hardware architectural states, providing constrained error-susceptible qubit quantities, wherein operations exhibit variable implementation costs.",1
"A peculiar circuit description language is Quipper. In Quipper, circuits are not just like any other data structure. Rather, they are seen as the by-product of certain effect-producing computations that modify some underlying quantum circuit when executed.",0
"Quipper represents a distinctive circuit description language wherein circuits transcend ordinary data structures, instead constituting by-products of effect-generating computations modifying underlying quantum circuits upon execution.",1
"This, combined with the presence of higher-order functions and operations meant to turn any term (of an appropriate type) into a circuit, makes Quipper a very powerful and flexible idiom.",0
"This characteristic, coupled with higher-order function presence and term-to-circuit conversion operations for appropriately-typed terms, renders Quipper exceptionally potent and adaptable.",1
"Its metatheory has been the subject of quite some investigations by the programming language community in the last years, with contributions ranging from advanced type systems to fancy features like dynamic lifting to denotational semantics.",0
"Its metatheoretical foundations have undergone substantial investigation by the programming language community recently, with contributions spanning advanced type systems, sophisticated features like dynamic lifting, and denotational semantics.",1
"This last aspect of Quipper, in particular, has been studied by providing semantic models for some of the languages of the so-called Proto-Quipper family, which includes various calculi, such as Proto-Quipper-M, Proto-Quipper-D, Proto-Quipper-Dyn, etc.",0
"This terminal aspect of Quipper has been particularly examined through semantic model provision for certain Proto-Quipper family languages, encompassing diverse calculi including Proto-Quipper-M, Proto-Quipper-D, Proto-Quipper-Dyn, and analogous variants.",1
"In these cases, such semantics are built around concepts such as that of a presheaf and turn out to take the shape of a LNL model.",0
"Within these instances, such semantic constructions center upon presheaf conceptualizations, ultimately manifesting as LNL model configurations.",1
A by-product of the use of presheaves is that the interpretation of the term and the underlying circuit are somehow merged into a single mathematical object.,0
A consequential artifact of presheaf utilization involves term interpretation and underlying circuit mergence into singular mathematical constructs.,1
"As a result, it is difficult to read interesting features of the underlying circuit from the interpretation of a term or closure: what the circuit does and what the program does to produce the circuit are inextricably coupled.",0
"Resultantly, extracting interesting underlying circuit characteristics from term or closure interpretations proves challenging: circuit functionality and program actions generating said circuit remain inextricably intertwined.",1
"This coupling, in turn, prevents those models from adequately accounting for variants of the Proto-Quipper family that are specifically designed to control the shape of the produced circuits, and more specifically to derive upper bounds on the size of the latter.",0
"This coupling subsequently prevents such models from adequately addressing Proto-Quipper family variants specifically engineered for produced circuit shape control, particularly regarding derived upper dimensional bounds.",1
"The correctness of these systems has been proved by purely operational means, and a denotational semantics for them is still missing.",0
"These systems' correctness has been established through purely operational methodologies, while denotational semantic frameworks remain absent.",1
This ultimately makes such systems somewhat rigid and complicates their definition.,0
This ultimately renders such systems somewhat inflexible while complicating their definitional formulation.,1
The aim of this paper is precisely to give a denotational semantics to languages in the Proto-Quipper family in which the interpretation of terms is kept separate from that of the produced circuit.,0
This paper's objective specifically encompasses providing denotational semantics to Proto-Quipper family languages wherein term interpretation remains segregated from produced circuit interpretation.,1
This is achieved by seeing circuit building as an indexed monad.,0
This is accomplished by conceptualizing circuit construction as an indexed monadic structure.,1
"Remarkably, this new point of view allows us to give semantics to languages such as Colledan and Dal Lago's Proto-Quipper-R, and even allows us to justify some of their peculiarities.",0
"Remarkably, this novel perspective enables semantic provision for languages such as Colledan and Dal Lago's Proto-Quipper-R, additionally permitting justification of certain peculiarities.",1
"The introduced semantic framework suggests a natural way to unify so-called local and global circuit metrics, at the same time allowing the definition of metrics that go substantially beyond those proposed by Colledan and Dal Lago, in particular accounting for simple forms of circuit optimization.",0
"The introduced semantic framework proposes natural unification methodologies for local and global circuit metrics, simultaneously enabling metric definitions substantially transcending Colledan and Dal Lago's proposals, particularly accommodating elementary circuit optimization forms.",1
"First, we give a simple type system for Proto-Quipper. The introduced system is a slight variation on the theme of Proto-Quipper-M, whereas the input to the circuit produced by each effectful functional term needs to be exposed in its type and thus becomes an integral part of the arrow type, turning it into a closure type.",0
"Primarily, we establish a straightforward type system for Proto-Quipper, constituting a modest Proto-Quipper-M thematic variation, wherein circuit input produced by each effectful functional term necessitates type-level exposure, thereby becoming an integral arrow type component, transforming it into closure type configuration.",1
"This change, as we will explain in the next section, seems inevitable since, without it, it would not be possible to know even the nature, i.e. the type, of the circuit produced by the term in question.",0
"This modification, as subsequent sections elucidate, appears inevitable since absent this alteration, even ascertaining the circuit natureâ€”specifically, its typeâ€”produced by the term under consideration would prove impossible.",1
"Noticeably, closure types are present in Colledan and Dal Lago's most recent contribution.",0
"Observably, closure types manifest within Colledan and Dal Lago's most contemporary contribution.",1
We call this calculus with closure type Proto-Quipper-C.,0
We designate this closure-type calculus as Proto-Quipper-C.,1
We then show that Atkey's indexed monad is an appropriate framework for giving denotational semantics to Proto-Quipper-C.,0
"Subsequently, we demonstrate that Atkey's indexed monad constitutes an appropriate framework for Proto-Quipper-C denotational semantic provision.",1
By treating circuits as (pre)monoidal morphisms and considering the category-action indexed monadâ€”a many-sorted generalization of the writer monadâ€”we maintain a clear separation between the value a term evaluates to and the circuit produced alongside the evaluation.,0
Through circuit treatment as (pre)monoidal morphisms while considering the category-action indexed monadâ€”representing a many-sorted writer monad generalizationâ€”we preserve distinct separation between term evaluation values and concomitantly produced circuits.,1
"Proto-Quipper-C is interpreted in the parameterized Freyd category induced by this indexed monad, making explicit how 'parameters', computations, and circuits interact as these three notions are interpreted in different categories.",0
"Proto-Quipper-C receives interpretation within the parameterized Freyd category induced by this indexed monad, explicitly demonstrating parameter, computation, and circuit interaction as these three concepts receive interpretation across distinct categories.",1
The semantics is proved both sound and computationally adequate.,0
The semantics undergoes proof establishment for both soundness and computational adequacy.,1
"We then move to richer type systems, where simple types are enriched by a form of effect typing.",0
"We subsequently transition toward enriched type systems, wherein simple types experience augmentation through effect typing modalities.",1
"The model based on indexed monads remains adequate, and suggests an abstract notion of circuit algebra, through which it is possible to capture various circuit metrics (including all those considered by Dal Lago and Colledan), but also new forms of metrics induced by assertion-based circuit optimization schemes.",0
"The indexed monad-based model maintains adequacy while proposing an abstract circuit algebra conceptualization, through which diverse circuit metrics become capturableâ€”encompassing all Dal Lago and Colledan considerationsâ€”alongside novel metric forms induced by assertion-based circuit optimization methodologies.",1
We briefly discuss how dependent types might be incorporated into both the syntax and semantics of the variant of Proto-Quipper-C (without effect typing) introduced earlier.,0
We concisely deliberate dependent type incorporation into both syntactic and semantic dimensions of the previously introduced Proto-Quipper-C variant absent effect typing.,1
"On the semantic side, this is achieved by applying the families construction to the denotational model of Proto-Quipper-C in the spirit of fibered adjunction models.",0
"Semantically, this is accomplished through families construction application to Proto-Quipper-C's denotational model following fibered adjunction model principles.",1
"Typically, a program written in a CDL is just a program in a mainstream programming language (e.g. Python, Haskell, or dialects thereof) whose purpose is that of facilitating the construction of (quantum) circuits which, once built, can then be sent to quantum hardware for their evaluation, or merely simulated through high-performance classical hardware.",0
"Typically, CDL-authored programs constitute mainstream programming language programsâ€”exemplified by Python, Haskell, or dialectical variantsâ€”whose purpose encompasses facilitating quantum circuit construction which, upon completion, can be transmitted to quantum hardware for evaluation or alternatively simulated via high-performance classical hardware.",1
"A program written in any CDL, and particularly in Quipper, does not describe a single circuit but a family of circuits, depending on some parameters, e.g. a number n representing the number of input qubits, or, in the case of Shor's algorithm, the size of the natural number to be factored.",0
"A program developed using a circuit description language—especially Quipper—defines not a single circuit but a collection of circuits parameterized by variables such as the number of input qubits or, for algorithms like Shor’s, the magnitude of the integer being factored.",1
"TypeDis is a type system inspired by region types, where each type is annotated with a timestamp, identifying the task that allocated it.",0
"Drawing inspiration from region-based typing mechanisms, TypeDis incorporates temporal annotations within its type structure, wherein every type receives a timestamp designation that identifies the computational task responsible for its allocation.",1
Disentanglement is a runtime property of parallel programs guaranteeing that parallel tasks remain oblivious to each other's allocations.,0
"A fundamental runtime characteristic of concurrent computational systems, disentanglement ensures that simultaneously executing tasks maintain complete unawareness regarding memory allocation operations performed by their parallel counterparts.",1
"The MaPLe compiler and run-time system can exploit disentanglement for fast automatic memory management, especially task-local garbage collection with no synchronization between parallel tasks.",0
"Leveraging the disentanglement property, the MaPLe compilation framework alongside its runtime infrastructure achieves expedited automated memory administration, particularly through task-localized garbage collection mechanisms that operate without necessitating synchronization across concurrent tasks.",1
TypeDis supports iso-recursive types as well as polymorphism over both types and timestamps.,0
The TypeDis framework accommodates iso-recursive type structures while simultaneously providing polymorphic capabilities that span across both conventional type parameters and temporal timestamp annotations.,1
"Timestamps are allowed to change during type-checking, at join points as well as via a form of subtyping, dubbed subtiming.",0
"Throughout the type-checking process, temporal annotations possess mutability characteristics, permitting modifications at synchronization junctures and through a specialized subtyping mechanism termed subtiming.",1
"A peculiar circuit description language is Quipper. In Quipper, circuits are not just like any other data structure. Rather, they are seen as the by-product of certain effect-producing computations that modify some underlying quantum circuit when executed.",0
"Quipper represents a distinctive circuit description language wherein quantum circuits transcend conventional data structure categorization. Instead, these circuits manifest as consequential artifacts generated by effectful computational operations that alter the foundational quantum circuit during execution phases.",1
The coupling prevents those models from adequately accounting for variants of the Proto-Quipper family that are specifically designed to control the shape of the produced circuits.,0
This intrinsic connection impedes the models' capability to properly accommodate Proto-Quipper language variants that have been deliberately engineered for exerting control over the structural characteristics of generated circuits.,1
"We give a simple type system for Proto-Quipper. The introduced system is a slight variation on the theme of Proto-Quipper-M, whereas the input to the circuit produced by each effectful functional term needs to be exposed in its type.",0
"Our contribution encompasses a straightforward typing discipline for Proto-Quipper, constituting a nuanced modification of the Proto-Quipper-M paradigm, wherein the circuit input corresponding to every effectful functional expression requires explicit manifestation within its type signature.",1
We show that Atkey's indexed monad is an appropriate framework for giving denotational semantics to Proto-Quipper-C.,0
Our research demonstrates that the indexed monad construction introduced by Atkey provides a suitable foundational structure for establishing denotational semantic interpretations of the Proto-Quipper-C language.,1
"By treating circuits as (pre)monoidal morphisms and considering the category-action indexed monad, we maintain a clear separation between the value a term evaluates to and the circuit produced alongside the evaluation.",0
"Through the conceptualization of circuits as morphisms within a premonoidal categorical framework and leveraging the category-action indexed monad construction, we achieve explicit demarcation between the resultant value obtained from term evaluation and the concomitant circuit generation occurring during this evaluative process.",1
"We then move to richer type systems, where simple types are enriched by a form of effect typing.",0
"Subsequently, our investigation progresses toward more elaborate typing disciplines, wherein foundational type structures undergo augmentation through the incorporation of effect-typing mechanisms.",1
"The model based on indexed monads remains adequate, and suggests an abstract notion of circuit algebra, through which it is possible to capture various circuit metrics.",0
"The indexed monad-based model maintains its adequacy while simultaneously proposing an abstracted conceptualization of circuit algebra, facilitating the characterization of diverse circuit measurement methodologies.",1
We briefly discuss how dependent types might be incorporated into both the syntax and semantics of the variant of Proto-Quipper-C introduced earlier.,0
Our discussion concisely addresses the potential integration of dependent type theory into the syntactic and semantic frameworks of the previously introduced Proto-Quipper-C variant.,1
This is achieved by applying the families construction to the denotational model of Proto-Quipper-C in the spirit of fibered adjunction models.,0
"This accomplishment manifests through the application of families construction methodology to Proto-Quipper-C's denotational model, adhering to the conceptual framework established by fibered adjunction models.",1
"A program written in any CDL, and particularly in Quipper, does not describe a single circuit but a family of circuits, depending on some parameters.",0
"Programs authored within circuit description languages, with particular emphasis on Quipper, do not characterize individual circuits but rather parameterized families of circuits contingent upon various parameters.",1
"The ability to describe families of circuits enables Quipper to succinctly and elegantly describe quantum algorithms, thus having a pragmatic impact.",0
"The capability to specify circuit families empowers Quipper with succinct and elegant quantum algorithm descriptions, thereby yielding substantial practical implications.",1
"Most forms of denotational semantics for the Proto-Quipper family are based on presheaves, and enjoy a constructive property.",0
Predominant denotational semantic approaches for the Proto-Quipper language family rely upon presheaf-theoretic foundations while maintaining constructive properties.,1
"Some judgments cannot be interpreted as a family of circuits in the same way, including terms with free variables with a function type.",0
"Certain typing judgments resist interpretation as circuit families through conventional means, particularly those encompassing terms containing free variables of functional types.",1
This implies that modular reasoning about the produced circuits cannot be easily performed within the model.,0
"Consequently, compositional reasoning concerning generated circuits becomes challenging to execute within this modeling framework.",1
This paper introduces a denotational semantics for a CDL in which every judgment is interpreted as a family of circuits whose types are uniquely defined.,0
The present work establishes a denotational semantic framework for circuit description languages wherein each typing judgment receives interpretation as a circuit family characterized by uniquely determined types.,1
The mathematical object represents a family of pairs indexed by the parametric part of the context where each element is a value and circuit pair.,0
"This mathematical construct embodies a parameterically-indexed family of value-circuit duets, with indexing determined by the parametric component of the typing context.",1
The fact that every judgment is interpreted as a family of circuits is important since it allows us to compositionally reason about the family of circuits generated by a program.,0
"The interpretation of each judgment as a circuit family holds significance, as this property enables compositional reasoning regarding the circuit families produced through program execution.",1
"The timestamps in our setting are somewhat analogous to regions, with parent-child relationships between timestamps and the up-pointer invariant of TypeDis bearing resemblance to the stack discipline of region-based memory management systems.",0
"Within our framework, temporal annotations exhibit conceptual similarities to regions, whereby hierarchical relationships among timestamps alongside TypeDis's up-pointer invariant mirror the stack-oriented discipline characteristic of region-based memory management paradigms.",1
"In region-based systems, allocations may occur within any region, and all values within a region are all deallocated at the same moment.",0
"Region-based systems permit allocation operations across arbitrary regions, with all values residing within a given region undergoing simultaneous deallocation.",1
"In contrast, in TypeDis, allocations only ever occur at the current timestamp, and timestamps tell you nothing about deallocation.",0
"Conversely, TypeDis constrains allocations exclusively to the present timestamp, while temporal annotations provide no information regarding deallocation timing.",1
"Each timestamp in TypeDis is associated with a task within a nested fork-join task structure, and values with the same timestamp are all allocated by the same task or one of its subtasks.",0
"Within TypeDis, every temporal annotation maintains association with a task positioned within a hierarchically nested fork-join task architecture, ensuring that values sharing identical timestamps originate from allocation operations performed by either that task or its descendant subtasks.",1
"Latent programs are represented in a latent space, a compressed feature space preserving meaningful data features and placing similar points adjacently.",0
Programs within the latent paradigm receive representation in a compressed latent space that maintains significant data characteristics while positioning semantically similar points in proximate locations.,1
Related work explores how neural networks can understand or benefit from program execution.,0
Extant research investigates the mechanisms through which neural network architectures can comprehend or derive advantages from program execution processes.,1
Neural surrogates are neural networks designed to approximate complex programs and are typically trained on a subset of the input-output space.,0
"Surrogate neural networks constitute architectures specifically engineered for approximating intricate programs, generally undergoing training on partial subsets of the input-output domain.",1
Smooth interpretation takes a different route: it smooths the semantics of a symbolic program to expose continuous parameters amenable to gradient-based optimization.,0
"The smooth interpretation methodology adopts an alternative trajectory, applying smoothing techniques to symbolic program semantics thereby revealing continuous parameters suitable for gradient-based optimization procedures.",1
Several works have proposed using machine learning to repair programs.,0
Multiple research contributions have advocated for the utilization of machine learning methodologies in program repair applications.,1
LLMs are used to repair programs both in single-turn and agentic setups.,0
Large language models find application in program repair scenarios encompassing both single-turn interactions and agentic configurations.,1
"There has been significant work on developing static techniques, especially type systems, to guarantee correctness and safety properties for parallel and concurrent programs.",0
"Substantial research efforts have concentrated on establishing static verification techniques, with particular emphasis on type-theoretic approaches, aimed at ensuring correctness and safety properties within parallel and concurrent program domains.",1
The idea of ownership has been exploited to rule out races and deadlocks among threads.,0
The ownership concept has been leveraged to eliminate data races and deadlock conditions arising among concurrent thread executions.,1
"Ownership is also enforced by linear type systems, which rule out races by construction and have been successfully employed in message-passing concurrency.",0
"Linear type systems similarly enforce ownership constraints, inherently precluding race conditions through their construction and demonstrating successful application in message-passing concurrent paradigms.",1
"The approach has then been popularized by Rust, in particular, focusing on statically restricting aliasing and mutability.",0
"This methodological approach subsequently gained prominence through the Rust programming language, which particularly emphasizes static restrictions on aliasing and mutability characteristics.",1
"Much of these related works focus on the hazards of concurrency: data races, race conditions, non-determinism, and similar issues.",0
"A considerable portion of related research concentrations target concurrency hazards encompassing data races, race conditions, non-deterministic behavior, and analogous complications.",1
"Disentanglement and by extension TypeDis focuses on an equally important but different issue, namely, the performance of parallel programs.",0
"The disentanglement property, and consequently the TypeDis framework, addresses an equally critical yet distinct concern pertaining to parallel program performance characteristics.",1
TypeDis in particular is designed to allow for unrestricted sharing of immutable data mixed with disentangled sharing of mutable data.,0
TypeDis specifically receives design for permitting unbounded sharing of immutable data structures while maintaining disentangled sharing of mutable data elements.,1
"This support for data sharing is motivated by the implementation of efficient parallel algorithms, many of which rely upon access to shared memory with irregular and/or data-dependent access patterns.",0
"The rationale for this data-sharing support originates from efficient parallel algorithm implementations, numerous instances of which depend upon shared memory access featuring irregular or data-dependent access patterns.",1
We consider one such implementation as a case study and confirm that it is typeable under TypeDis.,0
"Our investigation examines one such implementation as an illustrative case study, verifying its typeability within the TypeDis framework.",1
The key results presented are discussed and analyzed in detail.,0
The fundamental findings undergo comprehensive discussion and analytical examination.,1
"Of the software startups surveyed, 89% are in the Antioquia, Cundinamarca, and Valle del Cauca regions.",0
"Among the surveyed software startup enterprises, an overwhelming 89% maintain operational presence within the Antioquia, Cundinamarca, and Valle del Cauca regional territories.",1
"These departments include, respectively, MedellÃ­n, BogotÃ¡, and Cali, cities highlighted as the most dynamic in Colombia's entrepreneurial ecosystem.",0
"These departmental regions encompass, in respective order, the municipalities of MedellÃ­n, BogotÃ¡, and Cali, urban centers distinguished as exhibiting the greatest dynamism within Colombia's entrepreneurial ecosystem.",1
"Regarding the representatives of the ventures that responded to the survey, 90% hold executive roles in their respective ventures.",0
"Concerning the venture representatives providing survey responses, 90% occupy executive positions within their corresponding startup organizations.",1
The executive roles held by most respondents indicate that they possess enough knowledge and authority to respond appropriately to the survey.,0
The executive positions maintained by the majority of respondents signify their possession of sufficient knowledge and authoritative capacity for furnishing appropriate survey responses.,1
"From the production knowledge table, four software production activities directly related to product engineering emerge as the most valued.",0
"Emerging from the production knowledge classification, four software production activities maintaining direct relationship with product engineering surface as receiving highest valuation.",1
"Requirements engineering, prototyping, coding, and software testing form the essential backbone of successful software development.",0
"The foundational pillars of successful software development comprise requirements engineering, prototyping, coding, and software testing activities.",1
"In the dynamic and often resource-constrained environment of software startups, their relevance becomes even more pronounced and critical for survival and growth.",0
"Within the dynamic and frequently resource-limited milieu characteristic of software startups, these activities assume heightened relevance, becoming critical determinants for organizational survival and expansion.",1
Requirements Engineering in a software startup involves identifying the core value and translating it into a Minimum Viable Product.,0
"Within software startup contexts, Requirements Engineering encompasses the identification of core value propositions and their subsequent translation into Minimum Viable Product specifications.",1
"Startups must quickly validate ideas, and prioritized requirements ensure initial efforts target the most crucial functionalities for a clear user need.",0
"Startup organizations necessitate rapid idea validation, wherein prioritized requirements guarantee that initial developmental efforts concentrate on functionalities most crucial for addressing clearly defined user needs.",1
Knowledge about prototyping is exceptionally valuable for an entrepreneurial team in the early stages of a software startup.,0
Prototyping knowledge possesses exceptional value for entrepreneurial teams operating within early-stage software startup phases.,1
It provides a rapid and cost-effective way to visualize and test their core ideas before committing significant resources to full-scale development.,0
This knowledge furnishes rapid and economically efficient mechanisms for visualizing and testing core conceptual ideas prior to committing substantial resources toward full-scale development initiatives.,1
"Coding in a startup requires technical skill and speed. Building a solid, scalable system is vital.",0
"Startup coding operations demand both technical proficiency and expeditious execution, with the construction of robust, scalable systems constituting a vital requirement.",1
"Startups often need to release a functional product quickly to secure funding, attract users, and stay competitive.",0
"Startup organizations frequently face imperatives to release functional products expeditiously for securing funding, attracting user bases, and maintaining competitive positioning.",1
"Software testing is often seen as a luxury in startups with limited resources, but it is essential to prevent costly failures.",0
"Despite resource constraints common in startups often relegating software testing to perceived luxury status, its essential nature in preventing expensive failures remains undeniable.",1
"Releasing buggy software can damage reputation, erode trust, and risk the startup's survival.",0
"The release of defect-laden software carries potential for reputational damage, trust erosion, and jeopardization of startup organizational survival.",1
"In the early stages, founding teams tend to place a higher value on knowledge related to project planning and management, agile methodologies, and change management.",0
"During initial developmental stages, founding teams demonstrate propensity for assigning elevated value to knowledge domains encompassing project planning and management, agile methodologies, and change management practices.",1
"Quantum computation is a realm where information is stored on the state of objects governed by the laws of quantum physics. This model of computation is believed to provide important speedup for many applications, ranging from high-performance computing to optimisation.",0
"The paradigm of quantum computing encompasses a domain wherein data resides within states of entities constrained by quantum mechanical principles. This computational framework purportedly confers substantial acceleration across diverse applications, spanning from high-performance computational tasks to optimization endeavors.",1
"The typical execution flow for quantum programs relies on the notion of quantum coprocessor: the quantum memory is stored in an external device, seen as a coprocessor to a CPU, similar to what happens for a GPU, for instance.",0
"Analogous to GPU architectures, quantum program execution conventionally leverages a quantum coprocessor paradigm wherein quantum memory persists in an auxiliary apparatus functioning as a CPU adjunct.",1
A measurement's result is a classical piece of information that might be stored for later use or discarded. Such a series of instructions is represented by a quantum circuit.,0
The outcome derived from measurement operations constitutes classical data potentially retained for subsequent utilization or eliminated. This instructional sequence finds representation through quantum circuit constructs.,1
"Known as the deferred measurement principle, a result from folklore states that measurements and discards can be postponed to the end of the computation.",0
"The deferred measurement theorem, an established principle within the field, articulates that measurement operations alongside discard procedures may be relegated to the computational terminus.",1
"Quantum circuit transformations turn a circuit into another (equivalent) quantum circuit. Such techniques are key components of the quantum software stack, whether for optimisation, adaptation to hardware capabilities in terms of qubits and connectivity, error correction, circuit robustification, one-way measurement.",0
"Circuit transformation methodologies in quantum systems facilitate conversion between functionally equivalent quantum circuits. These techniques constitute pivotal elements within quantum software infrastructure, encompassing optimization protocols, hardware capability adaptation concerning qubit resources and interconnectivity, error mitigation strategies, circuit fortification, and unidirectional measurement paradigms.",1
"Current methodologies for automatic equivalence checking predominantly focus on purely quantum, unitary circuits. This restriction is becoming increasingly unrealistic as physical chips progress.",0
Contemporary automated equivalence verification approaches exhibit predominant emphasis upon purely unitary quantum circuits. Such constraints manifest progressively impractical characteristics concomitant with advancing physical chip implementations.,1
"A first difficulty is that hybrid quantum computation is, by nature, non-deterministic: the functional behaviour of a quantum program is a branching probabilistic structure instead of a linear trace.",0
"Primarily, hybrid quantum computational paradigms inherently embody non-deterministic characteristics wherein program functional behavior manifests as probabilistic branching architectures rather than linear sequential traces.",1
"A second difficulty is that a quantum program manipulates both quantum and classical registers. Some of these registers might contain garbage, i.e. data that should not be considered as output.",0
"Subsequently, quantum programs necessitate manipulation across both quantum and classical register domains. Certain registers potentially harbor extraneous dataâ€”colloquially termed garbageâ€”which ought not constitute output considerations.",1
"Discarding quantum information is not innocuous, as it corresponds to tracing it out: discarding corresponds to a measurement and is then a probabilistic process.",0
"The elimination of quantum information constitutes a non-trivial operation, as it correlates with trace-out procedures wherein discard operations correspond to measurement events, thereby manifesting probabilistic process characteristics.",1
The measurement operation induces a deep conceptual shift from a (quantum) deterministic process purely modelled in linear algebra to a stochastic process acting on a mix of quantum states and usual data structures.,0
Measurement procedures precipitate profound conceptual transitions from deterministic quantum processes exclusively characterized through linear algebraic frameworks toward stochastic processes operating upon heterogeneous amalgamations of quantum states and conventional data constructs.,1
"We clarify the current landscape of hybrid circuit equivalence checking. In particular, we draw the separation between circuits with and without discards and the induced partitioning of equivalence cases.",0
"Our contribution elucidates the contemporary terrain of hybrid circuit equivalence verification. Specifically, we delineate demarcations between discard-inclusive and discard-exclusive circuits alongside resultant equivalence classification stratifications.",1
We propose a generic method based on deferred measurement that extends unitary circuit equivalence checkers to support hybrid circuits.,0
We introduce a generalized methodology predicated upon deferred measurement principles that augments unitary circuit equivalence verification mechanisms to accommodate hybrid circuit architectures.,1
"We introduce a verification tool, SQbricks, dedicated to hybrid circuit equivalence checking, included when discard is at stake.",0
"Our work presents SQbricks, a specialized verification instrument engineered for hybrid circuit equivalence assessment, particularly addressing scenarios wherein discard operations constitute integral components.",1
"Equivalence checking of purely unitary circuits is prevalent among the state-of-the-art. One can cite AutoQ, Feynman, SliQEC, and PyZX.",0
"Purely unitary circuit equivalence verification predominates within contemporary state-of-the-art approaches. Notable exemplars encompass AutoQ, Feynman, SliQEC, and PyZX implementations.",1
"To the best of our knowledge, only QCEC and VeriQC address the equivalence checking of hybrid quantum circuits. However, concrete implementations are limited to the case without discard.",0
"According to our comprehensive assessment, exclusively QCEC and VeriQC tackle hybrid quantum circuit equivalence verification. Nonetheless, practical implementations exhibit constraints, specifically restricting applicability to discard-free scenarios.",1
"QCEC relies on a combination of ZX-calculus, Decision Diagrams, Simulation, and deferred measurement for hybrid circuit equivalence. Yet, the approach is limited to the narrow case of hybrid circuits with no discards.",0
"The QCEC framework employs an integrated methodology encompassing ZX-calculus, Decision Diagram representations, simulation techniques, and deferred measurement protocols for hybrid circuit equivalence assessment. Nevertheless, this approach manifests limitations, specifically constraining applicability to restricted hybrid circuit categories absent discard operations.",1
VeriQC implements measurement and classical control in quantum circuits using Tensor Decision Diagrams. The authors have already identified one of the main challenges in hybrid circuit equivalence verification: managing discards.,0
"Utilizing Tensor Decision Diagram frameworks, VeriQC operationalizes measurement and classical control mechanisms within quantum circuits. The researchers have previously recognized a principal challenge confronting hybrid circuit equivalence verification: discard management protocols.",1
"The interaction with the quantum coprocessor consists of emitting a sequence of initialisation, unitary gates, measurements, and discards, potentially classically controlled by the result of previous measurements.",0
"Quantum coprocessor interaction encompasses sequential emission of initialization procedures, unitary gate operations, measurement protocols, and discard operations, potentially governed through classical control mechanisms contingent upon antecedent measurement outcomes.",1
"As an example of a hybrid circuit, the teleportation protocol operates over mixed quantum and classical data and describes the transmission of a quantum state from Alice to Bob.",0
"The teleportation protocol exemplifies hybrid circuit architectures, functioning across heterogeneous quantum-classical data domains while characterizing quantum state transmission from Alice's input register toward Bob's observable register.",1
"The circuit consists of three quantum wires and two classical wires. It employs three types of gates: the Hadamard gate, the controlled NOT gate and the phase gate.",0
"This circuit architecture incorporates three quantum wire channels alongside two classical wire pathways. Gate implementations encompass three categorical types: Hadamard transformations, controlled NOT operations, and phase rotation gates.",1
"Measurement is a non-deterministic process, described by the so-called Born's rule, with results stored in classical wires.",0
"Measurement procedures constitute non-deterministic operations characterized through Born's probabilistic rule, yielding outcomes preserved within classical wire structures.",1
"The deferred measurement is a circuit transformation that postpones all measurements to the end by replacing classical controls with quantum controls, leaving the inner circuit purely unitary.",0
"Deferred measurement constitutes a circuit transformation methodology that relegates all measurement operations to the computational terminus through substituting classical control mechanisms with quantum control alternatives, thereby rendering the internal circuit exclusively unitary in nature.",1
"This transformation preserves the semantics, resulting in equivalent circuits. The output circuit consists of a round of initialisations, a unitary block, and a round of measurements, possibly immediately followed by discards.",0
"Semantic preservation characterizes this transformation, yielding functionally equivalent circuit constructs. The resultant circuit manifests sequential initialization phases, unitary operational blocks, and measurement phases potentially succeeded immediately by discard procedures.",1
An alternative to matrix representation has recently been proposed: path-sums. This symbolic representation gives a more compact representation for purely quantum circuits.,0
Recently proposed alternatives to matrix-based representations encompass path-sum methodologies. These symbolic frameworks confer more compact representational schemas specifically advantageous for purely quantum circuit architectures.,1
"The name refers to Feynman's paths, where the quantum evolution of a system is represented as a weighted sum of possible paths. In the path-sums formalism, these weights are parameterised by the input basis states.",0
"The nomenclature derives from Feynman path integral formulations wherein quantum system evolution finds representation as weighted summations across feasible trajectory paths. Within path-sum formalisms, weight parameters correspond to input basis state configurations.",1
"Path-sums are over-expressive: two circuits corresponding to the same linear operation might have distinct path-sum representations. To reconcile such equivalence representations, path-sums come with an equational theory.",0
Path-sum representations exhibit over-expressive characteristics whereby functionally identical linear operations may manifest disparate path-sum formulations. Reconciliation of such equivalence representations necessitates accompanying equational theoretical frameworks.,1
We claim the presence or the absence of discards to be the main difficulty in the equivalence checking of hybrid circuits. It straightforwardly generates a three classes typology of hybrid circuit equivalence instances.,0
Our assertion posits that discard presence or absence constitutes the principal complexity factor within hybrid circuit equivalence verification. This distinction directly engenders a tripartite taxonomic classification of hybrid circuit equivalence instance categories.,1
"DisFree concerns circuits without discards. The primary applications of DisFree involve dynamising unitary circuits: basically, the transformation inverse of the deferred measurement.",0
"The DisFree classification addresses discard-absent circuit architectures. Primary DisFree applications encompass unitary circuit dynamization procedures, essentially constituting inverse transformations relative to deferred measurement protocols.",1
"Dis is the most generic equivalence task over hybrid circuits including teleportation, one-way measurement, error correction, optimisations with ancillas. Most of the non-reversible quantum processes require the use of ancillas and discards.",0
"The Dis category represents the most comprehensive equivalence verification task encompassing hybrid circuits, including teleportation protocols, unidirectional measurement procedures, error correction mechanisms, and ancilla-based optimization strategies. Predominantly, non-reversible quantum computational processes necessitate ancilla utilization alongside discard operations.",1
"Mix is the mixed case, where one circuit is with discards, and the second is without. With Mix, we can verify the equivalence between unitary and hybrid circuits resulting from transformations such as one-way measurement or teleportation.",0
The Mix classification addresses heterogeneous scenarios wherein one circuit incorporates discard operations while the counterpart circuit excludes them. Mix facilitates equivalence verification between unitary and hybrid circuit architectures emergent from transformations including unidirectional measurement or teleportation protocols.,1
"Given a circuit C, the deferred measurement transformation isolates the initialisation, unitary, and measurement components, obtaining a IUM circuit.",0
"For any specified circuit C, deferred measurement transformation procedures effectuate isolation of initialization, unitary, and measurement constituents, thereby yielding IUM circuit architectures.",1
"A central result of this paper consists in characterising the relationship between the equivalence of two circuits possibly with measures and discards, and the equivalence of their deferred measurement versions.",0
"A pivotal contribution of this research encompasses characterization of correlations between equivalence properties of two circuits potentially incorporating measurement and discard operations, and equivalence attributes of their deferred measurement formulations.",1
"If the unitary blocks behave equivalently over non-discarded qubits and after initialisation, one can directly infer the hybrid equivalence between the circuits.",0
"Provided unitary operational blocks manifest equivalent behavioral characteristics across non-discarded qubit registers subsequent to initialization procedures, hybrid equivalence between circuit constructs may be directly inferred.",1
"While our method pre-processes hybrid circuits along the deferred measurement transformation, it does not properly apply the principle. Instead, it builds a logical over-approximation of the equivalence relation.",0
"Although our methodology incorporates preprocessing of hybrid circuits via deferred measurement transformation protocols, it diverges from strict principle application. Alternatively, it constructs logical over-approximation frameworks of equivalence relations.",1
The implementation comprises two parts: the SQbricks-Verif component implements a path-sum calculus to perform unitary verification and partial equivalence checking.,0
Implementation architecture encompasses dual components wherein the SQbricks-Verif module operationalizes path-sum computational frameworks for executing unitary verification alongside partial equivalence assessment procedures.,1
"The SQbricks-Lifting component focuses on our generic lifting method, based on the deferred measurement transformation.",0
The SQbricks-Lifting module concentrates upon our generalized lifting methodology predicated upon deferred measurement transformation protocols.,1
"Circuits are built from a pseudo-universal set of gates, comprising H, X, U1 and combined through sequence and quantum control. Furthermore, the user can explicitly indicate the address of qubits that are discarded.",0
"Circuit constructions derive from pseudo-universal gate assemblages encompassing H, X, U1 components synthesized through sequential composition and quantum control mechanisms. Additionally, users possess capability to explicitly designate qubit addresses subject to discard operations.",1
SQbricks-Lifting implements deferred measurement to extend unitary equivalence verification tools to hybrid circuits. This approach maintains consistency between hybrid circuit classes while ensuring broad interoperability.,0
"Through deferred measurement implementation, SQbricks-Lifting augments unitary equivalence verification instruments to accommodate hybrid circuit architectures. This strategy preserves consistency across hybrid circuit categorical classifications while guaranteeing extensive interoperability capabilities.",1
"We evaluate SQbricks-Lifting with the state-of-the-art unitary circuit verification tools including AutoQ, Feynman, PyZX and QCEC in addition to SQbricks-Verif.",0
"Our evaluation encompasses SQbricks-Lifting assessment against contemporary state-of-the-art unitary circuit verification frameworks including AutoQ, Feynman, PyZX, and QCEC implementations, supplemented by SQbricks-Verif analysis.",1
We selected two libraries of quantum circuits in OpenQASM commonly used in the literatureâ€”VeriQBench and the Feynman library plus a hybrid implementation of the Shor algorithm.,0
Our selection incorporated dual quantum circuit libraries formatted in OpenQASM notation prevalent within academic literatureâ€”specifically VeriQBench and Feynman repositoriesâ€”augmented by hybrid Shor algorithm implementations.,1
"For each library, we only retained the circuits that SQbricks could parse. This results in a compilation of 420 unitary circuits and 204 hybrid circuits.",0
Library retention criteria restricted inclusion to circuits amenable to SQbricks parsing capabilities. This filtering procedure yielded a compilation encompassing 420 unitary circuit instances alongside 204 hybrid circuit specimens.,1
"We consider circuit transformations including Qiskit with an optimisation level of 3, One-Way Measurement, and Teleportation protocol.",0
"Our consideration encompasses circuit transformation methodologies including Qiskit compiler operations configured at optimization level 3, One-Way Measurement protocols, and Teleportation procedures.",1
"For DisFree challenges, path-sum based methods achieved perfect success rates. In contrast, PyZX demonstrated limitations, failing to verify equivalence between two CSWAP variants.",0
"Across DisFree challenge categories, path-sum predicated methodologies attained flawless success metrics. Conversely, PyZX exhibited constraint manifestations, specifically failing equivalence verification between dual CSWAP variant implementations.",1
"PyZX showed scalability issues. For instance, PyZX took 534 seconds to verify a QPE instance of size 35, whereas Feynman verified an instance of size 42 in just 3 seconds.",0
"Scalability impediments characterized PyZX performance. Exemplifying this constraint, PyZX necessitated 534 seconds for QPE instance verification at magnitude 35, whereas Feynman accomplished verification of magnitude 42 instances within merely 3 seconds.",1
AutoQ successfully verified all circuit families for small instances but faced scalability challenges.,0
AutoQ demonstrated successful verification across all circuit family categories for diminutive instances yet encountered scalability impediments.,1
"Our approach successfully lifts unitary verification tools to handle hybrid DisFree cases, with path-sums showing superior performance compared to ZX-calculus and automata-based methods.",0
"Our methodological framework effectuates successful lifting of unitary verification instruments to accommodate hybrid DisFree scenarios, wherein path-sum approaches manifest superior performance metrics relative to ZX-calculus and automata-predicated methodologies.",1
"QCEC fails all 169 U-DC challenges, and incorrectly reports 27 non-equivalence proofs, indicating correctness issues.",0
"QCEC manifests failure across all 169 U-DC challenge instances, erroneously reporting 27 non-equivalence determinations, thereby indicating correctness deficiency concerns.",1
"With our lifting approach, all tools except AutoQ verify the entire VeriQC benchmark faster than VeriQC itself.",0
"Employing our lifting methodology, all verification instruments excluding AutoQ accomplish complete VeriQC benchmark verification with superior temporal efficiency relative to VeriQC's native performance.",1
"Our method effectively addresses a substantial portion of the Mix and Dis hybrid equivalence challenges, handling 39.5% of Dis and 67.7% of Mix.",0
"Our methodological framework efficaciously resolves substantial proportions of Mix and Dis hybrid equivalence challenge categories, specifically addressing 39.5% of Dis instances alongside 67.7% of Mix scenarios.",1
We also performed a sanity check consisting of 73 equivalence tasks with deliberately modified quantum circuits. All versions of Feynman and SQbricks successfully passed the sanity check with no false positives.,0
"Additionally, we executed sanity verification procedures encompassing 73 equivalence assessment tasks incorporating intentionally modified quantum circuit constructs. Feynman and SQbricks implementations universally succeeded in sanity validation protocols absent false positive detections.",1
"During our experiments, we uncovered two bugs in the Qiskit compiler: Angle approximation where Qiskit approximated small angles to 0, and Introduction of Floats where transformations introduced floating-point values instead of rational numbers.",0
"Experimental procedures revealed dual defects within Qiskit compiler implementations: specifically, angle approximation anomalies wherein Qiskit erroneously approximated diminutive angular values to zero, and floating-point introduction irregularities wherein transformation operations substituted rational numerical representations with floating-point value formats.",1
"Qiskit version 1.1.0 approximated small angles to 0, leading to incorrect circuit simplifications when quantum registers are over 42 qubits. This issue was fixed in version 1.4.0.",0
"Qiskit iteration 1.1.0 manifested erroneous approximation of minimal angular parameters to zero magnitudes, precipitating incorrect circuit simplification outcomes for quantum register configurations exceeding 42 qubit thresholds. Subsequent version 1.4.0 rectified this deficiency.",1
These findings highlight the practical utility of our method in identifying and mitigating approximation-related issues in quantum circuit transformations.,0
These discoveries underscore the pragmatic applicability of our methodological framework in detecting and ameliorating approximation-associated irregularities within quantum circuit transformation procedures.,1
"""Identifying the small subset of source code that repeatedly attracts bugs is critical for reducing long-term maintenance effort.""",0
The identification of code segments that consistently accumulate defects represents a crucial factor in minimizing sustained maintenance overhead and resource allocation.,1
"We define ExtremelyBuggy methods as those involved in more than one bug fix and present the first large-scale study of their prevalence, characteristics, and predictability.",0
"Our research introduces the concept of ExtremelyBuggy methodologies, characterized by their involvement in multiple defect remediation cycles, and conducts an unprecedented comprehensive investigation into their frequency of occurrence, distinguishing features, and forecasting potential.",1
"At their inception, these methods are significantly larger, more complex, less readable, and less maintainable than both singly-buggy and non-buggy methods.",0
"During their initial implementation phase, such methodologies demonstrate substantially greater size metrics, elevated complexity indicators, diminished readability scores, and reduced maintainability indices when compared to methods experiencing singular defects or those remaining defect-free.",1
Software maintenance is one of the most expensive phases of the development lifecycle.,0
The maintenance phase of software systems constitutes among the most financially burdensome stages throughout the entire developmental progression.,1
"A major contributor to this cost is the effort required to identify and correct software bugs, which alone can account for 50-70% of the total development costs.",0
"Accounting for approximately half to seven-tenths of aggregate development expenditures, the labor-intensive processes of bug identification and rectification emerge as principal cost drivers within this domain.",1
Prior bug prediction models predominantly focused on the class or file levels.,0
Historical approaches to defect forecasting predominantly concentrated their analytical efforts at granularities corresponding to classes or file-level structures.,1
"Unfortunately, these models remain underutilized in practice, at least partly because practitioners find it challenging to locate bugs at such coarse levels of granularity.",0
"Regrettably, such predictive frameworks experience limited adoption in real-world applications, attributable in substantial measure to the difficulties practitioners encounter when attempting to pinpoint defects at these relatively broad levels of structural abstraction.",1
A significant amount of recent research has focused on bug prediction at the method level granularity.,0
Contemporary investigative efforts have increasingly directed attention toward defect prediction mechanisms operating at the methodological granularity level.,1
"However, these models treat all buggy methods equally, without distinguishing between methods that were fixed once and those that required multiple bug fixes.",0
"Nevertheless, such predictive systems fail to differentiate among defect-prone methods, applying uniform treatment regardless of whether remediation occurred on a singular occasion or necessitated repeated interventions.",1
"In contrast to previous research, we focus on ExtremelyBuggy methodsâ€”methods that have required bug fixes more than onceâ€”because identifying them early could prevent a disproportionate number of future failures.",0
"Diverging from antecedent scholarly work, our investigation concentrates on those methodologies necessitating multiple corrective interventions, as their premature identification possesses the potential to forestall an inordinate quantity of subsequent system failures.",1
"To support this goal, we analyze the characteristics of ExtremelyBuggy methods in an effort to predict them at their inceptionâ€”that is, as soon as they are pushed to a software project.",0
"In furtherance of this objective, we conduct comprehensive analysis of the distinguishing attributes exhibited by ExtremelyBuggy methods, endeavoring to forecast their emergence at the very moment of their integration into software repositories.",1
We found that 0.04-6.63% of methods are ExtremelyBuggy.,0
Our empirical findings revealed that methods classified as ExtremelyBuggy constitute between four-hundredths and six point six three percent of the total methodological corpus.,1
"However, this small proportion of methods can often account for a large number of bug fixes in a project.",0
"Notwithstanding their relatively modest proportional representation, these methodologies frequently correlate with a disproportionately substantial quantity of defect remediation activities within project contexts.",1
"We found that, at their inception, ExtremelyBuggy methods are significantly larger, less readable, and have lower maintainability scores compared to both Buggy and NotBuggy methods.",0
"Our investigative results demonstrated that upon initial implementation, methods characterized as ExtremelyBuggy exhibit markedly elevated size metrics, diminished readability characteristics, and depressed maintainability evaluations relative to both single-defect and defect-free method categories.",1
"Unfortunately, our results indicate that machine learning algorithms perform poorly in distinguishing ExtremelyBuggy methods from other methods.",0
"Regrettably, the outcomes of our analytical procedures suggest that computational learning algorithms demonstrate suboptimal performance when tasked with differentiating ExtremelyBuggy methods from alternative methodological classifications.",1
"This is partly due to a significant class imbalance, as ExtremelyBuggy methods represent only a small fraction of the overall dataset.",0
"This performance deficiency derives partially from substantial distributional asymmetry within classification categories, given that ExtremelyBuggy methods comprise merely a marginal segment of the comprehensive data collection.",1
We conducted a thematic analysis on a curated dataset of 287 ExtremelyBuggy methods.,0
We executed a systematic thematic examination of a meticulously selected corpus encompassing two hundred eighty-seven methods classified as ExtremelyBuggy.,1
"For example, we found that methods that deal with the core logic and algorithms tend to become ExtremelyBuggy.",0
"Illustratively, our analytical findings indicated that methodologies responsible for implementing fundamental algorithmic logic and computational procedures demonstrate heightened susceptibility to achieving ExtremelyBuggy status.",1
"A substantial portion of our dataset originates from the work of Chowdhury et al., which comprises 774,051 Java methods drawn from 49 open-source projects.",0
"A considerable segment of our data collection derives from investigative work conducted by Chowdhury and colleagues, encompassing seven hundred seventy-four thousand fifty-one Java methodologies extracted from forty-nine open-source software initiatives.",1
"Each method in this dataset is accompanied by its complete change history and is enriched with metadata such as commit messages, timestamps, authorship information, and change types.",0
"Every methodology within this corpus is supplemented with comprehensive modification chronology and enhanced with supplementary information including commit annotations, temporal markers, contributor attribution, and modification categorizations.",1
We employed the GitHub REST API and the PyGitHub library to collect open-source projects.,0
"For the purpose of assembling open-source project repositories, we utilized the GitHub REST application programming interface in conjunction with the PyGitHub programmatic library.",1
We began by retrieving the 1000 most-starred GitHub repositories that satisfied several additional criteria.,0
Our collection process commenced with the acquisition of one thousand GitHub repositories demonstrating the highest star ratings while simultaneously fulfilling multiple supplementary qualification parameters.,1
"To ensure the quality and reliability of our dataset, we followed recommended best practices for mining GitHub data.",0
"In pursuit of data collection quality assurance and reliability guarantees, we adhered to established optimal methodologies for extracting information from GitHub repositories.",1
We restricted our search to repositories created within the past 15 years and excluded repositories that had been inactive for more than one year.,0
Our repository selection criteria incorporated temporal constraints limiting consideration to those established within the preceding fifteen-year period while eliminating those demonstrating inactivity exceeding a twelve-month duration.,1
We required repositories to contain at least 2000 commits to guarantee substantial change history.,0
"Our inclusion parameters mandated that candidate repositories possess a minimum of two thousand commit transactions, thereby ensuring adequate historical modification documentation.",1
"To obtain this historical information, we employed the CodeShovel tool.",0
"For the acquisition of this chronological developmental data, we implemented the CodeShovel analytical instrument.",1
"CodeShovel has demonstrated high accuracy in identifying method-level change histories and is robust to complex code transformations, including method relocations across files.",0
"The CodeShovel utility has exhibited superior precision in detecting method-granularity modification chronologies and demonstrates resilience when confronted with intricate code metamorphoses, encompassing methodological migrations across file boundaries.",1
"To reduce these false positives, Chowdhury et al. proposed removing the keyword issue and focusing on commit messages that contain both bug-related and fix-related keywords.",0
"In order to mitigate such spurious positive identifications, Chowdhury and colleagues advocated for the exclusion of the term 'issue' while concentrating analytical efforts on commit annotations containing both defect-associated and remediation-associated terminology.",1
"While handling tangled code changes remains an active research area, we conduct our analysis using three distinct datasets to mitigate the impact of tangled commits.",0
"Notwithstanding the ongoing investigative challenges associated with managing intertwined code modifications, we execute our analytical procedures employing three separate data collections to attenuate the influence of conflated commit transactions.",1
We used all the above-mentioned keywords and their variations and did not consider the problem of tangled changes.,0
We incorporated the complete set of previously enumerated keywords along with their lexical variants while abstaining from addressing the complications arising from entangled modifications.,1
"In this dataset we used the set of keywords introduced by Chowdhury et al., which aims at increasing the precision of bug-fix labeling.",0
"Within this particular data collection, we employed the keyword assemblage proposed by Chowdhury and colleagues, designed with the objective of enhancing the accuracy of defect-remediation classification.",1
"To remove the effects of tangled changes, we only labeled a change as a bug-fix if at most 1 method was changed in that commit.",0
"For the purpose of eliminating the confounding effects of intermingled modifications, we designated a change as constituting defect remediation exclusively when the commit transaction encompassed modifications to no more than a singular method.",1
The age of the methods in our dataset varies significantly.,0
The temporal characteristics of methodologies within our data corpus demonstrate substantial variability.,1
"This means that comparing newer methods to older methods may introduce bias, as older methods have more time to undergo changes and hence, undergo bug-fix related changes.",0
"This circumstance implies that comparative analyses between recently implemented and historically established methods possess the potential to introduce systematic bias, given that methodologies of greater age have experienced extended temporal intervals during which changes, including defect-remediation modifications, could accumulate.",1
"Due to this correlation, we removed all methods that are under 5 years old from our dataset.",0
"Consequent to this correlational relationship, we excised from our data collection all methodologies possessing ages inferior to five years.",1
"However, we still cannot directly compare methods that are 5 years old with those that are more than 5 years old for the aforementioned reasons.",0
"Nevertheless, direct comparative analysis between methodologies exhibiting precisely five years of age and those demonstrating greater longevity remains problematic due to the previously articulated rationale.",1
"Thus, we also remove all changes made after the first 5 years from the remaining methods.",0
"Consequently, we additionally eliminate all modifications transpiring subsequent to the initial five-year period from the residual methodologies under consideration.",1
"This, unfortunately, resulted in us losing 626,529 methods and all methods from the following 6 projects from our dataset.",0
"This procedural decision, regrettably, culminated in the forfeiture of six hundred twenty-six thousand five hundred twenty-nine methods, in addition to the complete methodological corpus from six distinct projects within our dataset.",1
"Since we are interested in the Extremely Bug-Prone methods, we care more about retaining change history.",0
"Given our investigative focus upon methodologies exhibiting extreme defect-proneness characteristics, we prioritize the preservation of comprehensive modification chronologies.",1
Here we see that 5 years allows us to retain approximately 90% of changes and approximately 85% of bugs while still saving approximately 50% of the methods in our dataset.,0
"The temporal threshold of five years facilitates the retention of roughly nine-tenths of all modifications and approximately eighty-five percent of documented defects, while concurrently achieving preservation economies of approximately one-half of the methodological corpus.",1
"The end result of this age-normalization is a dataset of 691,610 methods from 92 projects, where each method has exactly 5 years of change history.",0
"The culminating outcome of this chronological standardization procedure yields a data collection comprising six hundred ninety-one thousand six hundred ten methods derived from ninety-two distinct projects, wherein each methodology possesses precisely five years of documented modification history.",1
"For all three datasets, we assign each method to one of three categories based on the number of bug-fix commits in which it was involved.",0
"Across all three data collections, we allocate each methodology to one among three categorical classifications predicated upon the quantity of defect-remediation commit transactions in which said methodology participated.",1
NotBuggy: Methods that were never involved in a bug-fix commit.,0
The NotBuggy classification encompasses those methodologies that experienced zero involvement in any defect-remediation commit transaction.,1
Buggy: Methods that were involved in exactly one bug-fix commit.,0
The Buggy categorization includes those methodologies that participated in precisely one defect-remediation commit transaction.,1
ExtremelyBuggy: Methods that were involved in more than one bug-fix commit.,0
"The ExtremelyBuggy designation comprises those methodologies that engaged in multiple defect-remediation commit transactions, numbering greater than one.",1
Code metrics have traditionally served as indicators of quality and maintainability of code.,0
Computational code metrics have historically functioned as evaluative indicators for assessing both the quality characteristics and maintainability properties of software implementations.,1
"Size is one of the simplest metrics, yet it is considered one of the most important with regard to software quality and maintenance.",0
"Despite its fundamental simplicity, the size metric ranks among the most consequential indicators pertaining to software quality assessment and maintenance considerations.",1
We used the number of source lines of code without comments and blank lines as our size measurement.,0
Our size quantification methodology employed the enumeration of source code lines while excluding both commentary annotations and unoccupied line spaces.,1
The ability to read and understand existing code is an important part of software maintenance.,0
The capability to comprehend and interpret pre-existing code implementations constitutes a critical component of software maintenance activities.,1
Code readability can be broadly defined by how easy it is for a developer to understand the structure and flow of source code.,0
The readability characteristic of code may be comprehensively characterized by the degree of facility with which software developers can comprehend the organizational structure and logical progression of source code implementations.,1
Developers can more easily understand and therefore modify readable code with reduced risk of issues.,0
Software practitioners experience enhanced comprehension and consequently execute modifications upon readable code with diminished probability of introducing defects.,1
We used two distinct readability metrics in this paper: Buse et al. and Posnett et al.,0
"Within this scholarly work, we employed two separate readability quantification metrics, specifically those formulated by Buse and colleagues as well as those developed by Posnett and associates.",1
We used the McCabe metric to analyze the complexity of methods.,0
"For the purpose of analyzing methodological complexity characteristics, we implemented the McCabe quantification metric.",1
"This metric represents the number of independent paths in a method; the greater the number of paths, the more challenging it becomes to test the method thoroughly.",0
"This evaluative measure quantifies the count of independent execution pathways within a methodology; as the quantity of such pathways increases, the difficulty of conducting comprehensive testing procedures escalates proportionally.",1
"Hindle et al. proposed the proxy indentation metric, which performs similarly to the McCabe metric in capturing code complexity but, unlike McCabe, does not require a language-specific parser.",0
"Hindle and colleagues introduced the proxy indentation quantification approach, which demonstrates comparable efficacy to the McCabe metric in capturing code complexity characteristics while possessing the advantageous property of eliminating the requirement for language-specific parsing mechanisms.",1
"When methods are highly coupled, a bug within one method is more likely to affect another.",0
"Under conditions of elevated methodological coupling, the manifestation of a defect within one methodology exhibits increased probability of propagating adverse effects to interconnected methodologies.",1
"To measure this dependency between methods, we used totalFanOut, which is the total number of methods called by a given method.",0
"For quantifying this inter-methodological dependency relationship, we utilized the totalFanOut metric, which enumerates the aggregate quantity of methodologies invoked by any specified methodology.",1
"Maintainability Index is a composite software quality metric that integrates HalsteadVolume, which quantifies the amount of information a reader must process to comprehend the code's functionality, along with McCabe complexity and Size.",0
The Maintainability Index constitutes a synthesized software quality quantification that incorporates HalsteadVolumeâ€”which measures the informational processing burden required for code comprehensionâ€”in conjunction with McCabe complexity indicators and size measurements.,1
"It produces a single score designed to reflect the maintainability of a given method, where a higher score reflects better maintainability.",0
"This metric generates a singular numerical score engineered to represent the maintainability characteristics of a specified methodology, wherein elevated numerical values correspond to superior maintainability properties.",1
Nondeterminism makes parallel programs challenging to write and reason about.,0
The presence of nondeterministic behavior renders the composition and logical analysis of parallel computational programs substantially problematic.,1
"To avoid these challenges, researchers have developed techniques for internally deterministic parallel programming, in which the steps of a parallel computation proceed in a deterministic way.",0
"In order to circumvent such difficulties, scholarly investigators have formulated methodological approaches for internally deterministic parallel programming paradigms, wherein the sequential progression of parallel computational operations transpires in a deterministic manner.",1
Internal determinism is useful because it lets a programmer reason about a program as if it executed in a sequential order.,0
"The utility of internal determinism derives from its facilitation of programmer reasoning capabilities, permitting cognitive modeling of program execution as though operations transpired in sequential ordering.",1
"However, no verification framework exists to exploit this property and simplify formal reasoning about internally deterministic programs.",0
"Notwithstanding these advantages, there exists no verification infrastructure capable of leveraging this characteristic to streamline formal logical reasoning concerning internally deterministic program implementations.",1
"To capture the essence of why internally deterministic programs should be easier to reason about, this paper defines a property called schedule-independent safety.",0
"For the purpose of encapsulating the fundamental rationale underlying the enhanced reasoning simplicity of internally deterministic programs, this scholarly work establishes a characteristic designated as schedule-independent safety.",1
"A program satisfies schedule-independent safety, if, to show that the program is safe across all orderings, it suffices to show that one terminating execution of the program is safe.",0
A computational program fulfills the schedule-independent safety criterion when demonstrating safety across all possible execution orderings necessitates merely establishing that a singular terminating execution sequence exhibits safety properties.,1
We then present a separation logic called Musketeer for proving that a program satisfies schedule-independent safety.,0
"Subsequently, we introduce a separation logic framework denominated Musketeer, designed for the purpose of establishing that a computational program satisfies the schedule-independent safety property.",1
"Once a parallel program has been shown to satisfy schedule-independent safety, we can verify it with a new logic called Angelic.",0
"Following the demonstration that a parallel program conforms to schedule-independent safety requirements, we possess the capability to validate said program utilizing a novel logical framework designated Angelic.",1
Angelic allows one to dynamically select and verify just one sequential ordering of the program.,0
The Angelic framework facilitates the dynamic selection and subsequent verification of merely a singular sequential ordering arrangement of the program under consideration.,1
"Using Musketeer, we prove the soundness of MiniDet, an affine type system for enforcing internal determinism.",0
"Employing the Musketeer logical framework, we establish the soundness properties of MiniDet, an affine type system architecture engineered for the enforcement of internal determinism characteristics.",1
MiniDet supports several core algorithmic primitives for internally deterministic programming that have been identified in the research literature.,0
"The MiniDet system provides support for multiple fundamental algorithmic primitive constructs applicable to internally deterministic programming methodologies, such primitives having been documented within scholarly research literature.",1
All results in this paper have been verified in Rocq using the Iris separation logic framework.,0
The entirety of results presented within this scholarly document have undergone verification procedures within the Rocq theorem prover utilizing the Iris separation logic infrastructure.,1
One of the most challenging aspects of concurrent and parallel programming is dealing with nondeterminism.,0
Among the most formidable challenges encountered in concurrent and parallel programming domains stands the necessity of managing nondeterministic behavioral characteristics.,1
Bugs often arise because programmers struggle to reason about the set of all possible nondeterministic outcomes and interleavings.,0
Defects frequently emerge as a consequence of programmer difficulties in conducting comprehensive reasoning regarding the complete set of potential nondeterministic outcomes and interleaving configurations.,1
"Finding those bugs becomes more difficult, as testing can only cover a subset of possible outcomes.",0
"The identification of such defects experiences increased difficulty, attributable to the limitation that testing procedures possess the capacity to examine merely a subset of potential outcome scenarios.",1
"Even when bugs are found, nondeterminism makes them harder to reproduce and debug.",0
"Even subsequent to defect identification, nondeterministic characteristics render such defects more challenging to reproduce and subject to debugging procedures.",1
"These challenges also extend to formal methods for such programs, where nondeterminism makes various analyses and verification techniques more complex.",0
"Such difficulties additionally propagate to formal methodological approaches for these program categories, wherein nondeterministic properties augment the complexity of diverse analytical and verification techniques.",1
"For these reasons, there has long been interest in methods for deterministic parallel programming.",0
"On account of these considerations, sustained scholarly interest has existed concerning methodologies for deterministic parallel programming paradigms.",1
"A range of algorithmic techniques, language designs, type systems, specialized operating systems and runtimes, and various other approaches have been developed for making parallel programs deterministic.",0
"Diverse algorithmic techniques, programming language architectural designs, type system frameworks, specialized operating system implementations, runtime environments, and miscellaneous alternative approaches have undergone development for the purpose of rendering parallel programs deterministic.",1
"Researchers in this area have long noted that determinism is not simply a binary property, and in fact there is a spectrum of degrees of determinism.",0
"Scholars conducting investigations within this domain have extensively observed that determinism fails to constitute a merely binary characteristic, but rather manifests as a continuum encompassing varying degrees of deterministic properties.",1
"On one end of the spectrum is external determinism, which simply says that the input/output behavior of a program is deterministic.",0
"At one extremity of this conceptual spectrum resides external determinism, which merely stipulates that the input/output behavioral characteristics of a program exhibit deterministic properties.",1
"However, in an externally deterministic program, even if the final output is deterministic, the manner in which the computation takes place may be highly nondeterministic and vary across runs.",0
"Nevertheless, within externally deterministic program implementations, notwithstanding the deterministic nature of ultimate output, the methodological approach by which computational operations transpire may demonstrate substantial nondeterministic characteristics and exhibit variation across execution instances.",1
"A stronger property, called internal determinism, requires in addition that the structure and internal steps of a computation are deterministic.",0
"A more stringent characteristic, designated as internal determinism, additionally mandates that both the organizational structure and internal operational steps of a computational process exhibit deterministic properties.",1
"More formally, in an internally deterministic program, for a given input, every execution will generate the same computation graph.",0
"Expressed more formally, within an internally deterministic program implementation, for any specified input configuration, all execution sequences will generate identical computation graph structures.",1
"With this strong form of determinism, we can reason about the program's behavior by considering any one sequential traversal of operations in the computation graph.",0
"Leveraging this robust manifestation of deterministic properties, we acquire the capability to conduct logical reasoning regarding program behavioral characteristics by examining any singular sequential traversal pathway through the operations constituting the computation graph.",1
"Although ensuring internal determinism might seem expensive, Blelloch et al. have shown that by using a core set of algorithmic techniques and building blocks, it is possible to develop fast and scalable internally deterministic algorithms.",0
"Notwithstanding the apparent resource intensiveness of guaranteeing internal determinism, Blelloch and colleagues have demonstrated that through utilization of a fundamental collection of algorithmic techniques and compositional building blocks, the development of computationally efficient and scalable internally deterministic algorithms remains achievable.",1
"If one of the advantages of internal determinism is that it simplifies reasoning about programs, then it should be possible to exploit this property in the form of new reasoning rules in a program logic.",0
"Should one of the beneficial attributes of internal determinism reside in its capacity to streamline program reasoning processes, then the exploitation of this characteristic through the formulation of novel reasoning rules within a program logic framework should constitute a feasible endeavor.",1
"To do so, we first define a property we call schedule-independent safety, which holds for a parallel program if, to verify that every execution is safe, it suffices to prove that at least one interleaving of operations is terminating and safe.",0
"For this purpose, we initially establish a property denominated schedule-independent safety, which remains valid for a parallel program when verification of universal execution safety necessitates merely the demonstration that no fewer than one interleaving configuration of operations exhibits both termination and safety properties.",1
"Internal determinism implies schedule-independent safety, and it is this property that makes reasoning about internally deterministic programs simpler.",0
"Internal determinism logically entails schedule-independent safety, and this particular characteristic constitutes the foundation rendering the reasoning process concerning internally deterministic programs more straightforward.",1
"Building on this observation, we develop Musketeer, a separation logic for proving that a program satisfies schedule-independent safety.",0
"Constructing upon this observational insight, we formulate Musketeer, a separation logic framework designed for establishing that a program implementation satisfies schedule-independent safety requirements.",1
"Although Musketeer is formulated as a unary program logic, schedule-independent safety is a âˆ€âˆ€ hyperproperty, since it relates safety of any chosen execution of a program to all other executions.",0
"Despite Musketeer's formulation as a unary program logic construct, schedule-independent safety constitutes a universal-universal hyperproperty, given its establishment of relationships between the safety characteristics of any selected program execution and the complete set of alternative execution possibilities.",1
"Thus, to prove the soundness of Musketeer, we encode Musketeer triples into a new relational logic called ChainedLog.",0
"Consequently, for the purpose of establishing Musketeer's soundness properties, we encode Musketeer triple constructs into a novel relational logic framework designated ChainedLog.",1
"In contrast to most prior relational concurrent separation logics, which are restricted to âˆ€âˆƒ hyperproperties, ChainedLog supports âˆ€âˆ€ hyperproperties using a judgement we call a chained triple.",0
"In contradistinction to the majority of antecedent relational concurrent separation logic frameworks, which experience restriction to universal-existential hyperproperties, ChainedLog furnishes support for universal-universal hyperproperties through utilization of a judgment construct we denominate a chained triple.",1
"Intuitively, the high-level reasoning rules of Musketeer restrict the user to verify only internally-deterministic programs.",0
"From an intuitive perspective, the elevated-level reasoning rules incorporated within Musketeer impose restrictions upon users, confining verification activities exclusively to internally-deterministic program implementations.",1
"However, while internally deterministic programs always satisfy schedule-independent safety, the converse is false.",0
"Nevertheless, although internally deterministic programs invariably fulfill schedule-independent safety criteria, the reciprocal relationship fails to hold validity.",1
"A program may be nondeterministic because it observes actions from concurrent tasks, but it may do so without jeopardizing safety.",0
"A program implementation may exhibit nondeterministic characteristics attributable to its observation of actions originating from concurrent task executions, yet such observation may transpire without compromising safety properties.",1
We next explore how to exploit schedule-independent safety to simplify verification of programs.,0
We subsequently investigate methodological approaches for leveraging schedule-independent safety characteristics to streamline program verification procedures.,1
"To that end, we present a logic called Angelic that allows one to angelically select and verify one sequential ordering of operations in a parallel program.",0
"Toward that objective, we present a logical framework denominated Angelic that facilitates the angelic selection and subsequent verification of a singular sequential ordering arrangement of operations within a parallel program implementation.",1
Angelic is sound to apply to programs that satisfy schedule-independent safety because the safety and termination of the one ordering verified during the proof will imply safety for all other executions.,0
"The Angelic framework demonstrates soundness when applied to programs satisfying schedule-independent safety requirements, as the safety and termination properties of the singular ordering subjected to verification during proof procedures logically entail safety characteristics for all alternative execution possibilities.",1
"This is in contrast to standard concurrent separation logics, in which one must consider all possible orderings during a proof.",0
"This approach contrasts with conventional concurrent separation logic frameworks, wherein consideration of all potential ordering configurations constitutes a mandatory requirement during proof construction procedures.",1
"Using these logics, we verify a number of examples from the literature on internal determinism and related properties.",0
"Employing these logical frameworks, we conduct verification procedures upon multiple exemplar cases documented within scholarly literature concerning internal determinism and associated properties.",1
"First, we show how to use Musketeer to prove properties about language-based approaches for enforcing internal determinism.",0
"Initially, we demonstrate the utilization methodology of Musketeer for establishing properties pertaining to language-based approaches engineered for the enforcement of internal determinism.",1
"In particular, because Musketeer is a higher-order impredicative logic, Musketeer can encode logical relations models for type systems that are designed to enforce internal determinism.",0
"Specifically, attributable to Musketeer's characterization as a higher-order impredicative logic, Musketeer possesses the capability to encode logical relations models applicable to type systems architecturally designed for internal determinism enforcement.",1
We start by applying this to a simple ownership-based affine type system we call MiniDet.,0
We commence by applying this approach to a straightforward ownership-based affine type system framework that we designate MiniDet.,1
The resulting logical relations model for MiniDet shows that every well-typed program satisfies schedule-independent safety.,0
The consequent logical relations model constructed for MiniDet demonstrates that every program exhibiting well-typed characteristics satisfies schedule-independent safety requirements.,1
Next we use Musketeer to prove specifications for priority writes and deterministic concurrent hash sets.,0
"Subsequently, we employ Musketeer for establishing specifications pertaining to priority write operations and deterministic concurrent hash set data structures.",1
These are two of the core primitives that Blelloch et al. use in several of their examples of internally deterministic algorithms.,0
These constitute two among the fundamental primitive constructs that Blelloch and colleagues utilize across multiple exemplifications of internally deterministic algorithmic implementations.,1
